Site,snp_ID,Slope
1,CE10_chr1_865732,-0.10788316999890447
2,CE10_chr1_865732,-0.3850263715004566
3,CE10_chr1_865732,-0.12806322059026426
4,CE10_chr1_865732,-0.1833937704659396
5,CE10_chr1_865732,-0.15085233979032614
6,CE10_chr1_865732,0.5465665397039172
7,CE10_chr1_865732,-0.05505802088241352
8,CE10_chr1_865732,0.3764743325043191
9,CE10_chr1_865732,-0.04258344784765716
10,CE10_chr1_865732,0.19786887789616178
11,CE10_chr1_865732,-0.004882312484364449
12,CE10_chr1_865732,-0.11701257105892836
1,CE10_chr1_41675824,-0.6748010178503312
2,CE10_chr1_41675824,1.2078648409001433
3,CE10_chr1_41675824,-0.41087842276424974
4,CE10_chr1_41675824,-1.0067090517246977
5,CE10_chr1_41675824,-0.19041779406706494
6,CE10_chr1_41675824,6.608793989507734
7,CE10_chr1_41675824,-2.358615929162674e-7
8,CE10_chr1_41675824,1.1803720381821179e-7
9,CE10_chr1_41675824,-2.663979352435348e-7
10,CE10_chr1_41675824,6.003602394695483e-10
11,CE10_chr1_41675824,2.4639534787134406e-7
12,CE10_chr1_41675824,-21.973164369902342
1,CE10_chr2_2890930,1.4055420911013756e-13
2,CE10_chr2_2890930,-21.872921503207984
3,CE10_chr2_2890930,-2.663979352435348e-7
4,CE10_chr2_2890930,7.383418637892774e-12
5,CE10_chr2_2890930,1.487647315049536e-7
6,CE10_chr2_2890930,NA
7,CE10_chr2_2890930,-2.358615929162674e-7
8,CE10_chr2_2890930,NA
9,CE10_chr2_2890930,1.67928337765508e-10
10,CE10_chr2_2890930,1.8093034946773274e-10
11,CE10_chr2_2890930,2.4639534787134406e-7
12,CE10_chr2_2890930,2.131730895507176e-15
1,CE10_chr2_13563156,-20.629406547125377
2,CE10_chr2_13563156,2.726586399971062e-15
3,CE10_chr2_13563156,-5.400516763159204e-15
4,CE10_chr2_13563156,1.354253077655994
5,CE10_chr2_13563156,-0.4786497906450625
6,CE10_chr2_13563156,2.1825395872802378e-15
7,CE10_chr2_13563156,-0.26778501470206717
8,CE10_chr2_13563156,1.8461331095411635e-15
9,CE10_chr2_13563156,-2.9976366123004463e-15
10,CE10_chr2_13563156,0
11,CE10_chr2_13563156,0.5173862116116229
12,CE10_chr2_13563156,-3.9109723671179015e-15
1,CE10_chr2_41091592,-0.8386675989522004
2,CE10_chr2_41091592,22.019150273361333
3,CE10_chr2_41091592,2.685417941711255e-7
4,CE10_chr2_41091592,-1.3849167245146366e-13
5,CE10_chr2_41091592,0.23944417763941986
6,CE10_chr2_41091592,0.227123995962326
7,CE10_chr2_41091592,0.11653378718044004
8,CE10_chr2_41091592,1.8093034946773274e-10
9,CE10_chr2_41091592,-0.1725728117768447
10,CE10_chr2_41091592,0.14441262365248195
11,CE10_chr2_41091592,-0.006489107290770845
12,CE10_chr2_41091592,-3.9109723671179015e-15
1,CE10_chr2_44949494,21.30618301788782
2,CE10_chr2_44949494,-22.652690632193277
3,CE10_chr2_44949494,0.2640417991769502
4,CE10_chr2_44949494,0.3617537356710926
5,CE10_chr2_44949494,-0.038101949144819375
6,CE10_chr2_44949494,0.19396800756699797
7,CE10_chr2_44949494,-2.358615929162674e-7
8,CE10_chr2_44949494,-21.467456321766992
9,CE10_chr2_44949494,2.2568406616931199e-7
10,CE10_chr2_44949494,0.5626204883112033
11,CE10_chr2_44949494,-0.15473034685693937
12,CE10_chr2_44949494,4.1391441656201146e-10
1,CE10_chr4_9193464,-0.11822225139440883
2,CE10_chr4_9193464,0.18909420763611154
3,CE10_chr4_9193464,-0.10074694150660783
4,CE10_chr4_9193464,0.195334074302735
5,CE10_chr4_9193464,0.12747948425043967
6,CE10_chr4_9193464,0.21359414796185114
7,CE10_chr4_9193464,-2.358615929162674e-7
8,CE10_chr4_9193464,0.2014493844683472
9,CE10_chr4_9193464,0.12428458940044505
10,CE10_chr4_9193464,0.1741339404304957
11,CE10_chr4_9193464,0.05379513220174723
12,CE10_chr4_9193464,0.133769199569718
1,CE10_chr4_9195003,-0.18748724279178558
2,CE10_chr4_9195003,0.25725258590531974
3,CE10_chr4_9195003,0.04125791616470667
4,CE10_chr4_9195003,0.195334074302735
5,CE10_chr4_9195003,-0.1494771847234891
6,CE10_chr4_9195003,0.2497522765228548
7,CE10_chr4_9195003,-2.358615929162674e-7
8,CE10_chr4_9195003,0.32407066800984363
9,CE10_chr4_9195003,0.12668078460798932
10,CE10_chr4_9195003,0.161368763676339
11,CE10_chr4_9195003,-0.017169329499111242
12,CE10_chr4_9195003,0.13841038506040595
1,CE10_chr4_45367078,4.512749401447666e-15
2,CE10_chr4_45367078,2.726586399971062e-15
3,CE10_chr4_45367078,-5.400516763159204e-15
4,CE10_chr4_45367078,0.23244134643619688
5,CE10_chr4_45367078,0.40888812995357343
6,CE10_chr4_45367078,-6.226812790378196e-15
7,CE10_chr4_45367078,0.05345755153214779
8,CE10_chr4_45367078,19.997311294363247
9,CE10_chr4_45367078,-10.389399781419797
10,CE10_chr4_45367078,20.768969136567318
11,CE10_chr4_45367078,-9.527683162978274
12,CE10_chr4_45367078,-3.9109723671179015e-15
1,CE10_chr5_6592466,-0.11900452212382355
2,CE10_chr5_6592466,-0.04948617603387477
3,CE10_chr5_6592466,-1.0970905221287695
4,CE10_chr5_6592466,-7.877993263690932e-10
5,CE10_chr5_6592466,0.18043431860096115
6,CE10_chr5_6592466,-0.26790090892537516
7,CE10_chr5_6592466,-2.358615929162674e-7
8,CE10_chr5_6592466,1.1803720381821179e-7
9,CE10_chr5_6592466,-2.663979352435348e-7
10,CE10_chr5_6592466,-0.14470148207389152
11,CE10_chr5_6592466,2.4639534787134406e-7
12,CE10_chr5_6592466,0.026649052643292887
1,CE10_chr5_9830836,0.5873772996711122
2,CE10_chr5_9830836,0.11333204606107998
3,CE10_chr5_9830836,-0.5891957893300785
4,CE10_chr5_9830836,-1.892767199555209
5,CE10_chr5_9830836,0.06629824611727973
6,CE10_chr5_9830836,-0.48699851136192046
7,CE10_chr5_9830836,0.17069095121932285
8,CE10_chr5_9830836,0.057378237873493575
9,CE10_chr5_9830836,-0.28986217718565804
10,CE10_chr5_9830836,0.02892448440073655
11,CE10_chr5_9830836,-0.05326035032278028
12,CE10_chr5_9830836,-3.9109723671179015e-15
1,CE10_chr5_9836990,0.13173733543639607
2,CE10_chr5_9836990,0.023416743943857284
3,CE10_chr5_9836990,-0.2904257763244117
4,CE10_chr5_9836990,-1.7249653996622825
5,CE10_chr5_9836990,0.068458899838711
6,CE10_chr5_9836990,-0.2657408521339652
7,CE10_chr5_9836990,0.14710814812859208
8,CE10_chr5_9836990,-0.11925523635540972
9,CE10_chr5_9836990,-0.19293720519879967
10,CE10_chr5_9836990,-0.014653182481873942
11,CE10_chr5_9836990,0.26515658829476213
12,CE10_chr5_9836990,-3.9109723671179015e-15
1,CE10_chr5_9953812,0.5873772996711122
2,CE10_chr5_9953812,2.726586399971062e-15
3,CE10_chr5_9953812,-20.95878975805531
4,CE10_chr5_9953812,4.512749401447666e-15
5,CE10_chr5_9953812,-0.304882066318718
6,CE10_chr5_9953812,-0.154104986221058
7,CE10_chr5_9953812,-0.04684201161419082
8,CE10_chr5_9953812,0.04647983779708734
9,CE10_chr5_9953812,-0.4822274320037468
10,CE10_chr5_9953812,-0.07501222383872622
11,CE10_chr5_9953812,-0.10987255544787353
12,CE10_chr5_9953812,-3.9109723671179015e-15
1,CE10_chr5_10017855,0.5873772996711122
2,CE10_chr5_10017855,20.49704292029711
3,CE10_chr5_10017855,-0.13641997240025486
4,CE10_chr5_10017855,4.512749401447666e-15
5,CE10_chr5_10017855,-0.08395343978382278
6,CE10_chr5_10017855,0.1194823276776311
7,CE10_chr5_10017855,-0.14828529254516196
8,CE10_chr5_10017855,-0.1282788096111618
9,CE10_chr5_10017855,-0.3863807414962654
10,CE10_chr5_10017855,0.049237429932864195
11,CE10_chr5_10017855,-0.31240474934954404
12,CE10_chr5_10017855,-3.9109723671179015e-15
1,CE10_chr5_10019067,0.5873772996711122
2,CE10_chr5_10019067,2.726586399971062e-15
3,CE10_chr5_10019067,-0.09879679663124333
4,CE10_chr5_10019067,-0.872459119777516
5,CE10_chr5_10019067,-0.044545932710335114
6,CE10_chr5_10019067,0.09740368065306361
7,CE10_chr5_10019067,-0.23969303123496147
8,CE10_chr5_10019067,-0.23609122919324574
9,CE10_chr5_10019067,-0.510595529762177
10,CE10_chr5_10019067,-0.023077450182393402
11,CE10_chr5_10019067,-0.15197933540307715
12,CE10_chr5_10019067,-3.9109723671179015e-15
1,CE10_chr5_47349886,NA
2,CE10_chr5_47349886,7.522022881764827
3,CE10_chr5_47349886,-0.01433148638345431
4,CE10_chr5_47349886,1.40296223641602
5,CE10_chr5_47349886,-0.27921202891376107
6,CE10_chr5_47349886,-0.321153217843216
7,CE10_chr5_47349886,0.08261170822180577
8,CE10_chr5_47349886,-0.7753766700261158
9,CE10_chr5_47349886,21.835963682794247
10,CE10_chr5_47349886,-0.4096522087601168
11,CE10_chr5_47349886,-45.74761703841624
12,CE10_chr5_47349886,-6.672704581271216e-15
1,CE10_chr6_257233,-0.2769587053288977
2,CE10_chr6_257233,0.3979271952100517
3,CE10_chr6_257233,0.027286762324821575
4,CE10_chr6_257233,-0.14696832987104722
5,CE10_chr6_257233,-0.1445764019758554
6,CE10_chr6_257233,-0.10463194711091288
7,CE10_chr6_257233,9.73442231878037
8,CE10_chr6_257233,1.1803720381821179e-7
9,CE10_chr6_257233,-2.663979352435348e-7
10,CE10_chr6_257233,0.5485082673227265
11,CE10_chr6_257233,-0.5110493787299272
12,CE10_chr6_257233,-0.837628889599516
1,CE10_chr6_1416066,-0.4370765579857069
2,CE10_chr6_1416066,0.039672108280932594
3,CE10_chr6_1416066,0.31298535228565577
4,CE10_chr6_1416066,-7.877993263690932e-10
5,CE10_chr6_1416066,2.4639534787134406e-7
6,CE10_chr6_1416066,9.9888767861609e-8
7,CE10_chr6_1416066,-2.358615929162674e-7
8,CE10_chr6_1416066,1.1803720381821179e-7
9,CE10_chr6_1416066,-0.03909867992821112
10,CE10_chr6_1416066,6.003602394695483e-10
11,CE10_chr6_1416066,-0.5110493787299272
12,CE10_chr6_1416066,-0.07825332545244702
1,CE10_chr6_8042005,4.512749401447666e-15
2,CE10_chr6_8042005,1.8461331095411635e-15
3,CE10_chr6_8042005,0.05794142047100274
4,CE10_chr6_8042005,-0.08365876089309296
5,CE10_chr6_8042005,0.04987109002687101
6,CE10_chr6_8042005,0.09742475080452591
7,CE10_chr6_8042005,0.3361912471070156
8,CE10_chr6_8042005,NA
9,CE10_chr6_8042005,-2.9976366123004463e-15
10,CE10_chr6_8042005,1.2669540947831455e-15
11,CE10_chr6_8042005,0.055094407921729704
12,CE10_chr6_8042005,-3.9109723671179015e-15
1,CE10_chr6_53832299,20.513401106978232
2,CE10_chr6_53832299,0.18882699104382847
3,CE10_chr6_53832299,-0.255728486693496
4,CE10_chr6_53832299,0.25624389993413005
5,CE10_chr6_53832299,0.14831502645440425
6,CE10_chr6_53832299,-0.2527307378016497
7,CE10_chr6_53832299,0.28321348524930606
8,CE10_chr6_53832299,-0.024495181996184754
9,CE10_chr6_53832299,-0.1082116195266629
10,CE10_chr6_53832299,-0.12374491438604111
11,CE10_chr6_53832299,0.11155639806219063
12,CE10_chr6_53832299,-3.9109723671179015e-15
1,CE10_chr6_53835873,0.07700006317033016
2,CE10_chr6_53835873,-0.1279184663123076
3,CE10_chr6_53835873,-0.3369628648645702
4,CE10_chr6_53835873,-0.3027461457148217
5,CE10_chr6_53835873,0.23872623235702203
6,CE10_chr6_53835873,-0.16540477982069454
7,CE10_chr6_53835873,0.220231956430937
8,CE10_chr6_53835873,0.054151600966909526
9,CE10_chr6_53835873,-0.0027673290561466657
10,CE10_chr6_53835873,-0.3362579709032941
11,CE10_chr6_53835873,-0.06560228450898091
12,CE10_chr6_53835873,0.5157701749444686
1,CE10_chr6_53837035,-0.12234618405386105
2,CE10_chr6_53837035,-0.1640504481553836
3,CE10_chr6_53837035,-0.4676686246061314
4,CE10_chr6_53837035,0.517331459819333
5,CE10_chr6_53837035,2.4639534787134406e-7
6,CE10_chr6_53837035,2.2688453301701748e-7
7,CE10_chr6_53837035,-2.358615929162674e-7
8,CE10_chr6_53837035,-0.1953922732282703
9,CE10_chr6_53837035,0.08656437875759618
10,CE10_chr6_53837035,-1.0103100553652975
11,CE10_chr6_53837035,-0.21896323062930975
12,CE10_chr6_53837035,1.2237387505286392
1,CE10_chr6_53837813,-0.2077235751451037
2,CE10_chr6_53837813,-20.039456637667854
3,CE10_chr6_53837813,-0.4277509618671303
4,CE10_chr6_53837813,0.2957494741381537
5,CE10_chr6_53837813,0.2983836431291995
6,CE10_chr6_53837813,-0.18118352077581173
7,CE10_chr6_53837813,0.3298694589900194
8,CE10_chr6_53837813,0.11291358274051112
9,CE10_chr6_53837813,-0.030754450742939626
10,CE10_chr6_53837813,-0.19343420132273284
11,CE10_chr6_53837813,-0.14280997798491776
12,CE10_chr6_53837813,-3.9109723671179015e-15
1,CE10_chr6_60718601,-0.409043696931665
2,CE10_chr6_60718601,0.26314494047393333
3,CE10_chr6_60718601,-0.24103631087843763
4,CE10_chr6_60718601,0.12673749135102297
5,CE10_chr6_60718601,-0.075969118109896
6,CE10_chr6_60718601,0.26763185625496155
7,CE10_chr6_60718601,10.110884906239281
8,CE10_chr6_60718601,1.1803720381821179e-7
9,CE10_chr6_60718601,0.14947950868018203
10,CE10_chr6_60718601,19.369613594596
11,CE10_chr6_60718601,-0.09190330170083545
12,CE10_chr6_60718601,0.17239947917435192
1,CE10_chr7_4164614,-0.18903388226344495
2,CE10_chr7_4164614,2.726586399971062e-15
3,CE10_chr7_4164614,-0.17159348525418314
4,CE10_chr7_4164614,0.2356089088016789
5,CE10_chr7_4164614,0.26954112223146154
6,CE10_chr7_4164614,-6.226812790378196e-15
7,CE10_chr7_4164614,-0.11452896790592415
8,CE10_chr7_4164614,20.12115999423754
9,CE10_chr7_4164614,-0.003745529905989642
10,CE10_chr7_4164614,-0.35410949781605167
11,CE10_chr7_4164614,0.05309131609972813
12,CE10_chr7_4164614,-3.9109723671179015e-15
1,CE10_chr7_4172139,-0.06087476004967792
2,CE10_chr7_4172139,0.37903705000840077
3,CE10_chr7_4172139,0.7282739400115555
4,CE10_chr7_4172139,-1.3849167245146366e-13
5,CE10_chr7_4172139,10.098893720763957
6,CE10_chr7_4172139,2.2688453301701748e-7
7,CE10_chr7_4172139,-2.358615929162674e-7
8,CE10_chr7_4172139,1.1803720381821179e-7
9,CE10_chr7_4172139,0.08625101380328712
10,CE10_chr7_4172139,6.003602394695483e-10
11,CE10_chr7_4172139,-0.2805464243737846
12,CE10_chr7_4172139,-3.9109723671179015e-15
1,CE10_chr7_11015414,0.008528816791848227
2,CE10_chr7_11015414,0.25002905338169745
3,CE10_chr7_11015414,2.685417941711255e-7
4,CE10_chr7_11015414,5.034233391684059e-14
5,CE10_chr7_11015414,10.098893720763957
6,CE10_chr7_11015414,2.2688453301701748e-7
7,CE10_chr7_11015414,10.110884906239281
8,CE10_chr7_11015414,1.1803720381821179e-7
9,CE10_chr7_11015414,-2.663979352435348e-7
10,CE10_chr7_11015414,6.003602394695483e-10
11,CE10_chr7_11015414,0.014726602846369553
12,CE10_chr7_11015414,0.128646721584963
1,CE10_chr7_11303734,-0.1216332941680195
2,CE10_chr7_11303734,-0.6877080000971911
3,CE10_chr7_11303734,5.335862458876867e-10
4,CE10_chr7_11303734,7.383418637892774e-12
5,CE10_chr7_11303734,2.6724652400159953e-10
6,CE10_chr7_11303734,-9.617503217610515e-11
7,CE10_chr7_11303734,-2.358615929162674e-7
8,CE10_chr7_11303734,1.1803720381821179e-7
9,CE10_chr7_11303734,-2.663979352435348e-7
10,CE10_chr7_11303734,6.003602394695483e-10
11,CE10_chr7_11303734,2.4639534787134406e-7
12,CE10_chr7_11303734,-0.28125489466033554
1,CE10_chr7_18760873,-0.2641220797350748
2,CE10_chr7_18760873,0.08507015606601549
3,CE10_chr7_18760873,2.685417941711255e-7
4,CE10_chr7_18760873,-7.877993263690932e-10
5,CE10_chr7_18760873,10.098893720763957
6,CE10_chr7_18760873,2.2688453301701748e-7
7,CE10_chr7_18760873,10.110884906239281
8,CE10_chr7_18760873,1.1803720381821179e-7
9,CE10_chr7_18760873,-2.663979352435348e-7
10,CE10_chr7_18760873,6.003602394695483e-10
11,CE10_chr7_18760873,2.4639534787134406e-7
12,CE10_chr7_18760873,-3.9109723671179015e-15
1,CE10_chr7_23731913,4.512749401447666e-15
2,CE10_chr7_23731913,2.726586399971062e-15
3,CE10_chr7_23731913,-5.400516763159204e-15
4,CE10_chr7_23731913,-0.5666204843514594
5,CE10_chr7_23731913,-10.022942483297394
6,CE10_chr7_23731913,-6.226812790378196e-15
7,CE10_chr7_23731913,8.83499391096321e-15
8,CE10_chr7_23731913,NA
9,CE10_chr7_23731913,-0.44621267214497135
10,CE10_chr7_23731913,0.5552122272589098
11,CE10_chr7_23731913,-0.33162235402643137
12,CE10_chr7_23731913,-3.9109723671179015e-15
1,CE10_chr7_28948567,-0.39482794943238847
2,CE10_chr7_28948567,2.726586399971062e-15
3,CE10_chr7_28948567,-5.400516763159204e-15
4,CE10_chr7_28948567,4.512749401447666e-15
5,CE10_chr7_28948567,0.13376227379228947
6,CE10_chr7_28948567,-0.0786613444734303
7,CE10_chr7_28948567,0.12395816655146366
8,CE10_chr7_28948567,1.8461331095411635e-15
9,CE10_chr7_28948567,-2.9976366123004463e-15
10,CE10_chr7_28948567,0.09175351385232607
11,CE10_chr7_28948567,-9.527683162978274
12,CE10_chr7_28948567,-0.5127312420418026
1,CE10_chr7_30313559,4.512749401447666e-15
2,CE10_chr7_30313559,2.726586399971062e-15
3,CE10_chr7_30313559,-5.400516763159204e-15
4,CE10_chr7_30313559,7.050733921938874e-14
5,CE10_chr7_30313559,0.516220114846051
6,CE10_chr7_30313559,0.31421973957028426
7,CE10_chr7_30313559,0.33901225625834625
8,CE10_chr7_30313559,0.7786539678686751
9,CE10_chr7_30313559,-0.5622139544705131
10,CE10_chr7_30313559,0.07414121251081862
11,CE10_chr7_30313559,0.27180247600422286
12,CE10_chr7_30313559,-3.9109723671179015e-15
1,CE10_chr7_30623199,-0.1531256712759667
2,CE10_chr7_30623199,-0.6606420443056694
3,CE10_chr7_30623199,0.007804241688311569
4,CE10_chr7_30623199,-0.09393921247220725
5,CE10_chr7_30623199,0.30824700215109857
6,CE10_chr7_30623199,0.07336693196549224
7,CE10_chr7_30623199,10.345000058647617
8,CE10_chr7_30623199,6.97111072677014
9,CE10_chr7_30623199,0.04690567579905263
10,CE10_chr7_30623199,0.4395213901970973
11,CE10_chr7_30623199,0.12346117518038476
12,CE10_chr7_30623199,-3.9109723671179015e-15
1,CE10_chr7_40848773,-2.6799357145913818e-14
2,CE10_chr7_40848773,-22.01915024519144
3,CE10_chr7_40848773,2.685417941711255e-7
4,CE10_chr7_40848773,5.034233391684059e-14
5,CE10_chr7_40848773,2.4639534787134406e-7
6,CE10_chr7_40848773,2.2688453301701748e-7
7,CE10_chr7_40848773,-2.358615929162674e-7
8,CE10_chr7_40848773,1.1803720381821179e-7
9,CE10_chr7_40848773,-2.663979352435348e-7
10,CE10_chr7_40848773,6.003602394695483e-10
11,CE10_chr7_40848773,2.4639534787134406e-7
12,CE10_chr7_40848773,0.4483941297826348
1,CE10_chr7_45176171,-20.629406547125377
2,CE10_chr7_45176171,2.726586399971062e-15
3,CE10_chr7_45176171,-0.15530505561991373
4,CE10_chr7_45176171,0.36341871651455593
5,CE10_chr7_45176171,0.3459952947613658
6,CE10_chr7_45176171,0.5459989082561536
7,CE10_chr7_45176171,0.044963888922442005
8,CE10_chr7_45176171,1.8461331095411635e-15
9,CE10_chr7_45176171,-2.9976366123004463e-15
10,CE10_chr7_45176171,0
11,CE10_chr7_45176171,-0.2574516433053084
12,CE10_chr7_45176171,20.112765029310303
1,CE10_chr8_39535580,0.47294877640131094
2,CE10_chr8_39535580,0.5160852209329427
3,CE10_chr8_39535580,-0.2850076975657318
4,CE10_chr8_39535580,-1.0615791562335117
5,CE10_chr8_39535580,-0.05875565138800411
6,CE10_chr8_39535580,-0.15934755887638025
7,CE10_chr8_39535580,-0.19983532244142682
8,CE10_chr8_39535580,-0.05549710863851275
9,CE10_chr8_39535580,-0.13385001946450661
10,CE10_chr8_39535580,0.1947505019152669
11,CE10_chr8_39535580,-0.16277671167304053
12,CE10_chr8_39535580,0.17206688455250257
1,CE10_chr8_47752251,4.512749401447666e-15
2,CE10_chr8_47752251,2.726586399971062e-15
3,CE10_chr8_47752251,-20.95878975805531
4,CE10_chr8_47752251,4.512749401447666e-15
5,CE10_chr8_47752251,19.84385096251054
6,CE10_chr8_47752251,-6.226812790378196e-15
7,CE10_chr8_47752251,0.10045453875296548
8,CE10_chr8_47752251,-0.03774062561068417
9,CE10_chr8_47752251,0.3210578198421491
10,CE10_chr8_47752251,-0.05522640167824526
11,CE10_chr8_47752251,-10.127006533332935
12,CE10_chr8_47752251,-3.9109723671179015e-15
