chr_snp,P1,P2,P3,P4,P5,P6,P7,P8,P9,P10,P11,P12,P13,P14,P15,P16,P17,P18,P19,P20,P21,P22,P23,P24,P25,P26,P27,P28,P29,P30,P31,P32,P33,P34,P35,P36,P37,P38,P39,P40,P41,P42,P43,P44,P45,P46,P47,P48,P49,P50,P51,P52,P53,P54,P55,P56,P57,P58,P59,P60,P61,P62
CE10_chr1_865732,0.65,0.65,0.375,0.3888888888888889,0.5,0.55,0,0.25,0.2777777777777778,0.5,0.65,0.5714285714285714,0.3333333333333333,0.9,0.6666666666666666,0.7222222222222222,0.7142857142857143,0.8333333333333334,0.5833333333333334,0.8888888888888888,0.6,0.9166666666666666,0.7222222222222222,1,1,0.6428571428571429,1,1,0.75,0.6875,0.85,1,0.5,1,0.6666666666666666,0.375,1,0.6,0.95,1,0.8333333333333334,0.75,1,1,1,0.75,1,0.25,1,1,0.5,0.5,0.75,0,0.6,0.21428571428571427,0.3888888888888889,0.25,0.3333333333333333,0.3,0.5,0.35
CE10_chr1_1144907,0,0,0,0,0,0.1,0,0,0.1,0,0.45,0.5714285714285714,0.75,0.5,0.625,0.3888888888888889,0.5714285714285714,0.4,0.3333333333333333,0.75,0.6,0.3,0.5,0.7857142857142857,0.5,0,0,0.16666666666666666,0,0.1875,0,0,0,0,0.05555555555555555,0,0,0.08333333333333333,0,0,0,0,0,0,0,0,0,0.0625,0,0,0,0,0,0,0,0,0,0,0.16666666666666666,0,0,0
CE10_chr1_1521089,0.8888888888888888,0.2777777777777778,0.625,0.5555555555555556,0.75,0.2,1,0.3333333333333333,0.16666666666666666,0.3,1,1,1,1,NA,0.25,1,1,0.5,NA,0.875,1,1,0.6,1,0.5,0,0.3333333333333333,0.6,0.625,0.55,0.8333333333333334,0.3,0,0.25,0.25,0.5,0.125,0.7857142857142857,0.75,0.625,0.1,0.15,0.25,0,0,0,0,0.25,0.3,0.05555555555555555,0,0.375,0,0.7,0.2777777777777778,0.4375,0.375,0.5,0.2,0.5833333333333334,0.6
CE10_chr1_1568526,1,1,1,1,1,1,1,1,1,1,1,1,1,1,1,1,1,1,1,1,1,1,1,1,1,1,1,1,1,1,1,1,1,1,1,1,1,1,1,1,1,1,1,1,1,1,1,1,1,1,1,1,1,1,1,1,1,1,1,1,1,1
CE10_chr1_2508598,0.6,0.55,0.125,0.6666666666666666,0.3888888888888889,0.3,0.5,0.625,0.3,0.5,0.6,0.7857142857142857,0.6666666666666666,0.8,0.5,0.7222222222222222,0.75,0.5833333333333334,0.6666666666666666,0.75,0.7,0.8,0.7222222222222222,0.5,0.3333333333333333,0.35714285714285715,0.5,1,1,0.8125,0.8,0.875,0.6,0,0.6666666666666666,1,1,0.42857142857142855,0.8,0.8333333333333334,0.8,1,0.5,0.25,0.9375,1,1,0.125,0,0,0.1111111111111111,0.1111111111111111,0.875,0,0.2,0.6111111111111112,0.5625,0.16666666666666666,0.6666666666666666,0.2,0.5,0.5
CE10_chr1_4675850,1,1,1,0.9375,1,1,1,1,1,1,1,1,1,1,1,1,1,1,0.875,1,1,1,1,1,1,1,1,1,1,1,1,1,1,1,1,1,1,1,1,1,1,1,1,1,1,1,1,1,1,1,1,1,1,1,1,1,1,1,1,1,1,1
CE10_chr1_7256094,0.7222222222222222,0.6875,0.7857142857142857,0.8333333333333334,0.8888888888888888,0.9444444444444444,1,1,1,0.95,1,1,1,1,1,1,1,1,1,1,1,1,1,1,1,1,1,1,1,1,0.8333333333333334,1,1,1,0.8888888888888888,1,1,0.9285714285714286,0.7777777777777778,1,0.9166666666666666,0.8333333333333334,1,1,0.8125,1,1,1,0.9375,1,1,1,0.5,1,1,0.7222222222222222,0.8125,1,1,0.625,0.8571428571428571,0.9
CE10_chr1_7287063,0.7222222222222222,0.6,0.7142857142857143,0.2777777777777778,0.3125,0.55,0.5,0.9,0.75,0.6,0.8888888888888888,0.8571428571428571,0.9166666666666666,0.5,0.625,0.6666666666666666,0,0,0.3333333333333333,0.6111111111111112,0.75,0.3333333333333333,0.8333333333333334,0.7142857142857143,0.5,0.8571428571428571,1,1,1,1,1,1,0.7,1,1,1,1,0.6666666666666666,0.85,0.9166666666666666,0.75,0.75,0.4,0,0.14285714285714285,1,0,0,0.0625,0,0,0,0.875,0,0.7,0.8333333333333334,0.8333333333333334,0.75,0.6666666666666666,1,1,0.65
CE10_chr1_9096042,0.6666666666666666,1,1,1,1,1,1,NA,1,1,0.5,0.8333333333333334,0.9,1,0.875,1,1,1,0.9166666666666666,1,1,0.9166666666666666,1,1,0.8333333333333334,1,1,1,NA,1,1,1,NA,1,1,1,NA,NA,1,1,1,1,1,1,1,NA,1,1,1,1,1,1,0.75,1,NA,1,1,1,1,NA,1,1
CE10_chr1_9293767,0.9444444444444444,0.8,0.8125,0.8125,0.8888888888888888,0.75,1,0.75,0.95,1,0.95,1,1,1,1,1,1,1,1,1,1,1,1,1,1,1,1,1,1,1,1,1,1,1,1,1,1,1,1,1,1,1,1,1,0.9375,1,1,0.5,1,1,0.5555555555555556,0.5555555555555556,1,1,1,0.9444444444444444,0.7777777777777778,0.6666666666666666,0.8333333333333334,1,0.8333333333333334,0.8888888888888888
CE10_chr1_9695115,0,0.1,0,0,0,0,0,0,0,0,0.2,0.2857142857142857,0,0,0.125,0.625,0.5,0.9,0.6,0.7,0.3,0.25,0.05555555555555555,0.4,0,0.2857142857142857,0,0,0.3,0,0.2,0,0,0,0,0,0.5,0.5714285714285714,0,0.4166666666666667,0.25,0.16666666666666666,0.15,0,0,0,0,0,0,0,0,0,0,0,0,0,0,0,0,0,0,0
CE10_chr1_9779479,0.2777777777777778,0.25,0.0625,0.2777777777777778,0.2777777777777778,0.35,0,0.3,0.35,0.1111111111111111,1,1,1,1,1,0.8888888888888888,1,1,0.8333333333333334,1,1,0.6666666666666666,0.8888888888888888,1,0.5,0.21428571428571427,0,0.6666666666666666,0.2,0.5,0.35,0.25,0.6,1,0.3888888888888889,0.75,0.5,0.5714285714285714,0.7222222222222222,0,0.5,0.08333333333333333,0,0,0,0,0,0.125,0.1875,0.2222222222222222,0,0.1111111111111111,0.125,0,0.9,0.3333333333333333,0.2777777777777778,0.25,0.5,0,0.07142857142857142,0.25
CE10_chr1_10420560,0.6,0.9,0.6875,0.625,0.6666666666666666,1,1,0.7,1,1,1,1,1,1,1,1,1,1,1,1,1,1,1,1,1,0.9285714285714286,1,1,1,1,1,1,1,1,1,1,1,1,1,1,1,1,1,1,1,1,1,0.6875,0.75,0.65,0.25,0.5714285714285714,1,1,1,0.8888888888888888,1,1,1,1,0.9285714285714286,1
CE10_chr1_12815001,0,0,0,0,0,0.05,0,0,0.1,0,1,1,1,1,1,0.3333333333333333,0.42857142857142855,0.25,0.16666666666666666,0.2,0.4,0.16666666666666666,0.2222222222222222,0.9166666666666666,0.16666666666666666,0,0,0,0,0,0,0,0,0,0,0,0,0,0,0,0,0,0,0,0,0,0,0.0625,0,0,0,0,0,0,0,0,0,0,0.16666666666666666,0,0,0
CE10_chr1_18487779,1,1,1,0.9444444444444444,1,1,1,1,1,1,NA,NA,NA,NA,NA,1,NA,NA,1,NA,NA,1,NA,NA,1,1,1,1,1,1,1,1,1,1,1,1,1,1,1,1,1,1,1,1,1,1,1,1,1,1,1,1,1,1,1,1,1,1,1,1,1,1
CE10_chr1_24367122,0.8,0.85,0.6875,0.9444444444444444,0.9444444444444444,0.5,0,0.8333333333333334,0.45,0.3888888888888889,1,1,1,1,1,1,1,1,1,1,1,1,1,1,1,1,1,1,1,1,1,1,1,1,1,1,1,1,0.9,1,1,1,1,1,1,1,1,1,1,1,1,1,0.5,0.5,0.8,0.8125,0.5,0.5,0.8333333333333334,0.7,0.7857142857142857,0.7
CE10_chr1_30319642,1,1,1,1,1,0.9,1,1,1,1,1,1,1,1,1,0.8333333333333334,1,1,1,1,1,1,1,1,1,0.9285714285714286,1,1,1,1,0.95,0.875,1,1,0.8333333333333334,0.875,0.5,0.75,1,0.6666666666666666,0.9166666666666666,1,1,1,1,1,1,0.9375,0.75,0.7777777777777778,1,0.7777777777777778,1,1,1,1,1,1,1,1,1,1
CE10_chr1_31353575,0.8333333333333334,0.75,0.8125,0.9375,0.7142857142857143,0.45,0,0.875,0.3,0.3125,1,1,1,1,1,1,1,1,1,1,1,1,1,1,1,1,1,1,1,1,1,1,0.8,1,1,1,1,1,0.9,1,1,0.9166666666666666,1,1,0.875,1,1,1,1,1,1,1,0.375,0.5,0.7,0.8888888888888888,0.7142857142857143,0.375,1,0.8,0.75,0.4444444444444444
CE10_chr1_35177242,0,0,0,0,0,0,0,0,0,0,0,0,0,0,0,0.25,0.25,0.5,0.25,0.5,0.3333333333333333,0,0.25,0,0.25,0,0,0.16666666666666666,0.3,0.0625,0.16666666666666666,0,0.1,0,0,0.25,0,0.07142857142857142,0.16666666666666666,0.1,0,0.25,0.05,0,0,0,0.5,0,0,0,0,0,0,0,0,0,0,0,0,0,0,0
CE10_chr1_35220219,0,0,0,0,0.05555555555555555,0,0,0,0.1,0,0,0.07142857142857142,0,0,0,0.3888888888888889,0.7142857142857143,0.75,0.5833333333333334,0.8888888888888888,0.625,0.5833333333333334,0.7222222222222222,0.7857142857142857,0.3333333333333333,0.14285714285714285,0,0.5,0.4,0.8125,0.65,0.5,0.375,0,0.2222222222222222,0.875,1,0.2857142857142857,0.6666666666666666,0.3,0.5,0.8333333333333334,0.05,0,0.0625,0,0,0,0,0,0,0,0,0,0,0,0,0,0,0,0,0
CE10_chr1_35395120,0,0,0,0,0.1111111111111111,0.1,0,0,0.15,0,0,0.14285714285714285,0,0,0,0.3888888888888889,0.8571428571428571,0.8333333333333334,0.5833333333333334,0.95,0.4,0.5,0.75,0.7142857142857143,0.3333333333333333,0,0,0,0.1,0,0.2,0,0,0,0.16666666666666666,0.125,0,0,0.8,0.25,0.5,0.4166666666666667,0.05,0,0.0625,0,0,0.125,0,0,0,0,0,0,0,0,0,0,0,0,0,0
CE10_chr1_37340153,0.4,0.5,0.1875,0.5555555555555556,0.7222222222222222,0.7222222222222222,0,0.75,0.2222222222222222,0.16666666666666666,0.9,0.8571428571428571,0.6666666666666666,0.6,0.75,0.9,1,1,1,1,0.75,1,0.8888888888888888,1,0.8333333333333334,0.9285714285714286,1,1,0.9,0.6875,0.85,0.375,0.9,1,0.875,0.875,1,1,0.6666666666666666,1,0.75,0.9166666666666666,0.3888888888888889,0.75,0.5625,0.5,1,0.75,1,1,0.9444444444444444,0.9444444444444444,0.375,1,0.6,0.6111111111111112,0.3888888888888889,0.5,0.6666666666666666,0.2,0.08333333333333333,0.45
CE10_chr1_38194367,1,1,1,0.9444444444444444,1,0.9375,NA,0.875,1,1,1,1,1,1,1,1,1,1,1,1,1,1,1,1,1,0.9285714285714286,1,1,1,1,1,1,0.8,1,1,1,0.5,1,1,0.75,0.7,0.8333333333333334,0.5,0.75,0.875,0.5,1,0.375,0.25,0.25,0.3333333333333333,0.6,1,1,1,0.9375,0.9444444444444444,1,1,1,1,1
CE10_chr1_38824853,0,0.2222222222222222,0.07142857142857142,0.05555555555555555,0,0,1,0.4,0.3,0.65,0.25,0.1,0.375,0.4,0.375,0.125,0.14285714285714285,0,0.08333333333333333,0.25,0.7,0.2,0.16666666666666666,0.35714285714285715,0.6666666666666666,0.14285714285714285,0,0,0,0,0,0,0,0,0,0,0,0,0.14285714285714285,0,0,0,0,0,0,0,0,0,0.25,0,0.07142857142857142,0,0,0,0.4,0.25,0.2777777777777778,0.375,0.3333333333333333,0.9,0.5714285714285714,0.3888888888888889
CE10_chr1_40315346,0.85,0.85,0.625,0.9444444444444444,0.6111111111111112,0.75,1,1,0.8333333333333334,0.9,1,1,1,1,1,1,1,1,1,1,1,1,1,1,1,0.8333333333333334,1,1,1,1,0.85,1,0.625,1,1,1,1,0.6428571428571429,1,0.8333333333333334,0.75,0.8333333333333334,0.85,0.75,0.9375,1,0.5,0.8571428571428571,0.625,0.7,0.8333333333333334,0.7777777777777778,1,1,1,0.9444444444444444,0.7777777777777778,0.875,0.5,0.8,1,1
CE10_chr1_40641544,1,1,1,1,1,1,NA,0.75,0.8333333333333334,1,1,1,1,1,NA,0.5,0.5,1,1,0.5,1,0.25,NA,1,1,0.16666666666666666,0,0.3333333333333333,0,0.7,0.2,0.5,0.25,0,0.07142857142857142,0,0,0.1,0.125,0.75,0.5,0.25,1,1,NA,1,1,1,0.3333333333333333,1,1,0.75,1,NA,1,0.75,0.25,0.6666666666666666,NA,0.6666666666666666,0.6,0.8
CE10_chr1_41391988,0.2,0.2,0.0625,0.3333333333333333,0.16666666666666666,0.35,0,0.5,0.1,0.1,1,0.5833333333333334,0.4166666666666667,0.9,0.875,0.8333333333333334,1,0.75,0.6666666666666666,0.7,0.5,0.625,0.9166666666666666,0.25,0.5,0.2857142857142857,0.5,0.5,0.1,0.25,0.15,0.16666666666666666,0.5,1,0.3888888888888889,0.3333333333333333,0,0.2857142857142857,0.15,0,0.25,0.1,0.1,0,0,0,0.5,0.6875,0.5,0.55,0.7222222222222222,0.8333333333333334,0.625,0.5,0.3,0.6666666666666666,0.3888888888888889,0.125,0.16666666666666666,0.7,0.5,0.45
CE10_chr1_41675448,0,0,0,0,0.1111111111111111,0,0,0.25,0.1,0.05,0.8,0.5714285714285714,1,0.6,0.875,0.4375,0.42857142857142855,0.6666666666666666,0.5,0.55,0.9,0.5,0.5,0.35714285714285715,0,0.2857142857142857,1,0.5,0.2,0.25,0.55,0.75,0.3,0,0.16666666666666666,0.125,0.5,0.25,0.05,0.4166666666666667,0.3333333333333333,0.6,0.1,0,0.1875,0,0,0,0,0,0,0,0,0,0,0,0.2777777777777778,0.375,0.3333333333333333,0.9,0.21428571428571427,0
CE10_chr1_42693549,0.375,0.07142857142857142,0,0.16666666666666666,0.16666666666666666,0.5,0,0.16666666666666666,0.25,0.125,1,1,1,1,1,0.8333333333333334,1,1,0.5,0.75,1,NA,0.8333333333333334,0.8,1,0,NA,0,NA,1,0,0,0,0,0,0,NA,NA,NA,NA,0.25,0,0.625,NA,0.5,0,0,NA,0,0,NA,0,NA,NA,0,0,0.16666666666666666,0,0.3333333333333333,NA,0.1,0.08333333333333333
CE10_chr1_43773360,0.4,0.25,0.125,0.125,0.16666666666666666,0.65,0.25,0.2,0.6,0.35,1,0.8,NA,NA,1,0.5,1,1,1,1,1,0.3333333333333333,0.625,0.8333333333333334,NA,0.16666666666666666,0.5,0,0.4,0.08333333333333333,0.375,0,0.3,1,0.3333333333333333,0.625,0,0.7142857142857143,0.25,0.08333333333333333,0.2,0.3,0,0,0.14285714285714285,0,0,0.16666666666666666,0,0,0,0,0.75,0,0.6,0.5,0.125,0.375,1,0,0.07142857142857142,0.15
CE10_chr1_44567036,0,0,0,0.1111111111111111,0.05555555555555555,0.0625,0,0.1,0,0,0.3333333333333333,0,0.16666666666666666,0.3333333333333333,0,0.125,0.5,0,0.16666666666666666,0.16666666666666666,0.3,0.2,0.2857142857142857,0.2,0.16666666666666666,0,0,0,0,0,0,0,0.1,0,0.3333333333333333,0,0.5,0,0,0,0,0,0,0,NA,0,0,0.125,0,0.1,0.05555555555555555,0,0,0,0,0.0625,0,0.125,0.25,0,0,0.16666666666666666
CE10_chr1_44621407,0,0,0,0,0,0,0,0,0,0,0,0,0,0,0,0,0.14285714285714285,0,0,0,0,0,0,0,0,0,0,0,0,0,0,0,0,0,0,0,0,0,0,0,0,0,0,0,0,0,0,0.07142857142857142,0,0,0,0,0,0,0,0,0,0,0,0,0,0
CE10_chr2_241436,1,1,1,1,1,1,1,0.8,1,1,1,1,1,1,1,0.9444444444444444,1,1,1,1,1,1,1,1,1,0.8333333333333334,0.5,1,0.9,0.9375,1,1,0.5,0.75,0.75,0.75,1,1,0.95,0.6666666666666666,1,1,1,0.75,1,1,1,0.5625,0.875,0.9,0.5555555555555556,0.375,1,1,1,1,1,1,1,1,1,1
CE10_chr2_545931,1,1,1,1,1,1,1,1,1,1,1,1,1,1,1,1,1,1,1,1,1,1,1,1,1,1,NA,1,1,1,NA,1,1,1,1,1,1,1,1,1,1,1,1,1,1,1,1,1,1,1,NA,NA,1,1,1,1,1,1,1,1,1,1
CE10_chr2_2890930,0,NA,NA,0,0,0,0,0,0,0,1,1,NA,1,NA,NA,NA,1,0,1,NA,NA,0,0.3333333333333333,NA,0,NA,0,0,0,0,0,NA,NA,0,0,NA,NA,0,NA,0,0,0,NA,NA,NA,NA,0,0,0,0,0,NA,NA,0,NA,0,0,NA,NA,0,0
CE10_chr2_3439683,0,0,0,0.05555555555555555,0.2222222222222222,0,0.75,0.25,0.05,0.1,0,0,0,0,0,0.1111111111111111,0,0.16666666666666666,0.08333333333333333,0,0.3,0.08333333333333333,0,0,0,0,0,0.16666666666666666,0,0,0,0.125,0.1,0,0,0,0,0,0.05,0,0,0,0,0,0,0,0,0.125,0,0,0,0,0,0,0,0.05555555555555555,0,0,0,0,0,0.15
CE10_chr2_4510445,0,0.05,0,0,0,0,0,0.125,0,0,0,0.07142857142857142,0,0.2,0,0,0,0.16666666666666666,0.08333333333333333,0.2,0.2,0,0,0.14285714285714285,0,0.21428571428571427,0,0,0.4,0.375,0.15,0.5,0,0,0.3125,0.25,0,0,0,0,0,0,0,0,0,0,0,0,0.07142857142857142,0.15,0.05555555555555555,0,0,0,0,0,0,0,0.16666666666666666,0,0,0
CE10_chr2_4626784,0.9444444444444444,1,1,0.8571428571428571,1,0.9375,1,0.8333333333333334,1,1,0.9166666666666666,1,1,1,1,1,1,1,1,1,1,1,1,1,1,1,1,1,1,1,0.85,NA,1,1,0.6666666666666666,1,NA,1,1,1,0.8,1,1,1,1,1,1,1,1,1,1,1,NA,1,1,1,1,0.8333333333333334,1,1,0.5,0.8333333333333334
CE10_chr2_5713808,0.5,0.7142857142857143,0.5,0.5555555555555556,0.375,0.9,1,0.875,0.9444444444444444,0.95,1,1,1,1,1,1,1,1,1,1,1,1,1,1,1,0.7857142857142857,0.5,0.8333333333333334,0.6,1,0.7222222222222222,1,0.4,0.5,0.9375,1,1,0.9285714285714286,1,1,1,1,1,1,1,1,1,1,1,1,0.9375,0.75,1,1,0.9,0.875,0.9444444444444444,0.875,1,0.9,0.9166666666666666,0.8
CE10_chr2_5717679,0,0,0,0,0,0.15,0,0,0.1,0,0.8333333333333334,0.125,0.625,0,0.5,0.7142857142857143,1,0.75,0.8,1,1,0.75,1,1,0.75,0,0,0,0,0,0,0,0,0.25,0.1875,0.16666666666666666,1,0.08333333333333333,0,0,0,0,0,0,0,0,NA,0,0,NA,0,0,0,NA,0,0,0,0,0,0,0,0.14285714285714285
CE10_chr2_6279968,0,0,0,0,0,0,0,0,0,0,0,0,0,0,0,0,0,0,0,0,0.1,0,0,0,0,0,0,0,0,0,0,0,0,0,0.05555555555555555,0,0,0,0.05,0.3333333333333333,0,0.08333333333333333,0,0,0.5,0,0,0,0.1875,0.05,0.05555555555555555,0.2222222222222222,0,0,0,0,0,0,0,0,0,0
CE10_chr2_9090388,0.7,0.7777777777777778,0.8125,0.8888888888888888,0.6875,0.8,0.75,0.6666666666666666,0.9,0.85,0.6428571428571429,1,0.6666666666666666,0.875,1,0.9285714285714286,1,1,0.8,1,1,0.9166666666666666,1,1,1,0.9285714285714286,1,0.3333333333333333,0.3,0.8125,0.85,0.875,0.4,0.5,0.8333333333333334,0.5,0.5,1,0.4,0.3333333333333333,0.3333333333333333,0.75,1,1,1,1,1,1,1,1,1,1,0.625,0,0.7,0.8888888888888888,1,0.875,0.6666666666666666,1,1,0.95
CE10_chr2_9706280,0.9285714285714286,1,0.8333333333333334,1,1,0.75,1,1,1,1,0.9,0.875,1,0.8333333333333334,0.8333333333333334,1,1,1,1,1,1,NA,1,1,1,1,1,1,1,1,1,1,1,1,0.8333333333333334,0.5,NA,NA,0.75,1,1,1,1,1,1,1,1,0.9285714285714286,0.9,1,1,1,1,NA,1,1,0.6666666666666666,NA,1,NA,1,0.75
CE10_chr2_9885369,0.6875,0.8571428571428571,0.75,0.7857142857142857,0.8125,0.8888888888888888,NA,0.625,0.5,0.8333333333333334,1,0.9285714285714286,1,0.75,1,0.9444444444444444,1,1,1,1,0.9,0.9166666666666666,1,0.9285714285714286,1,1,1,1,1,0.7,0.9375,0.875,1,1,1,1,1,1,1,1,1,1,1,1,1,1,1,1,1,1,1,1,0.75,NA,0.7,1,0.6666666666666666,1,1,0.5,1,0.625
CE10_chr2_12070341,0,0,0,0,0,0,0,0,0,0,0,0,0,0,0,0.05555555555555555,0,0,0,0,0,0,0,0,0,0.07142857142857142,0,0,0,0,0,0,0,0,0,0,0,0,0,0,0,0.08333333333333333,0.6,0.75,0.75,0.5,0,0,0.0625,0,0.05555555555555555,0,0,0,0,0,0,0,0,0,0,0
CE10_chr2_12769496,0.5,0.9,0.4375,0.6111111111111112,0.6111111111111112,0.95,1,0.8,0.85,0.7777777777777778,1,1,1,1,1,1,1,1,1,1,0.9,1,1,1,1,0.8571428571428571,1,1,0.9,1,0.85,1,0.7,1,0.8888888888888888,1,1,1,0.75,1,0.75,1,0.9,1,0.9285714285714286,1,1,1,1,1,1,1,0.875,1,0.9,0.7777777777777778,0.8333333333333334,1,1,1,0.7857142857142857,0.85
CE10_chr2_13563156,1,1,1,1,1,1,1,1,0.8888888888888888,1,1,1,1,1,1,0.8888888888888888,1,1,1,1,1,1,1,1,1,1,1,1,1,1,1,1,1,1,0.9,0.8333333333333334,NA,0.5,1,0.9,1,0.875,1,1,1,NA,1,0.875,0.9285714285714286,0.7142857142857143,1,1,1,1,1,1,1,1,1,1,1,1
CE10_chr2_14651111,1,1,1,1,1,1,NA,0.875,NA,1,0.5,NA,NA,0,NA,1,NA,NA,NA,NA,1,NA,0.5,1,1,1,NA,NA,1,0.6666666666666666,0.8333333333333334,0,1,1,1,1,NA,1,1,1,1,1,1,1,1,NA,1,1,1,1,1,1,1,NA,NA,1,1,1,NA,1,1,1
CE10_chr2_18511041,0.15,0.7,0.5,0.6111111111111112,0.3333333333333333,0.7,0.25,0.8,0.9,0.7222222222222222,1,1,1,1,1,0.7777777777777778,1,1,0.9166666666666666,1,0.9,1,1,1,1,0.7857142857142857,0.25,0.8333333333333334,0.4,0.6875,0.65,0.75,1,0,0.5555555555555556,0.875,0.5,0.7142857142857143,1,0.8333333333333334,0.8333333333333334,0.25,0.65,0.5,0.8125,0.25,0.5,1,0.75,0.9,0.9444444444444444,1,0.625,0,1,0.7222222222222222,0.8333333333333334,0.625,0.8333333333333334,1,1,0.85
CE10_chr2_18582838,0.8888888888888888,0.3888888888888889,0.5833333333333334,0.3333333333333333,0.5625,0.21428571428571427,1,0.125,0.05,0.1111111111111111,0,0,0,0,0,0.2222222222222222,0,0,0.08333333333333333,0,0.2,0,0,0,0,0.25,0.5,0.16666666666666666,0.625,0.3125,0.3,0.25,0.2,0.75,0.4444444444444444,0.375,0.5,0.14285714285714285,0.1,0.25,0.25,0.625,0.4444444444444444,0.25,0.25,0.75,NA,0,0.25,0.1,0.05555555555555555,0,0.375,1,0,0.25,0.2857142857142857,0.25,0.3333333333333333,0,0,0.15
CE10_chr2_18632042,0.8333333333333334,0.2777777777777778,0.5625,0.2222222222222222,0.5555555555555556,0.2222222222222222,0.75,0.1,0.05,0.25,0,0,0,0,0,0.2222222222222222,0,0,0,0,0.2,0,0,0,0,0.21428571428571427,0.75,0.3333333333333333,0.6,0.25,0.25,0.25,0,0.5,0.4444444444444444,0.25,1,0.14285714285714285,0,0.2,0.25,0.9166666666666666,0.5,0.5,0.25,0.75,0.5,0,0.3125,0.1,0.05555555555555555,0,0.375,1,0,0.1875,0.16666666666666666,0.3333333333333333,0,0,0,0.1111111111111111
CE10_chr2_18922786,0.7,0.15,0.35714285714285715,0.16666666666666666,0.4444444444444444,0.5,0.75,0.6,0.1,0.25,1,0.8333333333333334,0.8333333333333334,0.9,0.75,0.6875,0.7857142857142857,0.9166666666666666,0.5833333333333334,0.75,0.8,0.2,0.7777777777777778,0.7857142857142857,0.16666666666666666,0.5,0.75,0.16666666666666666,0.6,0.25,0.3,0.25,0.1,0.75,0.5625,0.25,0.5,0.35714285714285715,0.1,0.3333333333333333,0.3333333333333333,0.6666666666666666,0.35,0.5,0.1875,0.75,0,0.14285714285714285,0,0,0.05555555555555555,0,0,0,0,0.05555555555555555,0.2222222222222222,0.375,0.5,0,0,0.15
CE10_chr2_18950140,0.5,0.05555555555555555,0.16666666666666666,0.07142857142857142,0.16666666666666666,0.2857142857142857,0.75,0.3333333333333333,0.1111111111111111,0.15,NA,NA,NA,NA,NA,0.5,0,NA,0.5,0,1,0,0,NA,0,0.42857142857142855,0.75,0.16666666666666666,0.625,0.3125,0.21428571428571427,0.25,0,0.75,0.4375,0.25,0.5,0.2,0.1111111111111111,0.5,0.3333333333333333,0.5,0.16666666666666666,0.5,0.21428571428571427,0.5,NA,0,0,0,0,0,0,NA,0,0,0.0625,0.375,0,0,0,0.15
CE10_chr2_18963606,0.7777777777777778,0.1,0.3125,0.0625,0.5,0.3888888888888889,0.75,0.25,0.05555555555555555,0.25,NA,NA,NA,NA,NA,1,0,NA,0.25,0.25,NA,0,0,1,0,0.35714285714285715,1,0,0.6,0.375,0.25,0.125,0.2,0.75,0.5,0.25,0,0.125,0.1,0.4166666666666667,0.25,0.75,0.5,0.5,0.125,0.75,0.5,0,0,0,0,0,0,0,0,0.05555555555555555,0.1111111111111111,0.375,0,0,0,0.15
CE10_chr2_19315050,0,0.05,0,0,0,0,0,0.1,0,0,0,0,0,0,0,0.05555555555555555,0,0,0.08333333333333333,0,0,0,0,0,0,0.42857142857142855,0.75,0.3333333333333333,0.6,0.3125,0.2,0.375,0,0.75,0.2777777777777778,0.25,0.5,0,0.05,0.4166666666666667,0.08333333333333333,0.6666666666666666,0.1,0.25,0.0625,0,0,0,0,0,0,0,0,0,0,0,0,0,0,0,0,0
CE10_chr2_23011420,0,0,0,0,0,0,0,0.2,0.1,0,1,1,1,1,1,0,1,1,0.6666666666666666,1,0,0.5,0.5,0,0.16666666666666666,0,0,0,0,0,0,0,0,0,0,0,0,0.08333333333333333,0,0,0,0,0,0,0,0,0,0.125,0,0,0,0,0,0,0,0,0,0,0.25,0,0,0
CE10_chr2_39291894,1,1,0.7857142857142857,0.75,0.8333333333333334,0.9444444444444444,1,1,1,1,1,1,1,1,1,1,1,1,1,1,1,1,1,1,1,0.7857142857142857,1,0.8333333333333334,0.8,0.8125,0.7,1,0.3,1,1,1,1,1,1,1,0.9166666666666666,0.9166666666666666,1,1,0.875,1,0,0.1875,0.3125,0.2,0,0.2777777777777778,1,1,1,0.9444444444444444,0.8888888888888888,0.75,1,1,1,0.9
CE10_chr2_39783336,0.35,0.07142857142857142,0.5,0.375,0.1111111111111111,0.5,0.25,0.375,0.4,0.3,0.75,0.8571428571428571,0.9166666666666666,1,0.5,0.7777777777777778,0.9285714285714286,0.75,0.7,0.8888888888888888,0.7,0.4166666666666667,0.7222222222222222,0.6428571428571429,0.3333333333333333,0.42857142857142855,0.5,0.3333333333333333,0.6,0.375,0.5,1,0.6,1,0.8888888888888888,0.75,0.5,0.42857142857142855,0.15,0.4166666666666667,0.3333333333333333,0.5,0.15,0,0.0625,0,0,0.375,0.4375,0.2222222222222222,0,0.125,0.875,1,0.4,0.2222222222222222,0.5,0.875,0.8333333333333334,0.5,0.42857142857142855,0.5
CE10_chr2_39921676,0.25,0.0625,0.375,0.3888888888888889,0,0.5,0.25,0.4,0.35,0.25,0.35714285714285715,0.8333333333333334,0.5833333333333334,0.6666666666666666,0,0.5833333333333334,0.3333333333333333,0.16666666666666666,0.2,0,0,0,0.4166666666666667,0.6428571428571429,0,0.14285714285714285,0.5,0.3333333333333333,0.2,0.2857142857142857,0.4,0.8333333333333334,0.5,1,0.8571428571428571,0.75,0.5,0.5714285714285714,0.16666666666666666,0.4166666666666667,0.3333333333333333,0.5,0,0,0,0,0,0.07142857142857142,0,0,0,0,0.875,1,0.25,0.2777777777777778,0.4444444444444444,0.875,1,0.5,0.2857142857142857,0.4
CE10_chr2_41091592,0.5,0.3,0.6428571428571429,0.0625,0.35714285714285715,0.2222222222222222,0,0.6,0.1,0.1,1,1,1,1,1,0.75,1,1,0.9166666666666666,1,1,1,1,1,0.5,0,0,0,0,0,0,0,0,0,0.125,0,0,0.08333333333333333,0.1,0,0.08333333333333333,0,0.5,0.5,0.25,0.25,NA,0.125,0.4375,0.2777777777777778,0.2222222222222222,0.0625,0,NA,0,0,0.125,0.16666666666666666,0.6666666666666666,0,0.6666666666666666,0.21428571428571427
CE10_chr2_41149330,0.5,0.25,0.25,0.1111111111111111,0.3333333333333333,0.05,0,0.25,0.05,0.05555555555555555,0.4,0.2857142857142857,0.4166666666666667,0.1,0,0.7857142857142857,0.21428571428571427,0,0.6666666666666666,0.1875,0.25,0.2,0.6111111111111112,0.2857142857142857,1,0.42857142857142855,0.5,0.8333333333333334,0.9,0.9375,0.55,0.375,0,0.5,0.42857142857142855,0.625,0.5,0,0.4444444444444444,0,0.25,0.08333333333333333,0.65,0.5,0.25,0.25,0,0,0.25,0.16666666666666666,0.3333333333333333,0.05555555555555555,0,0,0,0,0.05555555555555555,0,0.5,0.1,0.5714285714285714,0.25
CE10_chr2_41157232,0.55,0.15,0.3125,0.1111111111111111,0.2777777777777778,0,0,0.375,0.05,0.16666666666666666,0.4,0.42857142857142855,0.5833333333333334,0,0,0.625,0.2857142857142857,0.4166666666666667,0.5,0.15,0.4,0.3333333333333333,0.7777777777777778,0.3333333333333333,1,0.42857142857142855,0.75,0.8333333333333334,0.9,0.875,0.7,0.5,0.125,0.5,0.5,0.5,0,0.35714285714285715,0.95,0.5,0.5,0.25,0.6,0.5,0.25,0.5,0,0,0.3125,0.15,0.2777777777777778,0.05555555555555555,0,0,0,0,0.2777777777777778,0.125,0.5,0.2,0.5,0.2
CE10_chr2_42400519,0.6111111111111112,0.5,0.5714285714285714,0.6111111111111112,0.5,0.55,0.5,0.6666666666666666,0.4,0.4,1,1,1,1,1,1,1,1,0.9166666666666666,1,0.8,1,1,1,0.6666666666666666,1,1,1,1,1,1,1,0.9,1,1,1,1,1,0.9,1,1,1,0.9,1,1,1,1,0.8125,0.9375,0.95,0.7777777777777778,0.7222222222222222,0.875,1,0.8,0.8888888888888888,0.75,0.5,0.3333333333333333,0.3,0.5714285714285714,0.5
CE10_chr2_43737388,0,0.3888888888888889,0,0.3333333333333333,0.07142857142857142,0,0,0.3333333333333333,0,0,0,0,0,0,0,0.21428571428571427,0,0,0,0,0,0,0,0,0.5,0.7,0,1,0.875,0.75,0.6666666666666666,0.5,0.4,1,0.625,0.625,1,0.75,0.9,0.75,0.8333333333333334,0.3333333333333333,0.16666666666666666,NA,0.25,0,NA,0,0,0,0,0,0,0,0.7,0.5,0,0,0,0,0,0.16666666666666666
CE10_chr2_44949494,1,0.8333333333333334,1,1,1,1,1,0.5,1,1,1,1,1,1,1,0.8,1,1,1,1,1,1,1,1,0.3333333333333333,0.25,0,0.3333333333333333,0.2,0.1875,0.3888888888888889,0.5,0.25,0,0.125,0,0.5,0.25,0,0.25,0.2,0.1,0.16666666666666666,0.75,0.3,0.5,0.5,1,1,1,1,1,NA,NA,1,0.75,1,1,1,NA,1,1
CE10_chr2_49497774,0.3333333333333333,0.16666666666666666,0.3125,0.125,0.3888888888888889,0.3,0.75,0.25,0.3888888888888889,0.35,1,0.9,0.75,0.5,1,0.7142857142857143,1,1,0.7,0.95,0.875,1,0.875,1,1,0.08333333333333333,0,0,0,0.1875,0.05,0,0.2,0,0.1111111111111111,0,0,0,0.05,0,0.08333333333333333,0.2,0,0,0,0,0,0,0,0,0,0,0,0,0,0,0.4444444444444444,0,0.16666666666666666,0.2,0,0.3
CE10_chr2_51421064,0,0.05555555555555555,0,0,0,0.1,0,0,0,0,0,0,0,0,0,0.16666666666666666,0.3333333333333333,0,0.16666666666666666,0.05555555555555555,0,0,0,0.21428571428571427,0.8333333333333334,0.07142857142857142,0,0,0,0,0,0,0,0,0,0,0,0,0,0.25,0,0,0.5,1,0.4375,0.75,1,0.1875,1,0.85,0.2777777777777778,0.5625,0,0,0.2,0.125,0,0,0,0,0,0
CE10_chr2_51809393,1,1,1,1,1,0.9,1,0.75,0.9,1,0.95,1,1,0.9,0.75,0.75,0.7142857142857143,1,0.9166666666666666,0.9,1,0.9166666666666666,0.7222222222222222,1,1,0.6428571428571429,0,0,0.2,0,0,0.25,0.6,0,0.6875,0.75,0,0.2857142857142857,0.625,0.6666666666666666,0.5,0.6666666666666666,0.9,1,0.875,1,1,0.375,0.125,0.2,0.375,0.1875,1,1,1,1,1,1,1,1,1,1
CE10_chr2_52024231,0.1111111111111111,0.05,0.1875,0.125,0.1111111111111111,0.15,0,0.375,0,0,0.4,0.35714285714285715,0.5,0.3,0.125,0.2777777777777778,0.07142857142857142,0.3333333333333333,0.4166666666666667,0.05,0.3,0.08333333333333333,0.1875,0.16666666666666666,0,0.5,0.25,0,0.5,0.16666666666666666,0.4,0.25,0,1,0.1875,0,1,0,0.4375,0.5,0.5,0.5,0.9444444444444444,0.75,0.9375,1,1,0.875,1,1,0.8333333333333334,0.9444444444444444,0,0,0,0.7777777777777778,0,0,0,0.2,0.35714285714285715,0.1
CE10_chr2_52485416,0.6666666666666666,0.45,0.875,0.5555555555555556,0.5,0.95,1,1,0.9,0.8888888888888888,0,0,0,0,0,0.5625,0,0.3333333333333333,0.3333333333333333,0.4166666666666667,0.625,0.375,0.25,0.375,0.3333333333333333,0.8571428571428571,0.75,1,1,1,0.9,1,0.5,0.75,0.8333333333333334,0.625,1,0.5833333333333334,0.9444444444444444,0.9166666666666666,0.8333333333333334,0.8333333333333334,0.75,0.75,0.4375,0.25,1,0.8333333333333334,0.625,0.6666666666666666,0.9375,0.8888888888888888,1,1,1,0.9444444444444444,0.3888888888888889,0.6666666666666666,1,0.5,0.42857142857142855,0.5
CE10_chr3_1210629,0.75,0.8,1,0.6111111111111112,0.8888888888888888,0.6,0.25,0.8,0.35,0.65,1,1,1,1,1,1,1,1,1,1,1,1,1,1,1,1,0.5,0.8333333333333334,1,1,1,1,0.9,1,0.9444444444444444,1,1,0.5714285714285714,0.85,1,0.8333333333333334,1,1,1,1,1,1,0.9375,0.75,0.6666666666666666,0.7777777777777778,0.875,0.375,0,0.3,0.6111111111111112,0.6666666666666666,0.8333333333333334,0.8333333333333334,0.6,0.7142857142857143,0.6
CE10_chr3_1684355,0,0,0,0.05555555555555555,0.05555555555555555,0.1,0,0.1,0.1,0,1,1,1,0.9,1,0.7777777777777778,1,1,0.8333333333333334,0.9444444444444444,0.8,1,0.8888888888888888,1,0.5,0,0,0,0,0,0,0,0,0,0.1111111111111111,0,0,0.14285714285714285,0,0,0,0,0,0,0,0,0,0.125,0,0,0,0,0,0,0,0,0,0,0.16666666666666666,0,0,0
CE10_chr3_2414884,0,0,0,0,0,0,0,0,0,0,0,0,NA,NA,0.5,0,NA,0,0,0,0,0,0,NA,NA,0,0,0,0,0,0,0,0,0,0,0,0,0,0,0,0,0,0,0,0,0,0,0,0,0,0,0,0,0,0,0,0,0,0,0,0,0
CE10_chr3_2474969,0,0,0,0,0.05555555555555555,0,0,0,0,0,0,0,0,0,0,0,0,0,0,0,0,0,0,0,0,0.16666666666666666,0,0,0,0,0,0,0,0,0,0,0,0,0,0,0.2,0.3333333333333333,0.2777777777777778,0,0.07142857142857142,0,0,0.14285714285714285,0,0,0,0.05555555555555555,0.25,0,0,0,0,0,0,0,0.16666666666666666,0.1
CE10_chr3_2751185,0,0,0,0,0,0,NA,0,0,0,NA,NA,NA,0,0,0,0,NA,0,0,0,0,0,0,0,0,0,0,0,0,0,0,0,0,0,0,0,0,0,0,0,0,0,0,0,0,0,0,0,0,0,0,NA,NA,0,0,0,0,0,0,0,0
CE10_chr3_2904519,1,NA,0.5,NA,NA,1,NA,0.75,1,NA,1,1,1,1,1,1,1,1,1,1,1,1,1,1,1,1,1,1,1,1,1,1,1,1,1,1,1,1,1,1,1,1,1,1,1,1,1,1,1,1,0.9375,1,NA,NA,1,1,1,NA,1,1,NA,1
CE10_chr3_5899719,1,1,1,1,1,1,1,1,1,1,1,1,1,1,1,0.8888888888888888,1,1,1,1,1,1,1,1,1,1,1,1,1,1,0.7777777777777778,1,0.9,1,0.8333333333333334,0.625,1,1,1,1,1,1,0.45,1,0.7857142857142857,0.5,1,1,1,1,1,1,1,1,1,1,0.9444444444444444,1,1,1,0.8,0.9444444444444444
CE10_chr3_5900852,1,1,1,1,1,1,1,1,1,1,1,1,1,1,1,1,1,1,1,1,1,1,1,1,1,1,1,1,1,1,1,1,1,1,1,1,1,1,1,1,1,1,1,1,1,1,1,1,1,1,1,1,1,1,1,1,1,1,1,1,1,1
CE10_chr3_6999948,0,0,0,0,0,0,0,0.125,0,0,0,0,0,0,0,0,0,0,0,0,0,0,0,0,0,0,0,0,0.1,0,0.05,0,0,0,0.125,0.125,0,0,0,0,0.08333333333333333,0,0.65,0.5,0.3125,0.25,0.5,0,0,0,0,0,0,0,0,0,0,0,0,0,0,0
CE10_chr3_10812002,0,0,0,0,0,0,0,0,0,0,0,0,0,0,0,0,0,0,0,0,0,0,0,0,0,0.08333333333333333,0.5,0.5,0.6,0.125,0.15,0,0.1,0.75,0,0.16666666666666666,0,0.07142857142857142,0,0,0.16666666666666666,0.08333333333333333,0.6,1,0.4375,0,1,0,0,0,0,0,0,0,0,0,0,0,0,0,0,0
CE10_chr3_12991090,0.21428571428571427,0,0.0625,0.05555555555555555,0.2222222222222222,0.1111111111111111,0,0.1,0,0.05,1,1,1,1,1,0.7777777777777778,1,1,0.8,1,1,1,1,1,0.75,0,0,0,0,0,0,0,0,0,0.0625,0,0,0,0,0,0,0,0,0,0,0,0,0.125,0,0,0,0,0,NA,0,0,0.125,0.25,0.3333333333333333,0.2,0,0.375
CE10_chr3_13096437,0.9166666666666666,1,0.9,0.9285714285714286,1,1,NA,NA,1,1,1,1,1,1,1,1,1,1,1,1,1,1,1,1,0.75,1,1,1,1,1,1,NA,1,NA,0.9444444444444444,1,1,0.75,1,1,1,1,0.8333333333333334,NA,1,NA,1,1,NA,NA,NA,NA,0.75,1,1,1,0.8,1,NA,1,1,1
CE10_chr3_14145608,0.8333333333333334,0.8888888888888888,0.7,0.8333333333333334,0.8333333333333334,0.75,0.5,1,0.7,0.75,1,1,1,1,1,1,1,1,1,1,1,1,1,1,1,0.9166666666666666,1,1,1,0.9285714285714286,1,1,1,NA,1,1,1,0.9285714285714286,0.9285714285714286,0.875,1,0.8333333333333334,1,1,1,1,1,1,1,1,1,1,1,NA,0.8333333333333334,1,0.9285714285714286,0.75,0.5,1,0.9285714285714286,0.7777777777777778
CE10_chr3_14480566,0,0,0,0,0,0.05,0,0,0.1,0,0,0,0,0,0,0.2222222222222222,0.14285714285714285,0.5,0.25,0.35,0.2,0.16666666666666666,0,0.42857142857142855,0,0,0,0,0,0,0,0,0,0,0.1111111111111111,0,0,0,0,0,0,0,0,0,0,0,0,0.0625,0,0,0,0,0,0,0,0,0,0,0,0,0,0
CE10_chr3_24936445,1,1,1,1,1,1,1,1,1,1,1,1,1,1,1,1,1,1,1,1,1,1,1,1,1,1,1,1,1,1,1,1,1,1,1,1,1,1,1,1,1,1,1,1,1,1,1,1,1,1,1,1,1,1,1,1,1,1,1,1,1,1
CE10_chr3_37975744,1,1,1,1,1,1,1,0.8,1,1,1,1,1,1,1,0.9166666666666666,1,0.8333333333333334,0.9166666666666666,1,1,1,1,1,1,1,0.5,0.8333333333333334,0.6,0.875,0.9,0.625,0.7,1,0.9444444444444444,1,0,1,1,0.9166666666666666,0.8333333333333334,1,1,1,1,1,1,0.9375,1,1,1,1,1,1,1,1,1,1,1,1,1,1
CE10_chr3_41541226,1,0.8,1,1,1,1,1,1,1,1,1,1,1,1,NA,1,NA,NA,1,NA,1,1,1,NA,NA,1,NA,1,1,1,1,1,1,1,1,NA,1,1,1,1,1,1,1,1,1,1,NA,1,1,1,1,1,NA,NA,1,1,1,1,1,1,1,1
CE10_chr3_42916103,0.4,0.1,0.3125,0,0.2222222222222222,0.3,1,0.4,0.7777777777777778,0.85,0,0.14285714285714285,0,0,0,0.1111111111111111,0,0,0,0,0.2,0,0.25,0.2,0.3333333333333333,0.14285714285714285,0,0,0,0.0625,0.15,0.25,0,0,0.1111111111111111,0,0,0,0.1,0,0.16666666666666666,0,0.1,0,0.07142857142857142,0.25,0,0.0625,0,0,0,0,0.375,0.5,0.2,0.16666666666666666,0.5,0.5,0.3333333333333333,0.75,0,0.2
CE10_chr3_43102264,0,0,0,0,0,0.25,NA,1,0.5,0,1,1,1,1,1,0.5,1,0.8333333333333334,1,0.9,0,0.5,0.625,0,0.5,0,0,0,0.8333333333333334,0,0.2857142857142857,0,0,NA,0.16666666666666666,0,0,0,0,0,0,0,0,1,0,0,0,0.1,0,0,0,0,0,NA,0,0,0,NA,1,0,0,0
CE10_chr3_44311786,0,0.2222222222222222,0.0625,0.1111111111111111,0.05555555555555555,0.2,0,0.1,0,0,0.55,0.2857142857142857,0,0.2,0.5,0.7777777777777778,0.8333333333333334,1,0.4166666666666667,0.85,0.8,0.5833333333333334,0.8333333333333334,1,0.8333333333333334,0.2857142857142857,1,0.16666666666666666,0.6,0.4375,0.45,0.75,0,0.25,0.5,0.625,0,0.21428571428571427,0.2222222222222222,0.6666666666666666,0.08333333333333333,0.5,0.2,0.25,0,0,0.5,0,0,0,0,0,0.25,0,0,0.07142857142857142,0,0,0.16666666666666666,0,0,0
CE10_chr3_45871986,1,1,0.8125,0.7857142857142857,0.7777777777777778,0.5555555555555556,0.5,0.75,0.5,0.25,1,0.8333333333333334,1,0.9,1,0.8888888888888888,0.9285714285714286,1,1,1,1,1,0.6875,0.8333333333333334,0.8333333333333334,1,0.75,0.75,0.75,0.5625,0.8,0.625,1,1,0.9444444444444444,1,1,0.9,0.9,0.8333333333333334,0.9,1,0.9,1,1,1,1,1,0.6875,0.75,1,0.8888888888888888,0.75,1,1,1,1,0.875,1,0.9,1,1
CE10_chr3_46554931,0,0.15,0.14285714285714285,0.16666666666666666,0,0,0,0.1,0.05,0.05,0,0,0,0,0,0.16666666666666666,0,0.08333333333333333,0,0.05,0,0,0,0.42857142857142855,0,0.14285714285714285,0.75,0.16666666666666666,0.3,0.0625,0.25,0.3333333333333333,0.25,0,0.16666666666666666,0.5,1,0.14285714285714285,0.625,0.8333333333333334,0.5,0.5,0.16666666666666666,0,0,0,0,0,0,0,0,0,0.25,0,0.2,0.05555555555555555,0.2222222222222222,0.5,0,0.4,0.21428571428571427,0.55
CE10_chr3_47822878,0,0,0,0,0,0,0,0,0,0,0,0.2857142857142857,0.08333333333333333,0.2,0.5,0,0.08333333333333333,0.3333333333333333,0.16666666666666666,0.35,0.1,0.16666666666666666,0.07142857142857142,0.2857142857142857,0.16666666666666666,0,0,0,0,0,0,0,0,0,0.05555555555555555,0,0,0,0,0,0,0,0,0,0,0,0,0,0,0,0,0,0,0,0,0,0,0,0,0,0,0
CE10_chr3_49436387,0.9166666666666666,0.5,0.7142857142857143,0.7777777777777778,0.5,0.3333333333333333,0,0.5,0.2222222222222222,0.3,0,0.08333333333333333,0,0.1,0.8333333333333334,0.125,0.2857142857142857,0.2,0.125,0.55,0.625,0.5833333333333334,0.6111111111111112,0.25,0.5,0.25,0.5,0,0.1,0,0.15,0,0.25,0.5,0.3888888888888889,0.25,0,0.14285714285714285,0.55,0.4,0.25,0.2,0.3,0.25,0.25,0.5,0,0,0,0,0,0,0.16666666666666666,NA,1,0.07142857142857142,0.16666666666666666,0.375,0.16666666666666666,0.25,0.25,0.2777777777777778
CE10_chr4_1176101,0.25,0.4,0.1875,0.3888888888888889,0.4444444444444444,0.35,0.25,0.375,0.15,0.1,0.05555555555555555,0.5833333333333334,0.4,0.5,0.6666666666666666,0.75,0.625,1,0.875,0.42857142857142855,0.7,0.9166666666666666,0.75,1,0.75,0.2857142857142857,1,0.75,1,0.6875,0.8,0.875,0,0,0.25,0.25,0,0.5,0.2,0.6666666666666666,0.6666666666666666,0.4166666666666667,0.6,1,0.3125,0.25,1,0.125,0,0,0.05555555555555555,0,0.125,0,0,0.2222222222222222,0.16666666666666666,0.25,0.8333333333333334,0.5,0.21428571428571427,0.1
CE10_chr4_1176868,0,0,0,0,0,0,NA,0,0,0,0,0,NA,0,NA,0,0,NA,0,0,0,NA,0.75,1,1,0,0,0,NA,0,0,0,0,0,0,0,0,0,0,0,0,0,0,NA,0,0,NA,0,0,0,0,0,0,0,0,0,0,0,NA,0,0,0
CE10_chr4_1413552,0,0,0,0,0.0625,0.16666666666666666,0,0.125,0,0,1,1,0.9166666666666666,1,1,0.6666666666666666,1,1,0.625,1,0.8,0.9166666666666666,1,1,0.6666666666666666,0,0,0,0.5,0,0,0,0,0,0,0,0,0.16666666666666666,NA,0,0,0,0,0,0,NA,0,0.125,0,0,0,0,0,0,0,0,0.0625,0,0.3333333333333333,0,0.375,0
CE10_chr4_3709225,0,0,0,0,0,0,0,0,0,0,0.25,0.25,0.5,NA,NA,0,NA,0.6666666666666666,0.3333333333333333,0.25,NA,0.375,0,0.5,0,0,0,0,0,0,0,0,0,0,0.07142857142857142,0,0,0,0,0,0,0,0,0,0,0,0,0,0,0,0,0,0,0,0,0,0,0,NA,0,0,0
CE10_chr4_6588182,0.7222222222222222,0.6666666666666666,0.75,0.8333333333333334,0.5,0.9,1,0.9,0.45,0.7,1,1,1,1,1,1,1,1,1,1,1,1,1,1,1,1,1,1,1,1,1,1,0.75,1,0.8888888888888888,1,1,0.8571428571428571,1,1,1,1,1,1,1,1,1,1,1,1,1,1,0.625,1,0.7,0.8333333333333334,0.8333333333333334,0.5,0.6666666666666666,1,0.8333333333333334,0.75
CE10_chr4_7255012,0.3333333333333333,0.16666666666666666,0.3125,0.1111111111111111,0.375,0.25,0.5,0.1,0.16666666666666666,0.1,1,0.8571428571428571,1,1,1,0.25,1,0.7,0.75,1,0.75,0.875,0.7777777777777778,0.6428571428571429,0.6666666666666666,0.42857142857142855,0,0.16666666666666666,0.1,0.125,0.3,0.25,0.8,1,0.21428571428571427,0.125,0,0.3333333333333333,0.1,0,0.2,0.3333333333333333,0.35,0.25,0.25,0.25,0,0.5714285714285714,0.4375,0.3888888888888889,0.6111111111111112,0.5555555555555556,0,0,0,0.05555555555555555,0.2222222222222222,0.125,0.25,0.3,0.5,0.16666666666666666
CE10_chr4_8505370,0.75,0.6428571428571429,0.16666666666666666,0.5,0.5625,0.1111111111111111,0,0.3,0.2222222222222222,0.2857142857142857,1,1,1,1,1,0.6875,1,0.9,1,1,0.875,1,0.9444444444444444,0.7142857142857143,0.8333333333333334,0.42857142857142855,0.25,0.16666666666666666,0.125,0.16666666666666666,0.5,0.75,0,0,0.2222222222222222,0.25,0,0.21428571428571427,0,0,0,0,0.9,0.5,0.42857142857142855,0.5,1,0.75,0.25,0.3,0.7222222222222222,0.5,0.625,1,0.8333333333333334,0.8571428571428571,0.0625,0,0.16666666666666666,0.125,0,0
CE10_chr4_8892587,0.75,0.8,0.8125,0.8333333333333334,0.8333333333333334,0.7,0.75,0.75,0.7,0.4,1,1,1,1,1,1,1,1,1,1,1,1,1,1,1,1,1,1,1,1,1,1,1,1,1,1,1,1,1,1,1,1,1,1,1,1,1,1,1,1,1,1,0.8333333333333334,1,1,1,0.5,0.75,0.8333333333333334,0.9,0.75,0.3125
CE10_chr4_8899763,0,0,0,0,0.05555555555555555,0,0,0.2,0,0,0.65,0.5,0.3333333333333333,0.6,0.5,0.14285714285714285,0.25,0,0.1,0.2,0.6666666666666666,0.3333333333333333,0.5,0.14285714285714285,0.16666666666666666,0,0.5,0.3333333333333333,0.2,0.25,0.05,0.375,0,0,0,0,0,0.14285714285714285,0,0.25,0,0.08333333333333333,0.4,0,0.1875,0.5,0,0,0,0,0,0,0,0,0,0,0,0,0,0,0,0
CE10_chr4_10852635,1,1,1,1,1,1,1,1,1,1,0.5,1,1,1,1,1,1,1,1,1,1,1,1,1,1,1,1,1,1,1,1,1,1,1,1,1,1,1,1,1,1,1,1,1,1,1,1,1,1,1,1,1,1,1,1,1,1,1,1,1,1,1
CE10_chr4_16166180,0.05,0.1,0.0625,0.16666666666666666,0.1111111111111111,0,0,0,0,0.05,0,0.07142857142857142,0,0,0,0,0,0,0,0,0,0,0,0,0,0,0,0,0,0,0,0,0,0,0.1111111111111111,0,0,0,0,0,0,0,0,0,0,0,0,0,0,0,0,0,0,0,0.3,0,0.16666666666666666,0.25,0,0.3,0.07142857142857142,0.3333333333333333
CE10_chr4_17084247,0.9,0.7,0.9375,0.8333333333333334,0.6666666666666666,0.6,1,0.9,0.8888888888888888,0.85,1,1,1,1,1,1,1,1,1,1,0.9,1,1,1,1,0.9166666666666666,1,1,1,1,1,1,0.7,1,1,1,1,1,0.9444444444444444,1,1,1,1,1,1,1,1,1,1,1,1,1,0.75,0,0.375,0.5,0.8888888888888888,1,1,1,0.8571428571428571,0.9
CE10_chr4_25363780,1,1,1,1,1,0.85,1,1,1,1,1,1,1,1,1,1,1,1,1,1,1,1,1,1,1,0.8333333333333334,1,1,1,1,1,1,1,1,1,1,NA,1,1,1,1,1,1,1,1,1,0,0.625,1,1,0.6111111111111112,0.6111111111111112,1,1,1,1,1,1,1,1,1,1
CE10_chr4_33913987,0.8,0.875,1,1,0.9444444444444444,0.7857142857142857,1,1,1,1,1,1,1,1,1,1,0.9,1,0.8,1,1,1,1,1,1,0.5,NA,NA,NA,1,NA,NA,1,0,NA,1,NA,NA,0.25,0,0,0.5,0,0.75,0,0,0,0.25,NA,0,0,0,NA,1,1,0.8,1,1,1,0.5,1,1
CE10_chr4_34113987,0.7222222222222222,0.9,1,1,0.8888888888888888,0.8333333333333334,1,1,1,1,1,1,1,1,1,0.9285714285714286,1,1,0.8,1,1,1,0.9375,1,1,0.75,1,0.5,1,1,1,1,1,0,1,1,1,1,0.5555555555555556,0.5,0.6666666666666666,0.6666666666666666,0.35,0.5,0.625,0.5,0,0.5,0.9375,0.55,0.3333333333333333,0.35714285714285715,1,1,1,0.9444444444444444,1,1,1,0.9,1,1
CE10_chr4_36037763,0,0,0,0,0,0,0,0.1,0,0,0,0,0,0,0,0,0,0,0,0,0,0,0,0,0,0.14285714285714285,0,0,0,0.125,0.1,0.25,0,1,0,0,1,0,0,0.08333333333333333,0.08333333333333333,0,0.5,0,0.21428571428571427,0,0,0.375,0.9375,0.7,0.3333333333333333,0.4375,0,0,0,0.1111111111111111,0,0,0,0.3,0,0
CE10_chr4_37236437,0.9,1,1,1,1,1,1,0.9,0.9444444444444444,0.9444444444444444,1,1,1,1,1,1,1,1,1,1,1,1,1,1,1,0.9285714285714286,1,1,1,1,1,1,1,1,1,1,1,1,1,1,1,1,0.9444444444444444,1,1,1,1,1,1,1,1,1,0.5,NA,0.8333333333333334,0.8,1,1,0.8333333333333334,1,0.8571428571428571,0.9
CE10_chr4_37658671,0.95,1,1,1,1,0.9,1,1,1,1,1,1,1,1,1,1,1,1,1,1,1,1,1,1,1,0.8571428571428571,1,1,1,1,1,1,1,1,1,1,1,1,1,1,1,1,1,1,1,1,1,0.5625,1,0.95,0.5625,0.7777777777777778,1,1,1,1,0.9444444444444444,1,1,1,1,1
CE10_chr4_40297522,1,1,0.75,1,0.9375,0.9,1,0.9,1,1,1,1,1,1,1,0.9444444444444444,1,1,1,1,1,1,1,1,1,0.6428571428571429,1,0.5,1,0.9375,0.75,1,1,1,0.8888888888888888,0.875,1,1,0.9375,1,1,1,0.65,0.75,0.75,0.75,0,0.1875,0.0625,0.2222222222222222,0.2222222222222222,0.1875,0.875,1,0.8,0.7777777777777778,0.8333333333333334,0.875,1,0.6,1,0.95
CE10_chr4_43732031,1,1,1,1,0.9444444444444444,0.8888888888888888,1,0.75,1,1,1,1,1,1,1,0.9444444444444444,1,1,1,1,1,1,1,0.7142857142857143,1,1,1,0.8333333333333334,0.8,0.8571428571428571,0.9444444444444444,1,0.6,0,0.4375,0.3333333333333333,1,0.6428571428571429,0.8,0.9,0.6,0.5833333333333334,1,0.75,1,1,1,1,1,0.9,1,1,1,1,1,1,1,1,1,1,1,1
CE10_chr4_43854005,1,0.95,0.625,0.7777777777777778,0.5,0.4444444444444444,0.25,0.875,0.6,0.55,0.45,0.7142857142857143,0.6666666666666666,0.6,0.5,0.8333333333333334,0.2857142857142857,0.5,0.5,0.6111111111111112,0.6,0.4,0.7222222222222222,0.5,1,1,1,1,1,1,1,1,0.8,1,0.8333333333333334,0.875,1,0.7857142857142857,0.9,1,1,1,0.9,1,0.8125,1,1,0.9375,1,1,1,1,0.625,0,0.5,0.7222222222222222,0.2777777777777778,0.25,0.3333333333333333,0.625,0.75,0.3
CE10_chr4_45367078,1,1,1,1,0.8333333333333334,0.95,1,1,1,1,1,1,1,1,1,1,1,1,1,1,1,1,1,1,1,1,1,1,1,1,1,1,1,1,0.8333333333333334,0.875,1,1,1,0.8333333333333334,0.9166666666666666,0.9166666666666666,1,1,1,1,1,0.75,0.07142857142857142,0.0625,0.75,0.4375,1,1,1,0.9444444444444444,0.8888888888888888,1,1,1,1,1
CE10_chr4_45524715,0.8888888888888888,1,0.9375,0.9444444444444444,0.9444444444444444,0.9,1,1,1,1,1,1,1,1,1,1,1,1,1,1,1,1,1,1,1,0.8571428571428571,1,1,1,1,1,1,0.7,1,0.7777777777777778,0.875,1,1,1,1,1,1,1,1,1,1,1,0.4375,0.6875,1,0.25,0.5714285714285714,0.75,1,1,0.9444444444444444,1,1,1,1,1,1
CE10_chr4_47526264,0.9,1,0.2857142857142857,0.8888888888888888,0.8888888888888888,0.625,1,0.625,0.9,0.8,0.875,1,0.6666666666666666,0.75,0.875,0.625,0.35714285714285715,0.6,0.75,0.35,0.6,0.4166666666666667,0.6666666666666666,0.7857142857142857,0.6666666666666666,0.6,0,1,1,0.9375,0.9444444444444444,1,0.75,NA,0.875,0.875,0,0.35714285714285715,0.9,0.8333333333333334,0.6666666666666666,0.6666666666666666,0.85,0.75,0.9285714285714286,1,1,0,0.4375,0.6111111111111112,0.16666666666666666,0,0.5,1,0.9,0.3888888888888889,0.7777777777777778,1,1,0.6,0.9166666666666666,0.95
CE10_chr4_47526563,0.95,0.95,0.25,0.875,0.8333333333333334,0.65,1,0.5,1,0.75,0.5625,0.08333333333333333,0.5,0.1,0.25,0.6875,0.625,0.7,0.5833333333333334,0.16666666666666666,0.625,0.5,0.6428571428571429,0.7,1,0.6428571428571429,0,1,1,0.9375,0.8,1,0.7,1,0.8333333333333334,0.875,0,0.5714285714285714,0.7,0.8333333333333334,0.4166666666666667,0.5,0.7,1,0.75,1,1,0.0625,0.4375,0.35,0.1111111111111111,0,0.625,0,0.6,0.5,0.8888888888888888,1,0.6666666666666666,0.5,0.9285714285714286,0.95
CE10_chr4_48268453,0.6,0.7777777777777778,0.7857142857142857,0.8,0.625,0.8125,0.75,1,1,0.8333333333333334,0.7777777777777778,0.75,1,0.7,0.16666666666666666,1,1,1,1,1,1,1,0.9444444444444444,0.9285714285714286,1,0.8333333333333334,1,1,1,0.9375,1,1,0.2,NA,0.7857142857142857,0.125,1,0.5714285714285714,0.75,0.08333333333333333,0.75,0.5833333333333334,0.7,0.25,0.8,1,1,0.8571428571428571,NA,0,0.6,0,0.875,1,1,0.9444444444444444,0.8125,0.5,0.5,0.5,0.9166666666666666,0.9375
CE10_chr5_321078,0,0,0,0,0.05555555555555555,0,0,0,0,0,0,0.07142857142857142,0,0,0,0,0,0,0,0,0,0,0,0,0,0,0,0,0.1,0,0.15,0.125,0.2,1,0.375,0.25,0,0.21428571428571427,0.1,0,0.08333333333333333,0,0.5555555555555556,0,0.2857142857142857,0.5,1,0.0625,0.4375,0,0.0625,0.3333333333333333,0,0,0,0,0,0,0,0,0,0
CE10_chr5_791669,1,1,1,1,1,1,1,1,1,1,0.8333333333333334,0.875,0.9166666666666666,0.8333333333333334,0.75,1,1,0.5,1,1,1,1,1,NA,0,1,1,1,1,1,1,1,1,1,0.9166666666666666,1,1,1,1,1,1,1,1,1,1,1,1,1,1,1,1,1,1,1,1,1,1,1,1,1,1,1
CE10_chr5_3851138,0,0.125,0,0,0,0,0,0,0,0,0.05,0,0,0,0.125,0.05555555555555555,0,0,0,0,0,0,0.1111111111111111,0.07142857142857142,0,0.2857142857142857,0,0,0,0,0.16666666666666666,0,0,0.25,0.1875,0,1,0.08333333333333333,0.1111111111111111,0,0,0.16666666666666666,0.2,0.5,0.3125,0.5,0.5,0,0.3125,0.05,0,0,0,0,0,0,0,0,0,0,0,0
CE10_chr5_5305959,0.5,0.6111111111111112,0.25,0.5555555555555556,0.5625,0.7777777777777778,1,0.5,0.75,0.95,1,NA,NA,NA,NA,0.9,1,1,1,1,1,1,1,1,1,0.5833333333333334,0.75,0.75,0.6,0.6875,0.7,1,0.5,NA,0.5,0,0,0.625,0.6111111111111112,0.6666666666666666,0.75,0.2,0.9285714285714286,0.5,0.7857142857142857,1,1,0.5714285714285714,0.4166666666666667,0.625,0.2777777777777778,0.4375,1,1,1,0.9444444444444444,0.8888888888888888,1,1,1,0.42857142857142855,0.65
CE10_chr5_5475246,0,0,0,0,0,0,0,0,0,0,0,0,0,0,0,0,NA,0,0,0,NA,0,0,0,0,0,0,0,0,0,0,0,0,0,0,0,0,0,0,0,0,0,0,0,0,0,0,0,0,0,0,0,0,NA,NA,0.3333333333333333,0,0,0,0,0,0
CE10_chr5_6592466,0.05,0,0.1875,0.05555555555555555,0.05555555555555555,0,0,0,0,0,0,0.21428571428571427,0.08333333333333333,0,0.125,0.1111111111111111,0.08333333333333333,0.16666666666666666,0.25,0.1,0,0.08333333333333333,0.16666666666666666,0.07142857142857142,0,0,0,0,0.1,0.0625,0,0.5,0,0,0,0,0,0.07142857142857142,0.1,0,0.1,0,0.4,0.25,0.375,0.25,1,0,0,0,0,0,0,0,0,0,0,0,0,0,0,0
CE10_chr5_6599285,0.05,0,0.125,0,0.05555555555555555,0,0,0,0,0,0,0.1,0.08333333333333333,0,0.125,0.05555555555555555,0.21428571428571427,0.16666666666666666,0.16666666666666666,0.05555555555555555,0.2,0.08333333333333333,0.05555555555555555,0,0,0.07142857142857142,0,0,0.3,0.0625,0,0.5,0,0,0,0,0,0.07142857142857142,0.1,0,0,0,0.3,0,0.35714285714285715,0.5,1,0,0,0,0,0,0,0,0,0,0,0,0,0,0,0
CE10_chr5_6617039,0.65,0.55,0.375,0.6875,0.7777777777777778,0.85,1,0.75,0.95,0.9,1,1,0.75,1,1,0.9375,1,0.875,0.8333333333333334,0.6875,0.8333333333333334,0.9166666666666666,1,0.9166666666666666,1,0.4166666666666667,0,0.6666666666666666,0.3,0.4375,0.15,0.125,0,0.5,0.2777777777777778,0.75,0,0.35714285714285715,0.45,0.5,0.5,0.6666666666666666,0.75,0.5,0.5,0.75,1,0.875,0.625,0.5,0.8888888888888888,1,0.875,1,0.9,0.7222222222222222,0.4444444444444444,0.125,1,0.2,0.14285714285714285,0.6
CE10_chr5_7450913,1,1,1,0.7777777777777778,0.9444444444444444,0.5,1,1,0.6428571428571429,0.55,1,1,1,1,1,0.9444444444444444,1,1,1,1,1,1,1,0.8571428571428571,1,0.5,0.75,0.16666666666666666,0.6,0.42857142857142855,0.8,0.8333333333333334,0.9,1,0.9444444444444444,1,1,0.9285714285714286,0.8,0.9166666666666666,0.8333333333333334,0.9166666666666666,0.8,0.25,0.75,1,1,0.3125,0.375,0.6111111111111112,0.1111111111111111,0,0.8333333333333334,1,0.4,0.3888888888888889,0.8333333333333334,0.75,0.3333333333333333,1,0.7857142857142857,0.75
CE10_chr5_7696347,0.4166666666666667,0.2,0,0.7142857142857143,0.375,0.9444444444444444,0,0.5,0.6111111111111112,0.6666666666666666,1,1,1,1,1,0.5625,0.9285714285714286,0.875,0.75,0.875,0.625,1,0.9375,0.5,0.6666666666666666,0,0,0,0,1,0.375,1,0,NA,1,1,NA,0.7,1,0.625,0.5,0.625,0.25,0,0,0,0,0.5,0.8571428571428571,0.8333333333333334,0.5,0.16666666666666666,0,0,0.1,0.2,0.8333333333333334,1,1,0,1,0.5
CE10_chr5_9052205,0,0,0,0,0,0,0,0,0,0,0,0,0,0,0,0.05555555555555555,0,0,0.16666666666666666,0,0,0,0,0,0,0.14285714285714285,0.25,0.16666666666666666,0.1,0.125,0.2,0,0,0,0.1111111111111111,0.25,0,0,0.05,0,0.16666666666666666,0.4166666666666667,0.6111111111111112,0,0.4375,1,0.5,0,0,0,0,0,0,0,0,0.05555555555555555,0,0,0,0,0,0
CE10_chr5_11064948,0,0,0,0,0,0.1,0,0,0,0,0.15,0.35714285714285715,0,0.2,0.25,0.4444444444444444,0.2857142857142857,0.75,0.5,0.65,0.3,0.6666666666666666,0.5,0.6428571428571429,0,0,0,0,0,0,0,0,0,0,0.1111111111111111,0,0,0,0,0,0,0,0,0,0,0,0,0.0625,0,0,0,0,0,0,0,0,0,0,0,0,0,0
CE10_chr5_35111467,1,1,1,1,1,1,1,1,1,1,NA,NA,NA,NA,NA,1,NA,NA,1,NA,NA,NA,NA,NA,NA,1,1,1,1,1,1,1,1,1,1,1,1,1,1,1,1,1,1,1,1,1,1,1,1,1,1,1,1,1,1,1,1,1,1,1,1,1
CE10_chr5_42985195,0,0,0,0,0,0.1111111111111111,0,0.125,0,0,0.45,0.42857142857142855,0.9166666666666666,0.2,0.16666666666666666,0.1111111111111111,0.14285714285714285,0,0,0.05,0.1,0.16666666666666666,0.3333333333333333,0.25,0,0.21428571428571427,0,0,0,0.0625,0.1,0.125,0.3,0,0.25,0,0,0.16666666666666666,0.1,0.08333333333333333,0.3333333333333333,0,0.1,0,0.1875,0,0,0.6875,0.6428571428571429,0.9375,0.625,0.5714285714285714,0,0,0,0.1111111111111111,0,0,0.3333333333333333,0,0,0
CE10_chr5_42985612,0,0,0,0,0,0.16666666666666666,0,0.3,0,0,0.4,0.5,0.9166666666666666,0.2,0.25,0.05555555555555555,0.07142857142857142,0,0,0.05,0.3,0.08333333333333333,0.3333333333333333,0.5,0,0.25,0,0,0,0.0625,0.1,0.125,0.4,0,0.3333333333333333,0,0,0.21428571428571427,0.1,0.08333333333333333,0.3333333333333333,0.16666666666666666,0.2,0,0.125,0,0,0.6875,0.75,0.9,0.75,0.5555555555555556,0,0,0,0.1111111111111111,0,0,0.3333333333333333,0,0,0
CE10_chr5_44783577,0,0,0,0,0,0,0,0,0,0,0,0,0,0,0,0,0,0,0,0,0,0,0,0,0,0,0,0,0,0,0,0,0,0,0,0,0,0,0,0,0,0,0,0,0,0,0,0,0,0,0,0,0,0,0,0,0,0,0,0,0,0
CE10_chr5_45030263,0,0,0,0,0,0,0,0,0,0,0,0,0,0,NA,0,0,0,0,0,0,0,0,0,0,0,0,0,0,0,0,0,0,0,0.07142857142857142,0,0,0,0,0,0,0,0,NA,0,0,0,0,0,0,0,0,0,0,0,0,0,0,0,0,0,0
CE10_chr5_45111328,0.5,0.5,0.625,0.6666666666666666,0.2222222222222222,0.85,1,0.75,0.75,0.9,1,1,1,1,1,0.9444444444444444,1,1,1,1,1,1,1,1,1,0.8571428571428571,1,0.5,0.6,0.5625,0.4,0.75,0.25,0,0.3125,0.25,0,0.7142857142857143,0.55,0.5833333333333334,0.6666666666666666,0.6666666666666666,0.95,1,0.875,0.75,1,0.42857142857142855,0.8571428571428571,0.7,0.5,0.4375,0.75,0,1,0.8333333333333334,0.5,0.875,1,0.3,0.9285714285714286,0.8
CE10_chr5_47278275,0.05,0.3,0.375,0.2222222222222222,0.2777777777777778,0.3,0,0.625,0.15,0,1,0.9166666666666666,1,1,0.625,0.7777777777777778,0.5714285714285714,0.6666666666666666,0.3,0.75,0.25,0.8333333333333334,0.5,0.5833333333333334,0,0.9285714285714286,0,0.5,0.125,0.1875,0.6,0.3333333333333333,0.5,1,0.5,0.875,1,0.5833333333333334,0.4375,0.5,0.5833333333333334,0.6666666666666666,0.65,0.5,0.7857142857142857,0.75,1,1,1,1,1,1,0.75,0,0.8,0.6666666666666666,0.7222222222222222,0.625,0.5,0.4,0.5714285714285714,0.625
CE10_chr5_47630339,0.1,0.1111111111111111,0,0.1111111111111111,0.05555555555555555,0.25,0.25,0.6,0.5,0.25,1,NA,1,1,1,0.75,1,1,1,1,1,1,1,1,1,0.5714285714285714,1,0.5,0.4,0.5625,0.7,0.5,0.1,0.25,0.07142857142857142,1,0,0.25,0.4,0.5833333333333334,0.3,0.3333333333333333,0.65,0.25,0.25,0,1,0.3125,0.125,0.2,0.05555555555555555,0.05555555555555555,0.75,0,0.1,0.375,0.4444444444444444,0,0,0.6,0.42857142857142855,0.4
CE10_chr5_50256064,1,0.95,0.9285714285714286,0.9375,0.9444444444444444,0.8888888888888888,1,1,1,0.8571428571428571,1,1,1,1,1,1,1,1,1,1,1,1,1,1,1,1,1,1,1,1,1,1,1,1,1,1,1,1,1,1,1,1,1,1,1,1,1,0.9166666666666666,1,1,0.9375,0.875,1,1,1,0.9444444444444444,1,1,1,1,1,1
CE10_chr5_50310805,0,0,0,0,0,0,NA,0,0,0,0,0,0,0,0,0.08333333333333333,0,0,0,0,0,0,0,0.5,0,0,0,0,0,0,0,0,0,NA,0,0,NA,0,0,0,0,0,0,0,0,0,0,0,0,0,0,0,NA,0,NA,0,0,0,0,0,0,0
CE10_chr5_51295394,1,1,1,1,1,1,1,1,1,1,NA,1,NA,NA,1,1,NA,NA,1,NA,NA,NA,NA,NA,NA,1,1,1,1,1,1,1,1,1,1,1,1,1,1,1,1,1,NA,NA,1,NA,NA,1,NA,NA,1,NA,1,1,1,1,1,1,1,1,1,1
CE10_chr5_51419472,0,0.05,0,0,0,0,0.75,0,0.05,0.2,0,0,0,0,0,0.1111111111111111,0,0,0,0,0,0,0,0,0,0.07142857142857142,0,0.3333333333333333,0.1,0,0.05,0.125,0,0,0,0.125,0.5,0,0.05555555555555555,0,0,0,0.55,0,0.1875,0.75,1,0,0,0,0,0,0,0,0,0,0,0,0.3333333333333333,0,0,0
CE10_chr6_257233,0,0.05,0,0,0,0,0,0,0.05,0,0,0,0.08333333333333333,0.1,0.375,0.2222222222222222,0.2857142857142857,0.3333333333333333,0.3333333333333333,0.5,0.6,0.08333333333333333,0.125,0.21428571428571427,0,0.07142857142857142,0.5,0,0,0,0,0.375,0.1,0,0.2222222222222222,0.375,0,0,0,0.16666666666666666,0,0,0,0,0.125,0,0,0.0625,0,0,0,0,0,0,0,0,0,0,0,0,0,0
CE10_chr6_1229607,0,0,0,0.05555555555555555,0,0,0,0,0,0,0,0,0,0,0,0.05555555555555555,0,0,0.08333333333333333,0.05,0,0.16666666666666666,0,0,0,0,0,0.6666666666666666,0.6,0.625,0.15,0.25,0,0.5,0.4444444444444444,0.375,1,0.2857142857142857,0.2,0.4166666666666667,0.25,0.08333333333333333,0.55,0.75,0.375,0.25,1,0,0,0,0,0,0,0,0,0,0,0,0,0,0,0
CE10_chr6_1416066,0,0,0,0,0,0,0,0,0.05,0,0.125,0.125,0,0.16666666666666666,0.16666666666666666,0.08333333333333333,0,0.375,0.5,0.2,0,0.16666666666666666,0,0.16666666666666666,0,0,0.25,0,0,0,0.07142857142857142,0,0,0,0,0,0,0,0,0,0,0,0,NA,0,0,0,0,0,0,0,0,0,0,0,0,0.0625,0,0,0,0.14285714285714285,0
CE10_chr6_1962934,1,1,1,1,1,1,1,1,1,1,1,1,1,1,1,1,1,1,1,1,1,1,1,1,1,1,1,1,1,1,1,1,1,1,1,1,1,1,1,1,1,1,1,1,1,1,1,1,NA,1,1,1,1,1,1,1,1,1,1,1,1,1
CE10_chr6_1971018,1,0.95,1,1,1,1,1,0.75,1,1,1,1,1,1,1,0.8888888888888888,1,1,1,0.95,1,0.8,1,1,1,0.7142857142857143,1,0.3333333333333333,0.7,0.8125,0.65,0.875,0.625,1,0.7777777777777778,0.16666666666666666,1,0.6666666666666666,0.85,0.5,0.5833333333333334,0.75,1,1,1,1,1,0.9375,0.9375,0.9444444444444444,0.8888888888888888,1,0.75,1,0.8,1,1,1,1,0.9,0.9285714285714286,1
CE10_chr6_2294499,0,0,0,0,0,0.05555555555555555,0,0.16666666666666666,0,0,0.2857142857142857,0.1,0.3,0.2,0,0.14285714285714285,0.16666666666666666,0.375,0.3333333333333333,0.5,0.1,0.5,1,0.25,0.5,0.07142857142857142,0.25,0,0,0,0.07142857142857142,0,0,0,0,0,0,0.16666666666666666,0,0,0,0,0,0,0,0,0,0.0625,0,0,0,0,0,0,0.16666666666666666,0,0,0.25,0.5,0,0,0
CE10_chr6_2858468,0.75,0.7,0.8333333333333334,NA,0.5,1,NA,0.75,NA,NA,0.5,1,0.75,0.5,0.5,0.9,1,1,0.5,0.9166666666666666,1,1,0.9285714285714286,1,1,1,1,1,1,0.75,0.9,0.75,1,1,1,1,NA,1,1,1,1,1,1,1,0.9,1,1,0.8,1,1,1,1,NA,NA,0.5,0.8333333333333334,1,1,NA,1,1,1
CE10_chr6_4650751,0.05,0,0,0,0,0,0,0.25,0,0,0.16666666666666666,0.6666666666666666,1,0.375,0.5,0.1111111111111111,0.07142857142857142,0,0,0.05,0.3,0,0.3888888888888889,0,0,0.14285714285714285,0,0,0,0,0.15,0,0,0,0,0,0,0.14285714285714285,0.05,0.16666666666666666,0,0.16666666666666666,0.2777777777777778,0.25,0.7857142857142857,0.75,1,0,0.1875,0.1,0.3888888888888889,0.3888888888888889,0,0,0,0,0,0,0.16666666666666666,0,0,0
CE10_chr6_8042005,0,0,NA,0,0,0,NA,0.3333333333333333,0,0,0,0,0,0,0,0,0,0,0,0,NA,0,0,0,0,0.3,0,0.16666666666666666,0.4,0.25,0.3,0.16666666666666666,0.1,1,0.3888888888888889,0,0.5,0.3333333333333333,0.5,0,0.5,0.5,0.7857142857142857,1,0.6666666666666666,0.75,1,0.6,1,1,0.9166666666666666,0.8571428571428571,NA,NA,NA,1,0,0,0,0,0,0
CE10_chr6_8500591,1,1,1,1,1,1,1,1,1,1,1,0.9166666666666666,1,1,1,1,1,NA,1,1,1,1,1,1,1,1,1,1,1,1,1,1,1,1,1,1,1,1,1,1,1,1,1,1,1,1,1,1,1,1,1,1,1,1,1,1,1,1,1,1,1,1
CE10_chr6_9162858,0,0,0,0,0,0,0,0,0,0.05,0,0,NA,NA,NA,0,0,0,0,0,0.3333333333333333,0,0,0,0,0,0,0,0,0,0,0,0,NA,0,0,0,0,0,0,0,0,0,0,0,0,0,0,0,0,0,0,0,0,0,0,0,0,0,0,0,0
CE10_chr6_10140458,0.5,0.15,0,0.2222222222222222,0.16666666666666666,0.25,0,0.625,0.1,0.1,1,1,1,1,1,0.7777777777777778,1,1,0.9166666666666666,1,0.875,1,1,1,0.6666666666666666,0.6428571428571429,0,0.16666666666666666,0,0.25,0.4444444444444444,0.25,0.3,0,0.2777777777777778,0.375,0,0.5714285714285714,0.15,0.2,0.25,0.08333333333333333,0,0,0,0,0,0.125,0.1875,0.3,0.2222222222222222,0.05555555555555555,0.5,1,0.5,0.7777777777777778,0.4375,0.25,0.5,0.4,0.14285714285714285,0.7
CE10_chr6_10163575,0.45,0.7777777777777778,0.25,0.2777777777777778,0.2222222222222222,0,0,0.125,0,0,0,0,0,0,0,0,0,0,0.08333333333333333,0,0,0,0,0,0,0.14285714285714285,0.5,0.3333333333333333,0.5,0.4375,0.35,0.625,0,0,0.25,0.125,0,0.14285714285714285,0.3,0.16666666666666666,0.4166666666666667,0.5833333333333334,0.35,0.75,0.2857142857142857,0.25,0,0,0,0,0,0,0,0,0,0,0.2222222222222222,0.375,0,0.2,0.5,0.3
CE10_chr6_10237742,1,1,1,1,1,1,1,1,1,1,1,1,1,1,1,1,1,1,1,1,1,1,1,1,1,1,1,1,1,1,1,NA,1,1,1,1,NA,1,0.9285714285714286,1,0.9166666666666666,1,NA,NA,1,NA,NA,0.75,NA,NA,1,1,1,1,1,1,1,1,1,1,1,1
CE10_chr6_11859862,0,0,0,0,0,0,0,0,0,0,0.25,0.2857142857142857,0.3333333333333333,0.1,0.75,0,0.21428571428571427,0.16666666666666666,0.4166666666666667,0,0.3,0.16666666666666666,0.05555555555555555,0.14285714285714285,0.16666666666666666,0,0,0,0,0.0625,0.05,0,0,0,0,0,0,0,0,0,0,0,0,0,0,0,0,0.0625,0,0,0,0,0,0,0,0,0,0,0,0,0,0
CE10_chr6_11907357,0,0,0,0,0,0.05,0,0,0.05,0,0.2777777777777778,0.35714285714285715,0.2,0.375,0.25,0.3888888888888889,0.5833333333333334,0.5,0.2,0.6666666666666666,0.6666666666666666,0.75,0.5,0.7142857142857143,0.75,0,0,0,0,0,0,0,0,0,0,0,0,0.07142857142857142,0,0,0,0,0,0,0,0,0,0,0,0,0,0,0,0,0,0,0,0,0.3333333333333333,0,0,0
CE10_chr6_12114399,0.9444444444444444,1,0.9166666666666666,0.9375,0.9285714285714286,1,NA,1,1,1,1,1,1,1,1,1,1,1,1,1,1,1,1,1,1,1,1,1,1,1,1,1,1,1,1,1,1,1,1,1,1,1,1,1,1,1,1,1,1,1,1,1,0.75,1,1,0.75,1,1,1,1,1,1
CE10_chr6_13558632,1,1,1,1,1,0.95,1,1,1,1,1,1,1,1,1,1,1,1,1,1,1,1,1,1,1,0.8571428571428571,1,0.8333333333333334,1,0.9375,0.8,1,1,1,1,1,1,1,1,1,1,1,0.9444444444444444,1,0.875,0.75,1,0.6428571428571429,0.8125,0.5555555555555556,0.6111111111111112,0.7222222222222222,1,1,1,1,1,1,1,1,1,1
CE10_chr6_13916704,0.05,0.2,0.1875,0.3125,0.1875,0.2,NA,0.5,0.16666666666666666,0.1111111111111111,1,1,1,1,1,0.9444444444444444,1,1,0.8333333333333334,1,0.9,1,1,1,0.8333333333333334,0,0,0,0,0,0.25,0,0.1,0,0.3,0.375,0,0.2,0.16666666666666666,0.25,0.6666666666666666,0.5,0.1875,0.5,0.16666666666666666,0.5,0,0.125,0.1875,0,0.05555555555555555,0,0.25,0,0,0,0.0625,0,0.3333333333333333,0.2,0,0
CE10_chr6_14547249,0,0.05,0,0.1111111111111111,0.05555555555555555,0,0,0.25,0,0.1,0,0,0,0,0.75,0.1111111111111111,0,0,0,0.05,0,0,0,0,0,0.2857142857142857,0.5,0,0.2,0.4375,0.2,0.125,0.2,0,0,0.25,0,0.35714285714285715,0.2222222222222222,0.4166666666666667,0.75,0.3333333333333333,0.16666666666666666,0,0.1875,0.25,0,0,0.1875,0,0.1111111111111111,0.05555555555555555,0,0,0,0,0.125,0.125,0,0.1,0.16666666666666666,0
CE10_chr6_15100550,0,0,0,0,0.05555555555555555,0.05555555555555555,0,0,0,0,0,0,0,0,0,0.3333333333333333,0.21428571428571427,0.5,0.25,0.15,0,0.08333333333333333,0,0,0,0,0,0,0,0,0,0,0,0,0.1111111111111111,0,0,0,0,0,0,0,0,0,0,0,0,0,0,0,0,0,0,0,0,0,0,0,0,0,0,0
CE10_chr6_16536341,0.1111111111111111,0.2222222222222222,0.1875,0.1111111111111111,0.4444444444444444,0.2222222222222222,1,0.6,0.45,0.65,0,0,0,0,0,0.1111111111111111,0,0,0.08333333333333333,0,0,0,0,0,0.16666666666666666,0.25,0.25,0.5,0.6,0.1875,0,0.125,0.1,0.5,0.1111111111111111,0.25,0,0.14285714285714285,0.55,0.3333333333333333,0.16666666666666666,0.25,0.9,0.75,0.7857142857142857,0.75,NA,0.1,0.6,0.375,0.125,0.5,0.25,1,0.3,0.3333333333333333,0.1111111111111111,0.75,0.6666666666666666,0.125,0.07142857142857142,0.25
CE10_chr6_16539929,1,1,1,1,1,1,1,1,1,1,1,1,1,1,1,0.8571428571428571,1,1,1,1,1,1,1,1,1,0.9,0.5,0.8333333333333334,1,0.625,0.4375,0.75,0.8,0.5,0.6111111111111112,0.75,0.5,0.5,0.6,0.8333333333333334,0.16666666666666666,0.6666666666666666,1,1,1,1,1,0.375,0.7857142857142857,0.75,0.6875,0.5714285714285714,1,1,1,0.8888888888888888,1,1,1,0.875,1,1
CE10_chr6_17586860,0,0,0,0,0,0,0,0,0,0,0,0,0,0,0,0.3888888888888889,0.42857142857142855,0.5,0.25,0.5555555555555556,0.25,0.08333333333333333,0.05555555555555555,0.08333333333333333,0,0,0,0,0,0,0,0,0,0,0,0,0,0.21428571428571427,0,0,0,0,0,0,0,0,0,0.125,0,0,0,0,0,0,0,0,0,0,0,0,0,0
CE10_chr6_32263270,0.35,0.25,0.6875,0.4444444444444444,0.5,0.65,1,1,0.5,0.7222222222222222,1,1,1,1,1,1,1,1,1,1,0.9,1,1,1,1,1,1,1,1,1,1,1,0.7,1,1,1,1,1,1,1,0.9166666666666666,1,1,1,1,1,1,1,1,1,1,1,0.75,1,0.6,0.5555555555555556,0.4444444444444444,0.625,0.8333333333333334,0.6,0.14285714285714285,0.1111111111111111
CE10_chr6_37043988,0,0,0,0.0625,0,0.05,0.5,0.25,0.1,0.45,0,0,0,0,0,0,0,0,0,0,0,0,0,0,0,0,0,0,0,0,0,0,0,0,0,0,0,0,0.05,0,0,0,0.25,0,0,0,0,0,0,0,0,0,0,0,0,0,0.1111111111111111,0.125,0,0,0,0
CE10_chr6_41825773,0,0,0,0,0.1111111111111111,0.05555555555555555,0,0.3,0.1,0,1,1,1,1,1,0.8333333333333334,1,1,0.8333333333333334,1,0.8,1,1,1,0.6666666666666666,0,0,0,0,0,0,0,0,0,0.1111111111111111,0,0,0.14285714285714285,0,0,0,0,0.15,0.5,0.5,0.5,0,0.4375,0.1875,0.4,0.2222222222222222,0.125,0,0,0,0,0,0,0.25,0,0,0
CE10_chr6_43622056,0.2,0.45,0.5,0.3888888888888889,0.4444444444444444,0.35,0.25,0.625,0.4,0.35,1,1,1,1,1,0.8888888888888888,0.9285714285714286,1,0.8333333333333334,1,0.875,1,1,1,0.6666666666666666,0.6428571428571429,1,0.6666666666666666,0.625,0.8125,0.9,0.375,0.6,0.75,0.3888888888888889,0.875,1,0.7142857142857143,0.8333333333333334,0.4166666666666667,1,0.6666666666666666,0.55,0,0.7142857142857143,0.25,1,0.25,0.4375,0.45,0.3333333333333333,0.1111111111111111,0.25,1,0.2,0.05555555555555555,0.5555555555555556,0.625,1,0.4,0.5,0.45
CE10_chr6_43929932,0,0,0,0,0,0,0,0,0,0,0,0,0,0,0,0,0,0,0,0,0,0,0,0,0,0,0.5,0,0,0,0.1,0.125,0,NA,0.4166666666666667,0,0,0.7,0.375,0.4166666666666667,0.5,0.25,0.1111111111111111,0.25,0.21428571428571427,0,NA,0,0,0,0,0,0,0,0,0,0,0,0,0,0,0
CE10_chr6_46773586,0.5,0.6,0.5625,0.625,0.4444444444444444,0.16666666666666666,0.5,0.9,0.6428571428571429,0.3125,0.2222222222222222,0.2857142857142857,0.4166666666666667,0.2,0.625,0.8333333333333334,0.8333333333333334,1,0.9166666666666666,0.95,0.8,0.6666666666666666,0.6666666666666666,0.7857142857142857,0.3333333333333333,0.5714285714285714,1,1,1,0.9375,0.9,1,0.3,1,0.8333333333333334,0.875,1,1,0.8,0.9166666666666666,1,0.75,0.5555555555555556,0.75,0.75,0.75,0,0.5,0.5625,0.85,0.5,0.6111111111111112,0,0,0,0.2222222222222222,0.1875,0.16666666666666666,0,0.2,0.21428571428571427,0.1111111111111111
CE10_chr6_47909481,1,1,1,0.9285714285714286,1,0.8888888888888888,1,1,1,1,1,1,1,1,1,0.8888888888888888,1,1,1,1,1,1,1,1,0.8333333333333334,0.8571428571428571,1,1,1,1,1,1,0.625,1,1,1,1,0.8571428571428571,0.95,0.9166666666666666,0.9166666666666666,0.9166666666666666,1,1,1,1,1,1,1,1,1,1,1,0,0.8,1,0.25,0.3333333333333333,1,0.3,0,0
CE10_chr6_49213622,0,0.05,0,0,0,0,0,0,0,0,0,0,0,0,0,0,0,0,0,0,0,0,0,0,0,0,0.25,0.16666666666666666,0.4,0.5,0.2,0.25,0.1,0,0.05555555555555555,0,0,0.42857142857142855,0.05,0,0.4166666666666667,0.3333333333333333,0,0,0,0,0,0,0,0,0,0,0,0,0,0,0,0,0,0,0,0
CE10_chr6_49607318,0,0,0,0,0,0,0,0.125,0,0,0,0.3333333333333333,0.5,NA,0.5,0.07142857142857142,0.08333333333333333,0.125,0.1,0.0625,0.16666666666666666,0.5,0.3333333333333333,0.5,0,0,0,0,0,0,0,0,0,0,0.0625,0,0,0,0,0,0,0,0,0,0,0,0,0,0,0,0,0,0,0,0,0,0,0,0,0,0,0
CE10_chr6_50220647,0.3333333333333333,0.25,0.21428571428571427,0.5625,0.2222222222222222,0.5,1,0.7,0.2777777777777778,0.3333333333333333,1,1,1,1,1,0.5,0.6428571428571429,0.3333333333333333,0.5,0.5,0.9,0.8333333333333334,0.8888888888888888,0.9285714285714286,1,0.5,0,0.16666666666666666,0.16666666666666666,NA,0.625,0.625,0.2,0.75,0.5714285714285714,0.16666666666666666,0.5,0.5,0,0.375,0.5,0.8333333333333334,0.1,0,0,0.5,0,0.0625,0.1875,0.2222222222222222,0.05555555555555555,0,0.125,0,0.1,0.05555555555555555,0.6875,0.75,0.8333333333333334,0.7,0.6428571428571429,0.55
CE10_chr6_50832604,0.1,0,0,0,0.05555555555555555,0.2222222222222222,1,0.16666666666666666,0.5,0.3,1,1,1,1,1,0.7777777777777778,1,1,0.8333333333333334,1,0.75,1,1,1,1,0,0,0,0,0,0.05555555555555555,0,0,0.25,0.16666666666666666,0.5,0,0.21428571428571427,0.1,0,0,0.3333333333333333,0.15,0,0.0625,0.25,0,0.3125,0.0625,0.35,0.1111111111111111,0,0,0,0,0.05555555555555555,0.16666666666666666,0.25,1,0.1,0.2857142857142857,0.05
CE10_chr6_51555617,0,0,0,0,0,0,0,0,0,0,0,0,0,0,0.375,0,0,0,0,0,0,0,0,0,0,0,0,0,0,0,0,0,0,0,0,0,0,0,0,0,0,0,0,NA,0,0,0,0,0,0,0,0,0,NA,0,0,0,0,0,0,0,0
CE10_chr6_51647498,1,1,1,1,1,1,1,1,1,1,1,1,1,1,1,1,1,1,NA,1,1,1,NA,1,NA,1,1,1,1,1,1,1,1,1,1,1,1,1,1,1,1,1,1,1,1,1,1,1,1,1,1,1,1,1,1,1,1,1,1,1,1,1
CE10_chr6_52686214,0.95,0.7,1,0.7777777777777778,0.6666666666666666,0.5,1,0.8,0.9444444444444444,0.9444444444444444,0.85,0.9285714285714286,0.5,0.3,0.5,0.8888888888888888,0.6428571428571429,0.6666666666666666,0.6666666666666666,0.65,0.6,0.5833333333333334,1,1,0.8333333333333334,0.7857142857142857,1,0.6666666666666666,1,0.75,0.9,0.75,0.3,0.5,0.7777777777777778,0.75,0,0.2857142857142857,0.6666666666666666,0.8333333333333334,0.5833333333333334,0.3333333333333333,0.5,0.25,0.7142857142857143,0,1,0.125,0,0,0,0,0.5,0,0.7,0.6111111111111112,0.3333333333333333,0.375,0.8333333333333334,0.2,0.42857142857142855,0.3
CE10_chr6_52689717,1,1,1,1,0.8333333333333334,0.5,1,1,1,0.9,0.85,1,0.5,0.3,0.5,0.8333333333333334,0.7142857142857143,0.6,0.7,0.6,0.6,0.5833333333333334,1,1,1,0.9166666666666666,1,1,1,0.9,0.9444444444444444,0.8333333333333334,0.5,NA,0.875,0.8333333333333334,NA,0.25,1,1,1,0.25,0.9,1,0.8333333333333334,NA,1,0.25,0.07142857142857142,0,0,0,0.5,NA,0.7,0.7142857142857143,0.375,0.375,0.6666666666666666,0.1,0.42857142857142855,0.3125
CE10_chr6_53094157,1,1,1,1,1,1,NA,1,1,1,1,1,NA,NA,NA,1,1,1,1,1,1,1,1,1,1,1,1,1,1,0.9285714285714286,1,1,1,1,1,1,1,1,1,1,1,1,1,1,1,1,NA,1,1,0.75,1,1,1,NA,1,1,1,1,NA,1,1,1
CE10_chr6_55014319,0,0,0,0,0,0,0,0,0,0,0,0,0,0,0,0.4444444444444444,0.16666666666666666,0.5,0.5833333333333334,0.5,0,0.08333333333333333,0,0,0,0.14285714285714285,0.75,0.5,0.8,0.3125,0.4,0.375,0.5,0,0.2222222222222222,0,0.5,0.6428571428571429,0.1111111111111111,0.5,0.08333333333333333,0.16666666666666666,0,0,0,0,0,0.125,0,0,0,0,0,0,0,0,0,0,0,0,0,0
CE10_chr6_55099913,1,1,1,1,1,0.95,1,1,1,1,0.6,0.7,1,1,0.5,1,0.9285714285714286,1,1,1,0.875,0.5,0.5,0.8333333333333334,1,1,1,1,1,1,1,1,1,1,1,1,1,1,1,1,1,1,1,1,1,1,1,1,1,1,1,1,1,1,1,1,1,1,1,1,1,1
CE10_chr6_55735488,0,0.05,0,0,0,0,0,0,0,0,0,0,0,0,0,0,0,0,0,0,0,0,0,0,0,0.14285714285714285,0.75,0.3333333333333333,0,0.2857142857142857,0.35,0.375,0,0.5,0.2222222222222222,0.25,0.5,0.07142857142857142,0,0.3333333333333333,0,0,0.25,0.5,0.0625,0,0,0,0,0,0,0,0,0,0,0,0,0,0,0,0,0
CE10_chr6_56200603,0,0,0,0.05555555555555555,0.05555555555555555,0,0,0,0,0.05,0,0,0.16666666666666666,0.1,0,0,0,0,0,0.1,0,0,0,0,0,0.14285714285714285,0.25,0.25,0,0.25,0.1,0,0,0,0,0.25,0,0.07142857142857142,0,0.16666666666666666,0,0,0.15,0.25,0.3125,0.25,1,0,0,0,0,0,0.625,1,0.5,0.5,0.4444444444444444,0.5,0,0.4,0.7857142857142857,0.3
CE10_chr6_56409031,0.15,0.25,0.42857142857142855,0.2222222222222222,0.1111111111111111,0,0,0,0,0,0,0,0,0,0,0.2222222222222222,0.07142857142857142,0,0.16666666666666666,0.15,0.1,0,0,0,0,0.14285714285714285,0.5,0.16666666666666666,0.3,0.0625,0.05,0.125,0.1,0,0,0.25,0,0.14285714285714285,0,0.3333333333333333,0,0.08333333333333333,0.35,0,0.4375,0.75,0,0,0,0,0,0,0,0,0,0.05555555555555555,0,0,0,0,0.07142857142857142,0
CE10_chr6_56496994,NA,1,0.75,1,1,1,1,1,1,1,0.75,NA,1,1,1,1,0.75,1,1,0.8333333333333334,1,1,1,NA,NA,1,1,1,NA,1,0.9,1,1,1,1,NA,NA,1,1,1,1,1,1,1,NA,NA,1,1,1,1,1,1,NA,NA,NA,1,1,1,1,NA,NA,0
CE10_chr6_56505735,0.45,0.3888888888888889,0.125,0.2857142857142857,0.4444444444444444,0.16666666666666666,0,0.125,0.2,0.16666666666666666,0.75,1,0.5,0.5,0.875,0.2777777777777778,0.35714285714285715,0.08333333333333333,0.6,0.65,0.6666666666666666,0.625,0.9285714285714286,1,0.75,0,0,0.5,0.6,0.1875,0.15,0.16666666666666666,0.125,0,0.16666666666666666,0.125,0,0.21428571428571427,0.1,0,0,0.08333333333333333,0.6428571428571429,0.5,0.6,1,0,0,0,0,0,0,0.25,0,0,0.1111111111111111,0,0.125,0.3333333333333333,0,0.07142857142857142,0.3333333333333333
CE10_chr6_56508033,0.3,0.25,0.125,0.2777777777777778,0.4444444444444444,0.15,0,0.125,0.2,0.25,0.75,1,0.5,0.5,0.75,0.14285714285714285,0.3333333333333333,0,0.75,0.5625,0.7,0.9,0.9444444444444444,1,0.5,0,0,0,0.5,0.125,0.0625,0,0,0,0.16666666666666666,0.25,NA,0.08333333333333333,0.1,0,0,0,0.6111111111111112,0.25,0.5714285714285714,1,0,0.07142857142857142,0,0,0,0,0.25,0,0,0.05555555555555555,0,0,0.3333333333333333,0,0,0.1875
CE10_chr6_56508360,0.375,0.4,0.07142857142857142,0.2222222222222222,0.4444444444444444,0.1,0,0.3,0.1,0.25,0.75,1,0.5833333333333334,0.6,0.875,0.16666666666666666,0.42857142857142855,0.08333333333333333,0.75,0.7222222222222222,1,0.9,0.9375,1,1,0.07142857142857142,0,0.3333333333333333,0.5,0.3125,0.1111111111111111,0.25,0.3,0,0.16666666666666666,0,0.5,0.14285714285714285,0,0,0,0.08333333333333333,0.6,0,0.6428571428571429,1,0,0.1875,0,0,0,0,0.25,0,0,0.0625,0.05555555555555555,0,0.25,0,0,0.3
CE10_chr6_56508405,0.3888888888888889,0.45,0.07142857142857142,0.2222222222222222,0.3888888888888889,0.05555555555555555,0,0.16666666666666666,0.1,0.25,0.75,1,0.5,0.5,0.875,0.16666666666666666,0.5,0.08333333333333333,0.75,0.7222222222222222,1,0.9,0.9375,1,0.5,0.07142857142857142,0,0.3333333333333333,0.5,0.25,0.05555555555555555,0.375,0.3,0,0.1111111111111111,0,0.5,0.14285714285714285,0.1,0,0,0.08333333333333333,0.6,0,0.6428571428571429,1,0,0.1875,0,0,0,0,0.25,0,0,0.0625,0.05555555555555555,0.16666666666666666,0.25,0,0,0.3333333333333333
CE10_chr6_56508510,0.2777777777777778,0.45,0.1875,0.2857142857142857,0.42857142857142855,0.2,0,0.3,0.15,0.16666666666666666,0.65,1,0.5833333333333334,0.6,0.875,0.2222222222222222,0.5,0.08333333333333333,0.75,0.6666666666666666,0.7,0.8,0.8888888888888888,1,0.6666666666666666,0.07142857142857142,0,0.5,0.6,0.25,0.1,0.375,0.3,0,0.1111111111111111,0.125,0.5,0.14285714285714285,0,0,0.08333333333333333,0.1,0.6111111111111112,0,0.6875,1,0,0.1875,0,0,0,0,0.25,0,0,0.1111111111111111,0.05555555555555555,0.25,0.16666666666666666,0,0,0.2777777777777778
CE10_chr6_56508903,0.35,0.3125,0.14285714285714285,0.3333333333333333,0.3333333333333333,0.15,0,0.3333333333333333,0.15,0.2,0.7,1,0.4,0.5,0.875,0.2222222222222222,0.4166666666666667,0.08333333333333333,0.75,0.5,0.875,0.9,0.9444444444444444,1,0.5,0.07142857142857142,0,0.3333333333333333,0.5,0.21428571428571427,0.1,0.16666666666666666,0.125,0,0.16666666666666666,0.25,0.5,0.08333333333333333,0.1,0,0.08333333333333333,0.08333333333333333,0.625,0.25,0.75,1,0,0.0625,0,0,0,0,0.25,0,0,0.1111111111111111,0.1111111111111111,0.25,0.3333333333333333,0,0.07142857142857142,0.3
CE10_chr6_56512550,0.2222222222222222,0.35,0.14285714285714285,0.3333333333333333,0.3888888888888889,0.1,0,0.125,0.2,0.2,0.7,1,0.5833333333333334,0.6,0.75,0.2222222222222222,0.6666666666666666,0.08333333333333333,0.7,0.6666666666666666,0.7,0.8333333333333334,0.9375,1,0.5,0.08333333333333333,0,0.5,0.4,0.1875,0.2,0,0.3,0,0.125,0.25,0.5,0.16666666666666666,0.1,0,0.08333333333333333,0.08333333333333333,0.6666666666666666,0,0.625,1,0,0.0625,0,0,0,0,0.16666666666666666,0,0,0.1111111111111111,0.125,0,0.5,0,0.07142857142857142,0.35
CE10_chr6_57091044,0.65,0.3333333333333333,0.4375,0.3888888888888889,0.3888888888888889,0.75,0.75,0.25,0.7,0.65,1,1,1,1,1,0.8888888888888888,1,1,0.9166666666666666,1,1,1,0.8125,0.9285714285714286,1,0.3333333333333333,0.5,0.5,0,0.125,0.15,0.125,0,0,0.2222222222222222,0,0,0.5714285714285714,0.16666666666666666,0.25,0.25,0.16666666666666666,0.45,0,0.375,0.25,1,0.25,0.1875,0.4,0.2222222222222222,0.3333333333333333,0.875,0,1,0.7222222222222222,0.5555555555555556,0.25,1,0.3,0.5,0.65
CE10_chr6_57531287,1,0.7,1,0.9444444444444444,1,0.85,1,0.9,1,0.95,0.85,0.7142857142857143,1,0.7,0.875,0.7777777777777778,0.6666666666666666,0.6666666666666666,0.8333333333333334,0.85,0.9,0.8,0.8888888888888888,1,1,0.5,0.5,1,0.6,0.9375,0.5555555555555556,0.875,0.7,1,0.8888888888888888,0.875,1,0.6428571428571429,1,0.5,1,1,1,1,1,1,1,0.375,0.625,0.7777777777777778,0.3333333333333333,0.4375,1,0,0.9,0.6666666666666666,0.7857142857142857,0.6666666666666666,0.75,0.5,0.6,0.7
CE10_chr6_58488134,0,0.1,0,0.05555555555555555,0,0,0,0,0,0,0.05,0,0,0.5,0,0.1111111111111111,0.25,0.1,0.25,0.2,0,0.08333333333333333,0.3333333333333333,0.5,0,0.07142857142857142,0,0,0,0,0,0,0,0,0,0,0,0,0.2,0.16666666666666666,0.08333333333333333,0,0,0,0,0,0,0,0,0,0,0,0,0,0,0,0,0,0,0,0,0
CE10_chr6_60507741,1,1,1,1,1,0.9444444444444444,1,0.8,1,1,0.95,1,1,1,1,1,0.9285714285714286,1,1,1,1,0.9166666666666666,0.8125,0.8571428571428571,1,0.8571428571428571,1,1,1,1,1,1,1,1,1,1,1,1,1,1,1,1,1,1,0.9375,1,1,0.25,0.3125,0.4,0.2222222222222222,0.3888888888888889,1,1,1,0.9444444444444444,1,1,1,1,1,1
CE10_chr6_60677520,1,1,1,1,1,1,1,1,1,1,0.85,1,1,1,1,1,0.9285714285714286,1,1,1,1,0.9166666666666666,0.9444444444444444,1,1,1,1,1,1,1,0.9,1,0.7,1,0.9444444444444444,1,1,1,1,0.75,1,1,1,0.5,0.6875,1,1,0.6875,1,1,0.5555555555555556,0.375,0.5,0,0.9,0.6666666666666666,0.75,0.625,1,0.7,0.6428571428571429,0.9
CE10_chr6_60718601,0.05,0,0,0,0,0,0.5,0.5,0.1,0.25,0.95,1,0.9,1,0.875,0.7222222222222222,0.8571428571428571,1,0.75,1,0.9,0.7,0.9375,0.8333333333333334,0.3333333333333333,0.07142857142857142,0.5,0,0,0.14285714285714285,0.35,0.5,0.1,0.25,0.3888888888888889,0.25,0,0.21428571428571427,0.05,0,0.08333333333333333,0.3333333333333333,0.1,0.25,0.07142857142857142,0,0,0.125,0,0,0,0,0,0,0,0,0,0.125,0.5,0,0,0
CE10_chr6_60937551,0,0,0,0,0,0.2,0,0,0,0,0.15,0.07142857142857142,0.3333333333333333,0.5,0.25,0.05555555555555555,0.2857142857142857,0.3333333333333333,0.2,0.1111111111111111,0,0.25,0.5555555555555556,0.8333333333333334,0.16666666666666666,0,0,0,0,0,0,0,0,0,0,0,0,0.07142857142857142,0,0,0,0,0,0,0,0,0,0,0,0,0,0,0,0,0,0,0,0,0,0,0,0
CE10_chr7_1509525,0.4,0.2,0.5625,0.2222222222222222,0.2777777777777778,0,0,0,0,0,0.15,0,0.16666666666666666,0.1,0,0.2222222222222222,0.14285714285714285,0,0.08333333333333333,0,0,0.08333333333333333,0,0,0,0.07142857142857142,0,0.16666666666666666,0.2,0.3125,0.4,0.5,0,1,0.3333333333333333,0.16666666666666666,0,0.2857142857142857,0.75,0.4166666666666667,0.6666666666666666,0.16666666666666666,0,0,0.07142857142857142,0,0,0,0,0,0,0,0,0,0,0,0.2777777777777778,0,0,0,0.07142857142857142,0.15
CE10_chr7_2230606,0.3125,0.15,0.3125,0.4444444444444444,0.6111111111111112,0.1,0,0,0,0,0,0,0,0,0,0,0.07142857142857142,0.08333333333333333,0.16666666666666666,0,0.1,0.25,0.05555555555555555,0,0.16666666666666666,0.35714285714285715,1,0,0.5,0.5625,0.55,0.25,0.3,0,0.1111111111111111,0.125,0,0.5,0.05,0.08333333333333333,0,0.08333333333333333,0.55,0,0.375,0.25,1,0,0,0,0,0.1111111111111111,1,1,0.5,0.6666666666666666,0.1111111111111111,0.375,0,0.2,0.2857142857142857,0
CE10_chr7_2265616,0,0.1,0,0,0,0.15,0,0.2,0,0,0.16666666666666666,0,0.3333333333333333,0,0.25,0.2777777777777778,0.14285714285714285,0.08333333333333333,0,0.2,0.3,0,0.05555555555555555,0.25,0,0.25,1,1,0.5,0.625,0.75,0.375,0.25,1,0.7777777777777778,1,1,0.5,0.35,0.5,0.3333333333333333,0.8333333333333334,0.2,0,0,0.25,0,0,0,0,0,0,0,0,0.2,0.2222222222222222,0,0,0,0,0,0.05
CE10_chr7_2901098,0.9,0.95,1,0.7777777777777778,0.8888888888888888,0.9,1,0.8,1,1,1,1,1,1,1,1,1,1,1,0.9444444444444444,1,1,1,1,1,0.9285714285714286,1,1,1,1,1,1,1,1,1,1,1,1,1,1,0.9166666666666666,1,1,1,1,1,1,0.6875,0.0625,0.2,0.2777777777777778,0.2777777777777778,1,1,1,0.9444444444444444,1,1,1,1,1,1
CE10_chr7_5693456,0.2222222222222222,0.55,0.4375,0.8333333333333334,0.8333333333333334,0.2777777777777778,0.5,0.7,0.65,0.35,1,1,1,1,1,0.8333333333333334,1,1,0.9166666666666666,1,1,1,1,1,0.6666666666666666,0.5,0.25,0.5,0.4,0.1875,0.4,0.125,1,1,0.8125,0.875,1,0.3333333333333333,0.4,0.75,0.5,0.75,0,0,0.1875,0,0,0.14285714285714285,0.0625,0.1111111111111111,0,0.2222222222222222,0.6666666666666666,1,1,0.8888888888888888,0.75,0.25,0.3333333333333333,0.3,0.42857142857142855,0.6
CE10_chr7_5725063,0.8,0.85,0.6875,0.9444444444444444,0.9444444444444444,0.6,0.5,0.9,0.75,0.5555555555555556,1,1,1,1,1,1,1,1,1,1,1,1,1,1,0.8333333333333334,0.8571428571428571,1,1,1,1,1,1,1,1,1,1,1,1,0.9,1,1,1,1,1,1,1,1,1,1,1,1,1,0.25,0,0.6,0.3125,0.8333333333333334,0.75,0.5,0.625,0.9285714285714286,0.7
CE10_chr7_6384540,0.5,0.75,0.875,0.5,0.5,0.8,1,1,1,0.85,1,1,1,1,1,0.9444444444444444,1,1,1,0.95,1,1,1,1,1,1,1,1,1,1,1,1,0.9,1,1,1,1,1,0.9,0.9166666666666666,0.9166666666666666,0.8333333333333334,0.9,1,0.625,1,1,1,1,1,1,1,0.625,1,1,0.8888888888888888,0.6111111111111112,1,0.8333333333333334,0.7,0.7857142857142857,0.75
CE10_chr7_6774211,0,0,0,0,0,0.05,0,0,0.1,0,0.05,0,0.3333333333333333,0.375,0.375,0.1111111111111111,0,0,0,0.05,0.25,0,0.1111111111111111,0.08333333333333333,0.16666666666666666,0,0,0,0,0,0,0,0,0,0,0,0,0,0,0,0,0,0.25,1,0.375,0,0,0,0,0.2,0,0,0,0,0,0,0,0,0,0,0,0
CE10_chr7_8719138,0.95,0.5,0.8125,0.75,0.4444444444444444,0.8571428571428571,0.5,1,0.6875,0.75,1,1,1,1,1,1,1,1,0.8333333333333334,0.9444444444444444,1,0.875,1,1,1,0.6428571428571429,1,1,1,0.875,1,1,0.9,1,0.875,0.75,1,0.8,0.125,0.5833333333333334,0.9166666666666666,0.75,1,1,1,1,1,0.5,0.625,0.2222222222222222,0.3333333333333333,0.6666666666666666,0.375,1,0.6,0.5,0.7777777777777778,0.75,1,1,0.9285714285714286,0.75
CE10_chr7_8749564,1,1,1,1,1,1,1,1,1,1,1,1,1,1,1,1,1,1,1,1,1,1,0.9166666666666666,1,1,1,1,1,1,1,1,1,1,1,1,1,NA,1,1,1,1,1,1,1,1,1,1,1,1,1,1,1,1,1,1,1,0.875,1,1,1,1,1
CE10_chr7_8814223,1,1,1,1,1,1,1,1,1,1,1,1,1,1,1,1,1,1,1,1,1,1,1,1,1,1,1,1,1,1,1,1,1,NA,0.875,1,1,1,1,1,1,1,1,1,1,1,1,1,1,1,1,1,1,NA,1,1,1,1,1,1,1,1
CE10_chr7_10692194,0,0.14285714285714285,0,0,0.0625,0.4166666666666667,NA,0.75,0,0,1,1,1,1,1,1,1,1,1,1,1,1,1,0.9285714285714286,0.6666666666666666,0.8333333333333334,0.5,1,1,1,1,1,1,1,0.8888888888888888,1,1,1,1,0.8,0.8,0.75,0,NA,0.125,NA,NA,1,0,1,0.6666666666666666,1,0.625,0,0.375,0.7,0.5,0,0.16666666666666666,0,0.6666666666666666,0
CE10_chr7_11015414,0,0,0,0,0,0.05,0,0,0.1,0,0.35,0,0.16666666666666666,0.3,0,0.4444444444444444,0.7142857142857143,0.9166666666666666,0.5833333333333334,0.5,0.4,0.08333333333333333,0.16666666666666666,0.21428571428571427,0,0,0,0,0,0,0,0,0,0,0.1111111111111111,0,0,0.14285714285714285,0,0,0,0,0,0,0,0,0,0.125,0,0,0,0,0,0,0,0,0,0,0,0,0,0
CE10_chr7_11303734,1,1,1,1,1,1,1,1,1,1,0.7,1,0.5,0.5,0.5,0.875,0.8,1,0.8,0.8,1,1,0.8333333333333334,0.9,NA,1,1,1,NA,NA,1,1,NA,NA,1,1,NA,NA,1,1,1,1,1,1,1,NA,NA,1,1,1,1,1,1,1,1,1,1,1,1,1,1,1
CE10_chr7_12840218,0.6666666666666666,0.25,0.7,0.375,0.25,0,NA,0,NA,0,NA,1,NA,NA,NA,0,NA,NA,NA,NA,NA,1,0.6666666666666666,1,NA,0,1,0,0,0,0.14285714285714285,0,0,0,0,0,NA,0.8333333333333334,0.5,0,0.1,0.5,0,0,0,0,0,0,0,0,0,0,NA,NA,0,0,0,0,NA,0,0,0
CE10_chr7_17110835,0,0,0,0,0,0.05,0,0.2,0.1,0,1,1,1,1,1,0.5555555555555556,0.5,0.5833333333333334,0.5,0.55,0.6,0.6666666666666666,0.9444444444444444,1,0.8333333333333334,0,0,0,0,0,0,0,0,0,0.05555555555555555,0,0,0.07142857142857142,0,0,0,0,0,0,0,0,0,0.125,0,0,0,0,0,0,0,0,0,0,0.3333333333333333,0,0,0
CE10_chr7_18760873,0,0,0,0,0,0,0,0,0,0,1,1,1,1,1,0.5,1,0.75,0.6666666666666666,0.9,0.75,0.3333333333333333,1,1,0,0,0,0,0,0,0,0,0,0,0,0,0,0.14285714285714285,0,0,0,0,0,0,0,0,0,0.125,0,0,0,0,0,0,0,0,0,0,0,0,0,0
CE10_chr7_21296983,0.65,0.9,0.75,0.6666666666666666,0.8888888888888888,0.95,1,1,0.9,0.9,1,1,1,1,1,1,1,1,1,1,1,1,1,1,0.8333333333333334,0.8333333333333334,1,0.5,0.7,0.6666666666666666,0.7,1,1,0.25,0.9444444444444444,1,0.5,0.6428571428571429,0.7,0.8333333333333334,0.6666666666666666,0.7,0.5555555555555556,0.75,0.6428571428571429,0.25,0.5,1,0.8125,0.7,0.8333333333333334,1,0.125,0,0.3,0.25,0.5,0.5,1,0,0.6428571428571429,0.25
CE10_chr7_22351842,0,0,0,0,0,0,0,0,0,0,NA,NA,NA,NA,NA,0,NA,NA,0,NA,NA,0,NA,NA,NA,0,0,0,0,0,0,0,0,0,0,0,0,0,0,0,0,0,0,0,0,0,0,0,0,0,0,0,0,0,0.1,0,0.3333333333333333,0,0,0,0.14285714285714285,0.05555555555555555
CE10_chr7_23731913,1,1,1,0.75,1,1,0.5,1,1,1,1,1,1,1,1,1,1,1,1,1,1,1,1,1,1,1,1,1,1,1,1,1,1,0,1,1,NA,0.875,1,1,1,1,1,1,1,1,1,1,1,1,1,1,NA,NA,NA,1,0.25,1,1,NA,0.6666666666666666,NA
CE10_chr7_24106271,0.5,0.25,0.5,0.2777777777777778,0.16666666666666666,0,0,0,0,0.1,0,0,0,0,0,0,0,0,0,0,0,0,0,0,0,0.14285714285714285,0,0.5,0.4,0.42857142857142855,0.25,0.125,0,0.5,0.1111111111111111,0,0.5,0.5,0.2777777777777778,0.1,0.25,0.16666666666666666,0.4,0,0.14285714285714285,0.5,0.5,0,0,0,0,0,0.875,1,0.7,0.7777777777777778,0.7222222222222222,0.625,0,1,0.5,0.9
CE10_chr7_25095285,0.3125,0.3,0.21428571428571427,0.16666666666666666,0.125,0,0,0,0,0.1,0,0,0,0,0,0,0,0,0,0,0.1,0.16666666666666666,0,0,0,0.14285714285714285,0,0.3333333333333333,0.3,0.3125,0.25,0,0,0.75,0.1111111111111111,0,0.5,0.2857142857142857,0.3,0.16666666666666666,0.4166666666666667,0.16666666666666666,0.3888888888888889,0,0.3125,0.75,0,0,0,0,0,0,0.875,1,1,0.8333333333333334,0.5,0.125,0,0.625,0.42857142857142855,0.6111111111111112
CE10_chr7_25619547,0.25,0.35,0.125,0.21428571428571427,0.07142857142857142,0,0,0,0,0.05,0,0,0,0,0,0,0,0,0,0,0.1,0,0,0,0,0.14285714285714285,0,0.5,0.4,0.2857142857142857,0.2777777777777778,0.125,0,0.5,0,0,0.5,0.42857142857142855,0.6,0.16666666666666666,0.1,0.16666666666666666,0.2,0.25,0.1875,0.75,0,0,0,0,0,0,0.8333333333333334,0.5,1,0.7777777777777778,0.5,0,0,0.3,0.4166666666666667,0.7
CE10_chr7_27019112,0.3333333333333333,0.4,0.125,0.2777777777777778,0.1111111111111111,0,0,0,0,0.1,0,0,0,0,0,0,0,0,0,0,0.2,0.08333333333333333,0,0,0,0.14285714285714285,0,0.3333333333333333,0.3,0.25,0.125,0.125,0,0.75,0.1111111111111111,0,0.5,0.35714285714285715,0.6,0.08333333333333333,0.3333333333333333,0.1,0.3,0.5,0.35714285714285715,0.5,0,0,0,0,0,0,0.875,1,1,0.8333333333333334,0.6111111111111112,0,0,0.5,0.4166666666666667,0.55
CE10_chr7_28547523,0,0,0,0,0,0,NA,0,0,0,NA,NA,NA,NA,NA,0,NA,NA,0,NA,NA,NA,NA,NA,NA,0,0,0,0,0,0,0,0,NA,0,0,NA,0,0,0,0,0,0,0,0,NA,0,0,0,0,0,0,NA,NA,NA,0,0,0,0,NA,0,0
CE10_chr7_28948567,0.95,1,0.8125,0.8888888888888888,1,0.95,1,1,1,1,1,0.9285714285714286,1,1,1,0.8888888888888888,1,1,0.9166666666666666,1,1,1,1,1,1,1,1,1,1,1,1,1,1,1,1,1,1,0.8571428571428571,1,0.6666666666666666,1,0.75,0.9444444444444444,1,0.75,1,1,0.875,0.4375,0.5,0.7777777777777778,0.5714285714285714,1,1,1,1,1,1,1,1,1,1
CE10_chr7_30059557,0.05,0.15,0.125,0.0625,0.05555555555555555,0.16666666666666666,0.5,0.25,0.2,0,1,1,1,0.9,1,0.7777777777777778,1,1,0.8333333333333334,1,0.8,0.75,1,1,1,0,0,0,0,0,0.05555555555555555,0,0,0,0.14285714285714285,0.16666666666666666,0,0.5714285714285714,0,0.16666666666666666,0.16666666666666666,0,0.5,0.25,0.375,0.75,0,0.14285714285714285,0,0,0,0,0.25,0,0,0,0,0,0.3333333333333333,0,0,0
CE10_chr7_30924004,0.05,0.05555555555555555,0.0625,0.1111111111111111,0.05555555555555555,0.1,0.5,0.5,0.2,0,1,1,1,1,1,0.7777777777777778,0.8571428571428571,1,0.75,1,1,0.8333333333333334,1,1,1,0,0,0.25,0.125,0.3333333333333333,0.5,0.16666666666666666,0.2,1,0.3333333333333333,0.3333333333333333,1,0.8333333333333334,0.7777777777777778,0.3,0.75,0.3,0.4444444444444444,0.75,0.5,0.75,0,0.14285714285714285,0,0,0,0,0.25,0,0,0,0,0,0.75,0,0,0
CE10_chr7_33956812,0.8,0.75,0.8125,0.7777777777777778,0.9444444444444444,1,1,1,1,0.9,1,1,1,1,1,1,1,1,1,1,1,1,1,1,1,0.8571428571428571,1,1,0.9,1,1,1,1,1,0.9444444444444444,0.875,1,1,1,1,1,1,1,1,1,1,1,1,1,1,1,1,0.5,0,0.5,0.3333333333333333,0.6875,1,1,0.5,0.6428571428571429,0.4444444444444444
CE10_chr7_35379076,0.7222222222222222,0.65,0.75,0.625,0.9444444444444444,0.75,1,0.9,1,0.9,0.65,0.9166666666666666,0.75,0.6,0.875,0.8888888888888888,1,0.9166666666666666,1,0.9,0.8,1,1,0.9285714285714286,1,0.8571428571428571,0.75,1,1,0.9375,0.95,1,0.7,1,1,1,1,1,1,1,1,1,0.7,0.75,0.9375,1,0.5,0.1875,0.3125,0.7,0.25,0.25,0.375,0,0.25,0.2777777777777778,0.4444444444444444,0.875,0.6666666666666666,0.6,0.5,0.6111111111111112
CE10_chr7_35870298,1,0.75,1,1,NA,0.875,NA,1,1,1,1,1,1,1,1,1,1,1,1,1,1,1,1,1,1,1,1,1,1,1,1,0.75,1,1,0.9375,1,1,1,1,1,1,1,0.9285714285714286,NA,1,1,1,1,1,1,NA,1,1,1,1,0.875,1,1,NA,1,1,1
CE10_chr7_37169887,1,1,1,1,1,1,1,1,1,1,1,1,1,1,1,1,1,1,1,1,1,1,1,1,1,1,1,1,1,1,1,1,1,1,1,1,1,1,1,1,1,1,1,1,1,1,1,1,1,1,1,1,1,NA,1,1,1,1,NA,1,1,1
CE10_chr7_37206677,1,0.8,1,1,1,1,1,1,1,1,1,NA,1,1,1,1,1,1,1,1,1,1,1,1,1,0.5,1,1,0.9,0.9375,0.7,0.625,1,1,1,1,1,0.8333333333333334,0.5555555555555556,0.6666666666666666,0.9166666666666666,0.8333333333333334,1,NA,1,1,NA,1,NA,NA,NA,NA,NA,NA,1,NA,1,NA,1,1,1,1
CE10_chr7_40327334,0,0.05,0.1875,0,0,0.1,0,0.125,0,0.1,0.4,0.4,0.75,0.3333333333333333,0.8333333333333334,0.2777777777777778,0.5833333333333334,0.5,0.75,0.45,0.5,0.4166666666666667,0.375,0.5833333333333334,0.25,0,0,0.5,0.1,0.1875,0.15,0.375,0,0,0.125,0.125,0.5,0.42857142857142855,0.05555555555555555,0.08333333333333333,0.16666666666666666,0.3333333333333333,0,0,0,0,0,0,0,0,0,0,0,0,0,0,0.25,0,0,0.3,0.5,0.3125
CE10_chr7_40848773,0,0,0,0,0,0,0,0,0,0,0,0.5,NA,0,0,0,0.3333333333333333,0,0,0.16666666666666666,0,0,0,0,0.5,0,0,0,0,0,0,0,0,0,0.1111111111111111,0,0,0,0,0,0,0,0,0,0,0,0,0,0,0,0,0,0,0,0,0,0,0,0,0,0,0
CE10_chr7_42801383,1,1,1,1,1,1,1,1,1,1,1,1,1,1,1,1,1,NA,1,1,1,1,1,1,1,1,1,1,1,1,1,1,1,NA,1,1,NA,1,1,1,1,1,1,1,1,1,1,1,1,1,1,1,1,1,1,1,1,1,1,1,1,1
CE10_chr7_43181374,0.1111111111111111,0.1,0.25,0.1111111111111111,0.16666666666666666,0.16666666666666666,0,0.375,0.1,0,0.05,0.14285714285714285,0.4166666666666667,0.4,0.25,0.9444444444444444,0.7857142857142857,0.9166666666666666,0.9166666666666666,0.7,0.7,0.75,0.8125,1,0.5,0.07142857142857142,0.5,0.6666666666666666,0.5,0.7857142857142857,0.8888888888888888,0.75,0.5,0.25,0.5,1,0.5,0.42857142857142855,0.05,0.25,0.5,0.16666666666666666,0.05,0,0,0,0,0.125,0,0,0,0,0.25,1,0.5,0.4444444444444444,0.3888888888888889,0.5,0.16666666666666666,0.3,0.5714285714285714,0.55
CE10_chr7_44325452,0,0,0,0,0,0.05,0,0.5,0.1,0,0.05,0.16666666666666666,0.5,0.3,0.125,0.5625,0.42857142857142855,0.75,0.08333333333333333,0.6666666666666666,0,0.08333333333333333,0,0.08333333333333333,0,0,0,0,0,0,0,0,0.2,0.25,0.07142857142857142,0,0,0.08333333333333333,0.2777777777777778,0.2,0.1,0.3,0,0,0,0,0,0.125,0,0,0,0,0,0,0,0,0,0,0,0,0,0
CE10_chr7_45574575,0,0,0,0,0.16666666666666666,0,0,0,0,NA,NA,NA,0,NA,NA,0,NA,NA,NA,NA,NA,NA,NA,NA,0,0,0,0,0,0,0,0,0,0,0,0,0,0,0,0,0,0,0,NA,0,0,NA,NA,0,0,NA,0,0,0,0,0,0,0,0,0,0,0
CE10_chr7_45797983,1,1,1,1,1,0.95,1,1,1,1,0.95,0.9166666666666666,0.875,1,1,1,0.9166666666666666,0.9166666666666666,1,1,1,1,0.9285714285714286,0.5,1,1,1,1,1,1,1,1,1,1,0.9375,0.8333333333333334,1,1,1,1,1,1,1,1,1,1,1,0.7,0.6,0.7857142857142857,0.5,0.5,1,1,1,0.9375,1,1,1,1,1,1
CE10_chr8_1037756,0,0,0,0.05555555555555555,0.05555555555555555,0,0,0.1,0,0,NA,NA,NA,NA,1,0.5,NA,1,1,1,0,NA,NA,NA,NA,0,0,0,0,0,0,0,0,NA,0.3333333333333333,0,0,0,0,0,0,0,0.4,1,0.0625,0.5,0.5,0.125,0.0625,0,0,0,0,0,0,0,0,0,0.25,0,0,0
CE10_chr8_1122352,0.6111111111111112,0.7222222222222222,0.5625,0.6666666666666666,0.7222222222222222,0.8333333333333334,1,0.75,1,0.85,0.7,0.6428571428571429,0.4166666666666667,0.8,0.75,1,1,1,0.8,1,0.8,1,1,1,1,0.8571428571428571,1,1,0.9,1,1,1,0.9,1,1,1,1,1,1,1,0.9166666666666666,0.8333333333333334,1,1,1,1,1,0.25,0.0625,0.2,0.2777777777777778,0.5555555555555556,1,1,0.875,0.8125,0.8888888888888888,1,1,0.7,0.9285714285714286,0.75
CE10_chr8_3713222,1,1,1,1,1,1,1,1,1,1,1,1,1,1,1,1,1,1,1,1,1,1,1,1,1,1,1,1,1,1,1,1,1,1,1,1,1,1,1,1,1,1,1,1,1,NA,NA,1,1,1,1,1,1,1,1,1,1,1,1,1,1,1
CE10_chr8_3943205,0,0,0,0,0,0,0,0,0,0,0,0,0,0,0,0.16666666666666666,0.21428571428571427,0,0,0.3,0.1,0,0,0,0,0.1,0,0,0.1,0.125,0.2222222222222222,0,0,0.25,0,0.625,NA,0.5833333333333334,0.2,0.25,0.5,0.4,0.2222222222222222,0,0,0,0.5,0,0,0,0,0,0,0,0,0,0.75,0.625,0,0,0,0.16666666666666666
CE10_chr8_4009990,0.95,0.5,0.8571428571428571,0.6111111111111112,0.7222222222222222,0.3,0,0.6666666666666666,0.35,0.25,0.85,0.7142857142857143,0.9166666666666666,0.9,0.875,0.8888888888888888,1,1,0.9166666666666666,1,0.9,1,1,1,1,1,1,1,1,0.9375,0.95,1,0.4,1,0.8333333333333334,0.5,1,1,0.8333333333333334,0.5833333333333334,1,0.6666666666666666,1,1,1,1,1,1,1,1,1,1,1,1,1,1,0.7777777777777778,1,0.8333333333333334,0.8,0.6428571428571429,0.8
CE10_chr8_4027355,0.65,0.35,0.8125,0.625,0.5,0.2222222222222222,0.25,0.6666666666666666,0.4,0.3,1,1,1,1,1,0.7777777777777778,1,0.9166666666666666,1,0.95,1,1,1,1,1,0.7857142857142857,0.75,0.5,0.5,0.5625,0.85,0.625,0.375,0.75,0.8333333333333334,0.25,1,0.7142857142857143,0.2222222222222222,0.25,0.3333333333333333,0.25,0.6,0.5,0.6875,1,0,0.5,0.125,0,0.6111111111111112,0.1875,1,1,1,1,0.8125,1,1,0.875,0.7142857142857143,0.85
CE10_chr8_4223515,0,0,0,0,0,0,0,0,0.1,0,NA,NA,1,NA,NA,0.25,NA,1,0,0,NA,NA,NA,NA,NA,0,0,0,0,0,0,0,0,NA,0,0,0,0,0.15,0.3,0,0.08333333333333333,0,0,0,0,0,0,0,0,0,0,0.375,0,0.2,0.1875,0.1111111111111111,0,0,0.16666666666666666,0,0.1111111111111111
CE10_chr8_4688053,0,0,0.07142857142857142,0.1111111111111111,0.05555555555555555,0,0,0.1,0.1,0.05,0.4166666666666667,0.625,0.625,0.625,0.5,0.25,0.35714285714285715,0.75,0.3333333333333333,0.2777777777777778,0.625,0.75,0.5625,0.3333333333333333,0.25,0,0,0,0,0,0,0,0,0,0,0,0,0.07142857142857142,0,0,0,0,0,0,0,0,0,0,0,0,0,0,0.16666666666666666,0.5,0,0.07142857142857142,0.25,0.25,0.3333333333333333,0.1,0.07142857142857142,0.0625
CE10_chr8_5910154,0.05,0,0,0,0,0,0.5,0.1,0.1,0.15,0.55,0.5714285714285714,0.6666666666666666,0.5,0.75,0.3888888888888889,0.6,0.4166666666666667,0.3333333333333333,0.4375,0.5,0.625,0.375,0.2,0.25,0,0,0,0.2,0.125,0.3,0,0,0,0,0,0,0.07142857142857142,0,0.16666666666666666,0,0,0,0.25,0,0,0,0.125,0,0.1,0,0,0,0,0,0,0,0.125,0.3333333333333333,0,0,0.05
CE10_chr8_6880664,0,0,0,0,0,0,0,0,0,0,0,0.3333333333333333,0,0,0,0.3,0,0.2,0.2,0.375,0.25,0,0.25,0.25,0,0,0,0.16666666666666666,0.125,0.1875,0.1,0,0.16666666666666666,0.25,0.25,0.5,1,0,0.375,0.25,0,0.5,0.05555555555555555,0,0.08333333333333333,0,0,0,0,0,0,0,0.125,0,0,0,0.16666666666666666,0.125,0,0,0,0.16666666666666666
CE10_chr8_7158973,0.3125,0.08333333333333333,0.1,0.14285714285714285,0.07142857142857142,0,0,0,0,0.05,0,0,0,0,0,0,0,0,0,0,0,0,0,0,0,0.5,0,0.16666666666666666,1,0.5833333333333334,0.3333333333333333,0.5,0,0.25,0.4,0.25,0,0,0.2857142857142857,0.6,0.2,0.25,0.2222222222222222,0.25,0.125,0.5,0.5,0,0,0,0,0,0,0,0.5,0,0.1111111111111111,0,0,0.8,0.25,0.2777777777777778
CE10_chr8_7861344,0.05555555555555555,0.1,0.0625,0.2222222222222222,0.16666666666666666,0.2,0,0.375,0,0,0,0.5,0.16666666666666666,0,NA,0.25,0,0.5,0.3333333333333333,0,0,0,0.25,0.5833333333333334,0.3333333333333333,0.8571428571428571,1,1,0.7,1,0.9444444444444444,1,0.4,1,0.5,0.875,1,0.75,0.9,0.9166666666666666,0.9166666666666666,0.9166666666666666,1,1,0.9375,1,1,0.21428571428571427,0.9375,0.85,0.5,0.4444444444444444,0.375,1,0.5,0.4444444444444444,0.2777777777777778,0.5,0,0.4,0.7142857142857143,0.4
CE10_chr8_8020014,1,1,1,1,1,0.8333333333333334,NA,1,1,1,0.625,0.75,1,0.9,0.6666666666666666,1,0.9166666666666666,1,0.9166666666666666,1,1,0.75,0.625,0.8333333333333334,NA,1,1,NA,1,1,1,1,1,NA,1,1,NA,1,1,1,1,1,1,1,1,1,1,0.9285714285714286,1,1,1,1,1,1,1,1,1,1,1,1,1,1
CE10_chr8_9517886,0,0,0,0.0625,0,0,0,0.2,0,0,0.25,0.75,0.5,0.25,0.5,0,0,0,0,0,0.25,0.25,0.25,0.16666666666666666,0,0,0,0,0.16666666666666666,0.0625,0.1,0.125,0,0.25,0.3,NA,0,0,0.07142857142857142,0.08333333333333333,0.16666666666666666,0.25,0,0,0,0,0,0,0,0,0,0,0.25,0,0.2,0.0625,0,0,0.16666666666666666,0,0,0
CE10_chr8_11198607,0.2,0.35714285714285715,0.125,0.125,0.2857142857142857,0.08333333333333333,NA,0,0.14285714285714285,0.2,0.16666666666666666,0.375,NA,0,0,0.2222222222222222,0.35714285714285715,0.5,0.3333333333333333,0.6,0.5,0.3333333333333333,0.4166666666666667,0.5833333333333334,0.5,0.21428571428571427,0,0,0,0.0625,0.05,0,0.3,0,0.05555555555555555,0,0,0.07142857142857142,0,0,0,0,0.55,0.25,0.5,0,0,0.25,0.75,0.6,0.2777777777777778,0.2777777777777778,0.875,0.5,0.6,0.7777777777777778,0.1,0.3333333333333333,0,0.3333333333333333,0,0
CE10_chr8_11496521,0,0,0,0,0,0.15,0,0.1,0,0,1,0.9166666666666666,0.75,0.8,1,0.4444444444444444,0.2857142857142857,0.4,0.4166666666666667,0.3,0.3,0.9166666666666666,0.6111111111111112,0.5,0.5,0,0,0,0,0,0,0,0.3,0,0.05555555555555555,0.125,0,0,0.05555555555555555,0.08333333333333333,0,0.08333333333333333,0,0,0,0,0,0,0,0,0,0,0,0,0,0,0,0,0.3333333333333333,0,0,0
CE10_chr8_17101005,0.8333333333333334,0.9,0.8125,0.7222222222222222,0.875,0.7222222222222222,1,0.6666666666666666,0.75,0.7,0.75,0.9166666666666666,1,1,0.5,0.8888888888888888,0.9166666666666666,0.75,0.6666666666666666,0.8888888888888888,1,1,1,1,0.5,0.8571428571428571,1,1,0.8,0.875,0.8888888888888888,1,1,0.75,1,0.875,0.5,1,0.8888888888888888,0.6666666666666666,0.8,0.75,0.95,1,1,1,1,0.42857142857142855,0.8125,0.85,0.25,0.2222222222222222,0.5,0,0.1,0.2777777777777778,0.125,0.6666666666666666,1,0.25,0,0.4
CE10_chr8_20022066,1,1,1,0.7777777777777778,0.8333333333333334,0.8125,1,0.8333333333333334,0.9,0.7,0.875,1,0.6666666666666666,NA,NA,1,0.8,1,1,0.9375,1,0.625,1,0.3333333333333333,0.5,0.8,NA,0.5,0.5,0.6428571428571429,0.5714285714285714,0,1,0,1,0.6666666666666666,NA,0.5,0.6875,0.6666666666666666,0.875,0.9,0.95,1,0.9375,1,0,0.9375,1,1,1,1,0.625,1,0.4,0.5555555555555556,0.5,0.375,1,0.8,0.2857142857142857,0.55
CE10_chr8_31005338,1,1,1,0.9444444444444444,1,0.7,1,1,0.9,0.7222222222222222,1,0.8333333333333334,1,1,1,0.9375,1,1,1,0.95,1,1,1,1,1,1,1,0.6666666666666666,1,0.9375,0.95,1,0.9,1,0.8125,0.5,1,1,0.9,1,1,1,0.9,1,1,1,1,1,1,1,1,1,1,1,1,1,0.8888888888888888,1,1,1,1,1
CE10_chr8_31215032,1,0.95,1,0.9444444444444444,0.8333333333333334,1,1,1,1,0.95,1,1,1,1,1,1,1,1,1,1,1,1,1,1,1,0.9285714285714286,0.75,1,0.8,0.9375,0.8,0.875,1,1,1,0.875,1,0.7857142857142857,1,1,1,1,0.95,1,0.9375,1,1,1,1,1,1,1,0.625,1,0.6,0.5625,0.6666666666666666,0.75,1,0.7,0.25,0.5
CE10_chr8_43905766,0,0.1111111111111111,0,0,0,0,0,0.2,0,0,0,0.21428571428571427,0,0,0,0.0625,0.07142857142857142,0,0,0.05,0.2,0,0,0.07142857142857142,0,0.21428571428571427,0.5,0.16666666666666666,0,0.0625,0.25,0,0,0,0.0625,0.375,0,0.14285714285714285,0.35,0.08333333333333333,0.6,0.2,0.1,0,0.0625,0.25,1,0,0,0,0,0,0,0,0,0,0,0,0.5,0,0,0
CE10_chr8_43989073,0,0.1,0,0,0,0,0,0,0,0,0,0.16666666666666666,0,0,0,0.05555555555555555,0.07142857142857142,0,0,0.1,0.1,0,0,0,0,0,0,0,0,0.21428571428571427,0.3,0,0,0,0.375,0.5,0,0.4,0.1875,0.16666666666666666,0.375,0.1,0.05555555555555555,0,0.0625,0.25,1,0,0,0,0,0,0,0,0,0,0,0,0.25,0,0,0
CE10_chr8_44274605,1,1,1,1,1,0.95,1,0.9,0.9,1,0.1111111111111111,0.35714285714285715,0.4166666666666667,0.375,0.625,0.4444444444444444,0.7142857142857143,0.25,0.25,0.4,1,0.6666666666666666,0.9444444444444444,0.7,1,1,1,1,1,1,1,1,1,1,0.9444444444444444,1,1,0.9285714285714286,1,1,1,1,1,1,1,1,1,0.9375,1,1,1,1,1,1,1,1,1,1,1,1,1,1
CE10_chr8_44720211,1,1,1,1,1,0.95,1,1,1,1,0.45,0.7142857142857143,0.5833333333333334,0.9,0.75,1,1,0.9166666666666666,0.9166666666666666,0.9,0.9,0.9,0.8888888888888888,0.8571428571428571,1,1,1,1,1,1,1,1,1,1,1,1,1,1,1,1,1,1,1,1,1,1,1,0.9375,1,1,1,1,1,1,1,1,1,1,1,1,1,1
CE10_chr8_46543424,NA,0,NA,NA,0.8333333333333334,0,0,0,0,0,0,0,0,0,0,0,0,0,0,0,0,0,0,NA,NA,0,0,0,0,0,0,0,0,0,0,0,0,0,0,0,0,0,0,NA,0,NA,0,NA,NA,NA,NA,NA,NA,NA,NA,0,0,0,0,0,NA,0
CE10_chr8_47752251,0.85,0.85,0.6875,0.9444444444444444,0.875,0.85,1,1,1,1,1,1,1,1,1,1,1,1,1,1,1,1,1,1,1,0.8571428571428571,1,1,1,1,1,1,1,1,1,1,1,1,1,1,1,0.9166666666666666,1,1,1,1,1,0.8125,0.6875,0.8,0.8888888888888888,0.625,0.5,0,0.5,0.5625,1,0.875,1,0.7,1,0.7777777777777778
CE10_chr8_47947960,0.85,0.7222222222222222,0.4375,0.7777777777777778,0.6111111111111112,0.65,1,0.75,0.95,0.9,0.95,0.9285714285714286,1,1,1,0.75,0.7142857142857143,0.75,0.9166666666666666,0.65,1,0.8333333333333334,0.3888888888888889,0.7857142857142857,0.6666666666666666,0.6666666666666666,1,0.16666666666666666,0.9,0.75,0.5,1,0.6,0.75,0.4375,0.75,NA,0.9285714285714286,0.3888888888888889,0.8,0.5,0.25,0.4375,0.25,0.25,0,0,0.3125,0.0625,0,0,0.16666666666666666,0.6666666666666666,0,0.25,0.6666666666666666,0.8333333333333334,0.625,0.25,0.8,0.9285714285714286,1
CE10_chr8_48588387,0.9166666666666666,1,0.75,0.9,1,1,1,1,1,1,0,NA,NA,NA,NA,1,NA,NA,1,1,1,1,1,1,1,1,1,1,0.75,0.8333333333333334,1,NA,1,1,1,1,1,1,1,1,1,1,0.75,NA,1,NA,NA,0.8333333333333334,NA,1,1,1,NA,1,1,0.875,1,1,1,1,1,1
CE10_chr8_50517151,1,1,NA,0.875,1,1,NA,1,1,1,1,NA,1,1,1,1,1,1,1,1,1,1,1,1,1,1,1,1,1,1,1,1,1,1,1,NA,NA,1,1,1,1,1,NA,0.5,1,NA,NA,1,NA,NA,NA,NA,1,1,1,1,1,NA,NA,1,1,1
