Site,Year,SNP_ID,SNP_Freq
North,2010,CE10_chr1_2878666,0.97222222
North,2011,CE10_chr1_2878666,1.00000000
North,2012,CE10_chr1_2878666,1.00000000
North,2013,CE10_chr1_2878666,1.0000000
North,2014,CE10_chr1_2878666,0.97222222
North,2015,CE10_chr1_2878666,1.00000000
North,2016,CE10_chr1_2878666,0.98529412
North,2010,CE10_chr1_14433157,0.16666667
North,2011,CE10_chr1_14433157,0.69230769
North,2012,CE10_chr1_14433157,0.39285714
North,2013,CE10_chr1_14433157,0.0000000
North,2014,CE10_chr1_14433157,0.32142857
North,2015,CE10_chr1_14433157,0.44642857
North,2016,CE10_chr1_14433157,0.45714286
North,2010,CE10_chr1_24197361,0.55555556
North,2011,CE10_chr1_24197361,0.66666667
North,2012,CE10_chr1_24197361,0.43750000
North,2013,CE10_chr1_24197361,0.0000000
North,2014,CE10_chr1_24197361,0.69444444
North,2015,CE10_chr1_24197361,0.41935484
North,2016,CE10_chr1_24197361,0.41891892
North,2010,CE10_chr1_32503060,0.52777778
North,2011,CE10_chr1_32503060,0.57142857
North,2012,CE10_chr1_32503060,0.53125000
North,2013,CE10_chr1_32503060,0.8333333
North,2014,CE10_chr1_32503060,0.76470588
North,2015,CE10_chr1_32503060,0.62903226
North,2016,CE10_chr1_32503060,0.58108108
North,2010,CE10_chr1_35338655,0.15789474
North,2011,CE10_chr1_35338655,0.17857143
North,2012,CE10_chr1_35338655,0.34375000
North,2013,CE10_chr1_35338655,0.3333333
North,2014,CE10_chr1_35338655,0.38888889
North,2015,CE10_chr1_35338655,0.15000000
North,2016,CE10_chr1_35338655,0.12162162
North,2010,CE10_chr1_39469280,0.08823529
North,2011,CE10_chr1_39469280,0.00000000
North,2012,CE10_chr1_39469280,0.06666667
North,2013,CE10_chr1_39469280,0.5000000
North,2014,CE10_chr1_39469280,0.11111111
North,2015,CE10_chr1_39469280,0.08620690
North,2016,CE10_chr1_39469280,0.05405405
North,2010,CE10_chr1_39482075,0.05555556
North,2011,CE10_chr1_39482075,0.00000000
North,2012,CE10_chr1_39482075,0.06250000
North,2013,CE10_chr1_39482075,0.3333333
North,2014,CE10_chr1_39482075,0.10000000
North,2015,CE10_chr1_39482075,0.06666667
North,2016,CE10_chr1_39482075,0.04411765
North,2010,CE10_chr1_44044690,0.00000000
North,2011,CE10_chr1_44044690,NA
North,2012,CE10_chr1_44044690,NA
North,2013,CE10_chr1_44044690,1.0000000
North,2014,CE10_chr1_44044690,1.00000000
North,2015,CE10_chr1_44044690,0.33333333
North,2016,CE10_chr1_44044690,1.00000000
North,2010,CE10_chr1_44623653,1.00000000
North,2011,CE10_chr1_44623653,0.65384615
North,2012,CE10_chr1_44623653,0.96153846
North,2013,CE10_chr1_44623653,1.0000000
North,2014,CE10_chr1_44623653,1.00000000
North,2015,CE10_chr1_44623653,0.80000000
North,2016,CE10_chr1_44623653,0.85135135
North,2010,CE10_chr1_44749060,0.00000000
North,2011,CE10_chr1_44749060,0.00000000
North,2012,CE10_chr1_44749060,0.06250000
North,2013,CE10_chr1_44749060,0.0000000
North,2014,CE10_chr1_44749060,0.00000000
North,2015,CE10_chr1_44749060,0.03225806
North,2016,CE10_chr1_44749060,0.00000000
North,2010,CE10_chr1_44801042,0.27777778
North,2011,CE10_chr1_44801042,0.57142857
North,2012,CE10_chr1_44801042,0.50000000
North,2013,CE10_chr1_44801042,0.0000000
North,2014,CE10_chr1_44801042,0.61764706
North,2015,CE10_chr1_44801042,0.41935484
North,2016,CE10_chr1_44801042,0.40000000
North,2010,CE10_chr1_44879849,0.30555556
North,2011,CE10_chr1_44879849,0.07142857
North,2012,CE10_chr1_44879849,0.12500000
North,2013,CE10_chr1_44879849,0.3333333
North,2014,CE10_chr1_44879849,0.39473684
North,2015,CE10_chr1_44879849,0.08064516
North,2016,CE10_chr1_44879849,0.05405405
North,2010,CE10_chr1_45669429,0.02777778
North,2011,CE10_chr1_45669429,0.00000000
North,2012,CE10_chr1_45669429,0.06250000
North,2013,CE10_chr1_45669429,0.0000000
North,2014,CE10_chr1_45669429,0.00000000
North,2015,CE10_chr1_45669429,0.01785714
North,2016,CE10_chr1_45669429,0.00000000
North,2010,CE10_chr2_508455,0.00000000
North,2011,CE10_chr2_508455,0.00000000
North,2012,CE10_chr2_508455,0.50000000
North,2013,CE10_chr2_508455,NA
North,2014,CE10_chr2_508455,0.00000000
North,2015,CE10_chr2_508455,0.00000000
North,2016,CE10_chr2_508455,0.00000000
North,2010,CE10_chr2_3995753,0.18421053
North,2011,CE10_chr2_3995753,0.00000000
North,2012,CE10_chr2_3995753,0.06250000
North,2013,CE10_chr2_3995753,0.1666667
North,2014,CE10_chr2_3995753,0.05555556
North,2015,CE10_chr2_3995753,0.11290323
North,2016,CE10_chr2_3995753,0.10810811
North,2010,CE10_chr2_4178590,0.11111111
North,2011,CE10_chr2_4178590,0.00000000
North,2012,CE10_chr2_4178590,0.12500000
North,2013,CE10_chr2_4178590,0.0000000
North,2014,CE10_chr2_4178590,0.08333333
North,2015,CE10_chr2_4178590,0.10000000
North,2016,CE10_chr2_4178590,0.14473684
North,2010,CE10_chr2_7102335,0.26315789
North,2011,CE10_chr2_7102335,0.39285714
North,2012,CE10_chr2_7102335,0.37500000
North,2013,CE10_chr2_7102335,0.5000000
North,2014,CE10_chr2_7102335,0.36842105
North,2015,CE10_chr2_7102335,0.41379310
North,2016,CE10_chr2_7102335,0.42105263
North,2010,CE10_chr2_9203585,0.34210526
North,2011,CE10_chr2_9203585,0.00000000
North,2012,CE10_chr2_9203585,0.09375000
North,2013,CE10_chr2_9203585,0.0000000
North,2014,CE10_chr2_9203585,0.27777778
North,2015,CE10_chr2_9203585,0.18333333
North,2016,CE10_chr2_9203585,0.18918919
North,2010,CE10_chr2_10118342,0.16666667
North,2011,CE10_chr2_10118342,0.15384615
North,2012,CE10_chr2_10118342,0.18750000
North,2013,CE10_chr2_10118342,0.8333333
North,2014,CE10_chr2_10118342,0.28125000
North,2015,CE10_chr2_10118342,0.19354839
North,2016,CE10_chr2_10118342,0.14473684
North,2010,CE10_chr2_10896620,0.00000000
North,2011,CE10_chr2_10896620,0.00000000
North,2012,CE10_chr2_10896620,0.03333333
North,2013,CE10_chr2_10896620,0.0000000
North,2014,CE10_chr2_10896620,0.00000000
North,2015,CE10_chr2_10896620,0.00000000
North,2016,CE10_chr2_10896620,0.00000000
North,2010,CE10_chr2_12116985,0.00000000
North,2011,CE10_chr2_12116985,0.00000000
North,2012,CE10_chr2_12116985,0.12500000
North,2013,CE10_chr2_12116985,0.0000000
North,2014,CE10_chr2_12116985,0.07142857
North,2015,CE10_chr2_12116985,0.00000000
North,2016,CE10_chr2_12116985,0.03333333
North,2010,CE10_chr2_14635179,0.00000000
North,2011,CE10_chr2_14635179,0.00000000
North,2012,CE10_chr2_14635179,0.06250000
North,2013,CE10_chr2_14635179,0.0000000
North,2014,CE10_chr2_14635179,0.05555556
North,2015,CE10_chr2_14635179,0.01612903
North,2016,CE10_chr2_14635179,0.01351351
North,2010,CE10_chr2_15353095,0.00000000
North,2011,CE10_chr2_15353095,0.00000000
North,2012,CE10_chr2_15353095,0.03333333
North,2013,CE10_chr2_15353095,0.0000000
North,2014,CE10_chr2_15353095,0.00000000
North,2015,CE10_chr2_15353095,0.01612903
North,2016,CE10_chr2_15353095,0.00000000
North,2010,CE10_chr2_20212610,0.97368421
North,2011,CE10_chr2_20212610,0.78571429
North,2012,CE10_chr2_20212610,0.81250000
North,2013,CE10_chr2_20212610,1.0000000
North,2014,CE10_chr2_20212610,0.83333333
North,2015,CE10_chr2_20212610,0.91935484
North,2016,CE10_chr2_20212610,0.93421053
North,2010,CE10_chr2_22585402,0.08333333
North,2011,CE10_chr2_22585402,0.00000000
North,2012,CE10_chr2_22585402,0.00000000
North,2013,CE10_chr2_22585402,0.2500000
North,2014,CE10_chr2_22585402,0.02941176
North,2015,CE10_chr2_22585402,0.03333333
North,2016,CE10_chr2_22585402,0.00000000
North,2010,CE10_chr2_22869863,0.08823529
North,2011,CE10_chr2_22869863,0.00000000
North,2012,CE10_chr2_22869863,0.00000000
North,2013,CE10_chr2_22869863,0.3333333
North,2014,CE10_chr2_22869863,0.03333333
North,2015,CE10_chr2_22869863,0.07407407
North,2016,CE10_chr2_22869863,0.01470588
North,2010,CE10_chr2_23160182,0.05263158
North,2011,CE10_chr2_23160182,0.00000000
North,2012,CE10_chr2_23160182,0.00000000
North,2013,CE10_chr2_23160182,0.5000000
North,2014,CE10_chr2_23160182,0.05263158
North,2015,CE10_chr2_23160182,0.04838710
North,2016,CE10_chr2_23160182,0.01351351
North,2010,CE10_chr2_23230018,0.07894737
North,2011,CE10_chr2_23230018,0.00000000
North,2012,CE10_chr2_23230018,0.00000000
North,2013,CE10_chr2_23230018,0.3333333
North,2014,CE10_chr2_23230018,0.05263158
North,2015,CE10_chr2_23230018,0.04838710
North,2016,CE10_chr2_23230018,0.01315789
North,2010,CE10_chr2_23910209,0.27777778
North,2011,CE10_chr2_23910209,0.42857143
North,2012,CE10_chr2_23910209,0.21875000
North,2013,CE10_chr2_23910209,0.3333333
North,2014,CE10_chr2_23910209,0.26315789
North,2015,CE10_chr2_23910209,0.20000000
North,2016,CE10_chr2_23910209,0.32894737
North,2010,CE10_chr2_31226254,0.38888889
North,2011,CE10_chr2_31226254,0.67857143
North,2012,CE10_chr2_31226254,0.71428571
North,2013,CE10_chr2_31226254,0.3333333
North,2014,CE10_chr2_31226254,0.81578947
North,2015,CE10_chr2_31226254,0.60000000
North,2016,CE10_chr2_31226254,0.67105263
North,2010,CE10_chr2_34616548,0.20000000
North,2011,CE10_chr2_34616548,0.00000000
North,2012,CE10_chr2_34616548,0.00000000
North,2013,CE10_chr2_34616548,0.0000000
North,2014,CE10_chr2_34616548,0.00000000
North,2015,CE10_chr2_34616548,0.06250000
North,2016,CE10_chr2_34616548,0.00000000
North,2010,CE10_chr2_36724761,0.05263158
North,2011,CE10_chr2_36724761,0.00000000
North,2012,CE10_chr2_36724761,0.00000000
North,2013,CE10_chr2_36724761,0.3333333
North,2014,CE10_chr2_36724761,0.05555556
North,2015,CE10_chr2_36724761,0.03225806
North,2016,CE10_chr2_36724761,0.00000000
North,2010,CE10_chr2_39438002,0.00000000
North,2011,CE10_chr2_39438002,0.00000000
North,2012,CE10_chr2_39438002,0.10000000
North,2013,CE10_chr2_39438002,0.0000000
North,2014,CE10_chr2_39438002,0.28571429
North,2015,CE10_chr2_39438002,0.00000000
North,2016,CE10_chr2_39438002,0.00000000
North,2010,CE10_chr2_39559996,0.34210526
North,2011,CE10_chr2_39559996,0.11538462
North,2012,CE10_chr2_39559996,0.21875000
North,2013,CE10_chr2_39559996,1.0000000
North,2014,CE10_chr2_39559996,0.53125000
North,2015,CE10_chr2_39559996,0.38709677
North,2016,CE10_chr2_39559996,0.44444444
North,2010,CE10_chr2_42739016,0.26315789
North,2011,CE10_chr2_42739016,0.21428571
North,2012,CE10_chr2_42739016,0.43750000
North,2013,CE10_chr2_42739016,0.0000000
North,2014,CE10_chr2_42739016,0.41666667
North,2015,CE10_chr2_42739016,0.28333333
North,2016,CE10_chr2_42739016,0.36842105
North,2010,CE10_chr2_45008603,0.00000000
North,2011,CE10_chr2_45008603,0.88888889
North,2012,CE10_chr2_45008603,0.57142857
North,2013,CE10_chr2_45008603,NA
North,2014,CE10_chr2_45008603,0.50000000
North,2015,CE10_chr2_45008603,0.64285714
North,2016,CE10_chr2_45008603,0.87500000
North,2010,CE10_chr2_47119330,0.20000000
North,2011,CE10_chr2_47119330,0.10000000
North,2012,CE10_chr2_47119330,0.00000000
North,2013,CE10_chr2_47119330,NA
North,2014,CE10_chr2_47119330,0.28571429
North,2015,CE10_chr2_47119330,0.00000000
North,2016,CE10_chr2_47119330,0.20000000
North,2010,CE10_chr2_48026507,0.10526316
North,2011,CE10_chr2_48026507,0.03571429
North,2012,CE10_chr2_48026507,0.34375000
North,2013,CE10_chr2_48026507,0.0000000
North,2014,CE10_chr2_48026507,0.05555556
North,2015,CE10_chr2_48026507,0.08333333
North,2016,CE10_chr2_48026507,0.21621622
North,2010,CE10_chr2_52264426,0.00000000
North,2011,CE10_chr2_52264426,0.00000000
North,2012,CE10_chr2_52264426,0.00000000
North,2013,CE10_chr2_52264426,0.0000000
North,2014,CE10_chr2_52264426,0.00000000
North,2015,CE10_chr2_52264426,0.00000000
North,2016,CE10_chr2_52264426,0.01388889
North,2010,CE10_chr3_521647,0.11111111
North,2011,CE10_chr3_521647,0.03846154
North,2012,CE10_chr3_521647,0.09375000
North,2013,CE10_chr3_521647,0.0000000
North,2014,CE10_chr3_521647,0.00000000
North,2015,CE10_chr3_521647,0.06666667
North,2016,CE10_chr3_521647,0.07894737
North,2010,CE10_chr3_1098048,0.92105263
North,2011,CE10_chr3_1098048,0.46428571
North,2012,CE10_chr3_1098048,0.65625000
North,2013,CE10_chr3_1098048,1.0000000
North,2014,CE10_chr3_1098048,0.82352941
North,2015,CE10_chr3_1098048,0.76666667
North,2016,CE10_chr3_1098048,0.83783784
North,2010,CE10_chr3_1101654,0.13888889
North,2011,CE10_chr3_1101654,0.03571429
North,2012,CE10_chr3_1101654,0.06250000
North,2013,CE10_chr3_1101654,0.2500000
North,2014,CE10_chr3_1101654,0.26470588
North,2015,CE10_chr3_1101654,0.08064516
North,2016,CE10_chr3_1101654,0.08333333
North,2010,CE10_chr3_2240723,0.00000000
North,2011,CE10_chr3_2240723,0.00000000
North,2012,CE10_chr3_2240723,0.00000000
North,2013,CE10_chr3_2240723,0.1666667
North,2014,CE10_chr3_2240723,0.13888889
North,2015,CE10_chr3_2240723,0.06666667
North,2016,CE10_chr3_2240723,0.00000000
North,2010,CE10_chr3_7985920,0.92105263
North,2011,CE10_chr3_7985920,1.00000000
North,2012,CE10_chr3_7985920,0.90625000
North,2013,CE10_chr3_7985920,1.0000000
North,2014,CE10_chr3_7985920,0.82352941
North,2015,CE10_chr3_7985920,0.98387097
North,2016,CE10_chr3_7985920,0.98684211
North,2010,CE10_chr3_9338722,0.08333333
North,2011,CE10_chr3_9338722,0.00000000
North,2012,CE10_chr3_9338722,0.06250000
North,2013,CE10_chr3_9338722,0.0000000
North,2014,CE10_chr3_9338722,0.11111111
North,2015,CE10_chr3_9338722,0.04838710
North,2016,CE10_chr3_9338722,0.03947368
North,2010,CE10_chr3_10454870,0.07692308
North,2011,CE10_chr3_10454870,0.00000000
North,2012,CE10_chr3_10454870,0.00000000
North,2013,CE10_chr3_10454870,0.0000000
North,2014,CE10_chr3_10454870,0.00000000
North,2015,CE10_chr3_10454870,0.05555556
North,2016,CE10_chr3_10454870,0.00000000
North,2010,CE10_chr3_10919133,0.13157895
North,2011,CE10_chr3_10919133,0.07142857
North,2012,CE10_chr3_10919133,0.10000000
North,2013,CE10_chr3_10919133,0.5000000
North,2014,CE10_chr3_10919133,0.08333333
North,2015,CE10_chr3_10919133,0.08620690
North,2016,CE10_chr3_10919133,0.05263158
North,2010,CE10_chr3_11467421,0.18421053
North,2011,CE10_chr3_11467421,0.26923077
North,2012,CE10_chr3_11467421,0.34375000
North,2013,CE10_chr3_11467421,0.0000000
North,2014,CE10_chr3_11467421,0.17647059
North,2015,CE10_chr3_11467421,0.19354839
North,2016,CE10_chr3_11467421,0.17567568
North,2010,CE10_chr3_15360879,0.00000000
North,2011,CE10_chr3_15360879,0.16666667
North,2012,CE10_chr3_15360879,0.00000000
North,2013,CE10_chr3_15360879,NA
North,2014,CE10_chr3_15360879,0.20000000
North,2015,CE10_chr3_15360879,0.25000000
North,2016,CE10_chr3_15360879,0.27777778
North,2010,CE10_chr3_16521271,0.16666667
North,2011,CE10_chr3_16521271,0.07692308
North,2012,CE10_chr3_16521271,0.15625000
North,2013,CE10_chr3_16521271,0.0000000
North,2014,CE10_chr3_16521271,0.05263158
North,2015,CE10_chr3_16521271,0.10344828
North,2016,CE10_chr3_16521271,0.14285714
North,2010,CE10_chr3_29551649,0.18421053
North,2011,CE10_chr3_29551649,0.07692308
North,2012,CE10_chr3_29551649,0.06666667
North,2013,CE10_chr3_29551649,0.0000000
North,2014,CE10_chr3_29551649,0.03333333
North,2015,CE10_chr3_29551649,0.12903226
North,2016,CE10_chr3_29551649,0.14864865
North,2010,CE10_chr3_37639783,0.00000000
North,2011,CE10_chr3_37639783,0.00000000
North,2012,CE10_chr3_37639783,0.00000000
North,2013,CE10_chr3_37639783,0.0000000
North,2014,CE10_chr3_37639783,0.00000000
North,2015,CE10_chr3_37639783,0.04166667
North,2016,CE10_chr3_37639783,0.00000000
North,2010,CE10_chr3_37878201,0.00000000
North,2011,CE10_chr3_37878201,0.00000000
North,2012,CE10_chr3_37878201,0.00000000
North,2013,CE10_chr3_37878201,0.0000000
North,2014,CE10_chr3_37878201,0.00000000
North,2015,CE10_chr3_37878201,0.00000000
North,2016,CE10_chr3_37878201,0.00000000
North,2010,CE10_chr3_40142666,0.94736842
North,2011,CE10_chr3_40142666,1.00000000
North,2012,CE10_chr3_40142666,1.00000000
North,2013,CE10_chr3_40142666,1.0000000
North,2014,CE10_chr3_40142666,1.00000000
North,2015,CE10_chr3_40142666,1.00000000
North,2016,CE10_chr3_40142666,1.00000000
North,2010,CE10_chr3_42111654,0.36842105
North,2011,CE10_chr3_42111654,0.71428571
North,2012,CE10_chr3_42111654,0.60000000
North,2013,CE10_chr3_42111654,0.6666667
North,2014,CE10_chr3_42111654,0.57894737
North,2015,CE10_chr3_42111654,0.33333333
North,2016,CE10_chr3_42111654,0.39189189
North,2010,CE10_chr3_43803214,0.00000000
North,2011,CE10_chr3_43803214,NA
North,2012,CE10_chr3_43803214,1.00000000
North,2013,CE10_chr3_43803214,NA
North,2014,CE10_chr3_43803214,0.00000000
North,2015,CE10_chr3_43803214,NA
North,2016,CE10_chr3_43803214,NA
North,2010,CE10_chr3_49119487,0.05263158
North,2011,CE10_chr3_49119487,0.00000000
North,2012,CE10_chr3_49119487,0.06250000
North,2013,CE10_chr3_49119487,0.0000000
North,2014,CE10_chr3_49119487,0.00000000
North,2015,CE10_chr3_49119487,0.05000000
North,2016,CE10_chr3_49119487,0.02857143
North,2010,CE10_chr4_1037797,0.02777778
North,2011,CE10_chr4_1037797,0.00000000
North,2012,CE10_chr4_1037797,0.00000000
North,2013,CE10_chr4_1037797,0.0000000
North,2014,CE10_chr4_1037797,0.00000000
North,2015,CE10_chr4_1037797,0.00000000
North,2016,CE10_chr4_1037797,0.00000000
North,2010,CE10_chr4_26694776,0.58823529
North,2011,CE10_chr4_26694776,0.75000000
North,2012,CE10_chr4_26694776,0.50000000
North,2013,CE10_chr4_26694776,0.1666667
North,2014,CE10_chr4_26694776,0.76315789
North,2015,CE10_chr4_26694776,0.45000000
North,2016,CE10_chr4_26694776,0.40540541
North,2010,CE10_chr4_30840351,0.31578947
North,2011,CE10_chr4_30840351,0.40909091
North,2012,CE10_chr4_30840351,0.28125000
North,2013,CE10_chr4_30840351,0.0000000
North,2014,CE10_chr4_30840351,0.25000000
North,2015,CE10_chr4_30840351,0.28333333
North,2016,CE10_chr4_30840351,0.26315789
North,2010,CE10_chr4_37185867,0.05555556
North,2011,CE10_chr4_37185867,0.00000000
North,2012,CE10_chr4_37185867,0.00000000
North,2013,CE10_chr4_37185867,0.0000000
North,2014,CE10_chr4_37185867,0.14285714
North,2015,CE10_chr4_37185867,0.10000000
North,2016,CE10_chr4_37185867,0.08333333
North,2010,CE10_chr4_48694758,0.00000000
North,2011,CE10_chr4_48694758,NA
North,2012,CE10_chr4_48694758,NA
North,2013,CE10_chr4_48694758,NA
North,2014,CE10_chr4_48694758,0.00000000
North,2015,CE10_chr4_48694758,NA
North,2016,CE10_chr4_48694758,NA
North,2010,CE10_chr4_49105741,1.00000000
North,2011,CE10_chr4_49105741,1.00000000
North,2012,CE10_chr4_49105741,1.00000000
North,2013,CE10_chr4_49105741,1.0000000
North,2014,CE10_chr4_49105741,1.00000000
North,2015,CE10_chr4_49105741,1.00000000
North,2016,CE10_chr4_49105741,1.00000000
North,2010,CE10_chr5_5429419,0.00000000
North,2011,CE10_chr5_5429419,0.00000000
North,2012,CE10_chr5_5429419,0.00000000
North,2013,CE10_chr5_5429419,0.0000000
North,2014,CE10_chr5_5429419,0.05263158
North,2015,CE10_chr5_5429419,0.03333333
North,2016,CE10_chr5_5429419,0.00000000
North,2010,CE10_chr5_11724356,1.00000000
North,2011,CE10_chr5_11724356,1.00000000
North,2012,CE10_chr5_11724356,1.00000000
North,2013,CE10_chr5_11724356,1.0000000
North,2014,CE10_chr5_11724356,1.00000000
North,2015,CE10_chr5_11724356,1.00000000
North,2016,CE10_chr5_11724356,1.00000000
North,2010,CE10_chr5_11754116,0.13157895
North,2011,CE10_chr5_11754116,0.00000000
North,2012,CE10_chr5_11754116,0.09375000
North,2013,CE10_chr5_11754116,0.0000000
North,2014,CE10_chr5_11754116,0.00000000
North,2015,CE10_chr5_11754116,0.20967742
North,2016,CE10_chr5_11754116,0.05263158
North,2010,CE10_chr5_31553140,0.70588235
North,2011,CE10_chr5_31553140,0.64285714
North,2012,CE10_chr5_31553140,0.57142857
North,2013,CE10_chr5_31553140,1.0000000
North,2014,CE10_chr5_31553140,0.63157895
North,2015,CE10_chr5_31553140,0.73333333
North,2016,CE10_chr5_31553140,0.73684211
North,2010,CE10_chr5_41362088,0.02941176
North,2011,CE10_chr5_41362088,0.19230769
North,2012,CE10_chr5_41362088,0.00000000
North,2013,CE10_chr5_41362088,0.0000000
North,2014,CE10_chr5_41362088,0.05555556
North,2015,CE10_chr5_41362088,0.24193548
North,2016,CE10_chr5_41362088,0.19444444
North,2010,CE10_chr5_45412541,0.00000000
North,2011,CE10_chr5_45412541,0.00000000
North,2012,CE10_chr5_45412541,0.00000000
North,2013,CE10_chr5_45412541,0.5000000
North,2014,CE10_chr5_45412541,0.03125000
North,2015,CE10_chr5_45412541,0.00000000
North,2016,CE10_chr5_45412541,0.00000000
North,2010,CE10_chr5_45964954,0.15789474
North,2011,CE10_chr5_45964954,0.00000000
North,2012,CE10_chr5_45964954,0.06666667
North,2013,CE10_chr5_45964954,0.0000000
North,2014,CE10_chr5_45964954,0.21875000
North,2015,CE10_chr5_45964954,0.10344828
North,2016,CE10_chr5_45964954,0.11842105
North,2010,CE10_chr6_1851859,0.00000000
North,2011,CE10_chr6_1851859,0.00000000
North,2012,CE10_chr6_1851859,0.06250000
North,2013,CE10_chr6_1851859,0.0000000
North,2014,CE10_chr6_1851859,0.03125000
North,2015,CE10_chr6_1851859,0.01666667
North,2016,CE10_chr6_1851859,0.01428571
North,2010,CE10_chr6_3685236,0.36842105
North,2011,CE10_chr6_3685236,0.82142857
North,2012,CE10_chr6_3685236,0.78125000
North,2013,CE10_chr6_3685236,0.7500000
North,2014,CE10_chr6_3685236,0.75000000
North,2015,CE10_chr6_3685236,0.51612903
North,2016,CE10_chr6_3685236,0.52631579
North,2010,CE10_chr6_12186979,0.32142857
North,2011,CE10_chr6_12186979,0.05555556
North,2012,CE10_chr6_12186979,0.03846154
North,2013,CE10_chr6_12186979,0.5000000
North,2014,CE10_chr6_12186979,0.18750000
North,2015,CE10_chr6_12186979,0.13461538
North,2016,CE10_chr6_12186979,0.20000000
North,2010,CE10_chr6_12947334,0.00000000
North,2011,CE10_chr6_12947334,0.00000000
North,2012,CE10_chr6_12947334,0.13333333
North,2013,CE10_chr6_12947334,0.0000000
North,2014,CE10_chr6_12947334,0.07894737
North,2015,CE10_chr6_12947334,0.01612903
North,2016,CE10_chr6_12947334,0.01428571
North,2010,CE10_chr6_13831331,0.14705882
North,2011,CE10_chr6_13831331,0.21428571
North,2012,CE10_chr6_13831331,0.46666667
North,2013,CE10_chr6_13831331,0.0000000
North,2014,CE10_chr6_13831331,0.38888889
North,2015,CE10_chr6_13831331,0.25862069
North,2016,CE10_chr6_13831331,0.16666667
North,2010,CE10_chr6_16321726,0.07692308
North,2011,CE10_chr6_16321726,0.04166667
North,2012,CE10_chr6_16321726,0.13333333
North,2013,CE10_chr6_16321726,0.5000000
North,2014,CE10_chr6_16321726,0.11538462
North,2015,CE10_chr6_16321726,0.11363636
North,2016,CE10_chr6_16321726,0.30645161
North,2010,CE10_chr6_43190937,0.11764706
North,2011,CE10_chr6_43190937,0.11538462
North,2012,CE10_chr6_43190937,0.09375000
North,2013,CE10_chr6_43190937,0.0000000
North,2014,CE10_chr6_43190937,0.28947368
North,2015,CE10_chr6_43190937,0.05000000
North,2016,CE10_chr6_43190937,0.13513514
North,2010,CE10_chr6_43204521,0.15789474
North,2011,CE10_chr6_43204521,0.07142857
North,2012,CE10_chr6_43204521,0.06250000
North,2013,CE10_chr6_43204521,0.0000000
North,2014,CE10_chr6_43204521,0.26470588
North,2015,CE10_chr6_43204521,0.09677419
North,2016,CE10_chr6_43204521,0.15789474
North,2010,CE10_chr6_47037332,0.14705882
North,2011,CE10_chr6_47037332,0.00000000
North,2012,CE10_chr6_47037332,0.03125000
North,2013,CE10_chr6_47037332,0.3333333
North,2014,CE10_chr6_47037332,0.02941176
North,2015,CE10_chr6_47037332,0.05555556
North,2016,CE10_chr6_47037332,0.08108108
North,2010,CE10_chr6_48849978,0.10000000
North,2011,CE10_chr6_48849978,0.00000000
North,2012,CE10_chr6_48849978,0.50000000
North,2013,CE10_chr6_48849978,0.0000000
North,2014,CE10_chr6_48849978,0.25000000
North,2015,CE10_chr6_48849978,0.00000000
North,2016,CE10_chr6_48849978,0.18181818
North,2010,CE10_chr6_49710885,0.79166667
North,2011,CE10_chr6_49710885,0.85714286
North,2012,CE10_chr6_49710885,0.77777778
North,2013,CE10_chr6_49710885,0.7500000
North,2014,CE10_chr6_49710885,0.80000000
North,2015,CE10_chr6_49710885,0.70588235
North,2016,CE10_chr6_49710885,0.83928571
North,2010,CE10_chr6_54295274,0.44736842
North,2011,CE10_chr6_54295274,0.92857143
North,2012,CE10_chr6_54295274,0.71875000
North,2013,CE10_chr6_54295274,0.5000000
North,2014,CE10_chr6_54295274,0.66666667
North,2015,CE10_chr6_54295274,0.64516129
North,2016,CE10_chr6_54295274,0.60810811
North,2010,CE10_chr6_55042831,0.05555556
North,2011,CE10_chr6_55042831,0.00000000
North,2012,CE10_chr6_55042831,0.07142857
North,2013,CE10_chr6_55042831,0.0000000
North,2014,CE10_chr6_55042831,0.18750000
North,2015,CE10_chr6_55042831,0.01785714
North,2016,CE10_chr6_55042831,0.01351351
North,2010,CE10_chr6_55340211,0.18421053
North,2011,CE10_chr6_55340211,0.32142857
North,2012,CE10_chr6_55340211,0.30000000
North,2013,CE10_chr6_55340211,0.0000000
North,2014,CE10_chr6_55340211,0.32352941
North,2015,CE10_chr6_55340211,0.30645161
North,2016,CE10_chr6_55340211,0.36842105
North,2010,CE10_chr6_55416869,0.07142857
North,2011,CE10_chr6_55416869,0.00000000
North,2012,CE10_chr6_55416869,0.00000000
North,2013,CE10_chr6_55416869,0.0000000
North,2014,CE10_chr6_55416869,0.11111111
North,2015,CE10_chr6_55416869,0.00000000
North,2016,CE10_chr6_55416869,0.02941176
North,2010,CE10_chr6_57483475,0.10526316
North,2011,CE10_chr6_57483475,0.03571429
North,2012,CE10_chr6_57483475,0.16666667
North,2013,CE10_chr6_57483475,0.5000000
North,2014,CE10_chr6_57483475,0.14705882
North,2015,CE10_chr6_57483475,0.17741935
North,2016,CE10_chr6_57483475,0.08333333
North,2010,CE10_chr6_58703104,0.30555556
North,2011,CE10_chr6_58703104,0.22727273
North,2012,CE10_chr6_58703104,0.27272727
North,2013,CE10_chr6_58703104,0.0000000
North,2014,CE10_chr6_58703104,0.15625000
North,2015,CE10_chr6_58703104,0.08333333
North,2016,CE10_chr6_58703104,0.15714286
North,2010,CE10_chr6_60646907,0.55263158
North,2011,CE10_chr6_60646907,0.50000000
North,2012,CE10_chr6_60646907,0.46875000
North,2013,CE10_chr6_60646907,1.0000000
North,2014,CE10_chr6_60646907,0.55555556
North,2015,CE10_chr6_60646907,0.61290323
North,2016,CE10_chr6_60646907,0.47297297
North,2010,CE10_chr6_60881675,0.18421053
North,2011,CE10_chr6_60881675,0.46153846
North,2012,CE10_chr6_60881675,0.28125000
North,2013,CE10_chr6_60881675,0.3333333
North,2014,CE10_chr6_60881675,0.30555556
North,2015,CE10_chr6_60881675,0.14285714
North,2016,CE10_chr6_60881675,0.10526316
North,2010,CE10_chr7_2331641,0.08333333
North,2011,CE10_chr7_2331641,0.00000000
North,2012,CE10_chr7_2331641,0.08333333
North,2013,CE10_chr7_2331641,0.3333333
North,2014,CE10_chr7_2331641,0.09090909
North,2015,CE10_chr7_2331641,0.05263158
North,2016,CE10_chr7_2331641,0.01851852
North,2010,CE10_chr7_2957248,0.05263158
North,2011,CE10_chr7_2957248,0.00000000
North,2012,CE10_chr7_2957248,0.03125000
North,2013,CE10_chr7_2957248,0.0000000
North,2014,CE10_chr7_2957248,0.02941176
North,2015,CE10_chr7_2957248,0.00000000
North,2016,CE10_chr7_2957248,0.00000000
North,2010,CE10_chr7_3917985,0.02777778
North,2011,CE10_chr7_3917985,0.00000000
North,2012,CE10_chr7_3917985,0.09090909
North,2013,CE10_chr7_3917985,0.0000000
North,2014,CE10_chr7_3917985,0.06250000
North,2015,CE10_chr7_3917985,0.10714286
North,2016,CE10_chr7_3917985,0.10000000
North,2010,CE10_chr7_4878769,1.00000000
North,2011,CE10_chr7_4878769,1.00000000
North,2012,CE10_chr7_4878769,1.00000000
North,2013,CE10_chr7_4878769,1.0000000
North,2014,CE10_chr7_4878769,1.00000000
North,2015,CE10_chr7_4878769,1.00000000
North,2016,CE10_chr7_4878769,1.00000000
North,2010,CE10_chr7_5249112,0.97368421
North,2011,CE10_chr7_5249112,1.00000000
North,2012,CE10_chr7_5249112,0.96875000
North,2013,CE10_chr7_5249112,1.0000000
North,2014,CE10_chr7_5249112,1.00000000
North,2015,CE10_chr7_5249112,1.00000000
North,2016,CE10_chr7_5249112,1.00000000
North,2010,CE10_chr7_10225640,0.41666667
North,2011,CE10_chr7_10225640,0.50000000
North,2012,CE10_chr7_10225640,1.00000000
North,2013,CE10_chr7_10225640,0.0000000
North,2014,CE10_chr7_10225640,0.16666667
North,2015,CE10_chr7_10225640,0.14285714
North,2016,CE10_chr7_10225640,0.18750000
North,2010,CE10_chr7_13661596,0.00000000
North,2011,CE10_chr7_13661596,0.00000000
North,2012,CE10_chr7_13661596,0.16666667
North,2013,CE10_chr7_13661596,0.0000000
North,2014,CE10_chr7_13661596,0.00000000
North,2015,CE10_chr7_13661596,0.00000000
North,2016,CE10_chr7_13661596,0.00000000
North,2010,CE10_chr7_20902507,0.10526316
North,2011,CE10_chr7_20902507,0.25000000
North,2012,CE10_chr7_20902507,0.25000000
North,2013,CE10_chr7_20902507,0.0000000
North,2014,CE10_chr7_20902507,0.13157895
North,2015,CE10_chr7_20902507,0.04838710
North,2016,CE10_chr7_20902507,0.05263158
North,2010,CE10_chr7_28917617,0.02631579
North,2011,CE10_chr7_28917617,0.20000000
North,2012,CE10_chr7_28917617,0.15384615
North,2013,CE10_chr7_28917617,0.0000000
North,2014,CE10_chr7_28917617,0.02941176
North,2015,CE10_chr7_28917617,0.03333333
North,2016,CE10_chr7_28917617,0.00000000
North,2010,CE10_chr7_30058714,0.10526316
North,2011,CE10_chr7_30058714,0.16666667
North,2012,CE10_chr7_30058714,0.21428571
North,2013,CE10_chr7_30058714,0.3333333
North,2014,CE10_chr7_30058714,0.06250000
North,2015,CE10_chr7_30058714,0.08064516
North,2016,CE10_chr7_30058714,0.02631579
North,2010,CE10_chr7_32049459,0.11764706
North,2011,CE10_chr7_32049459,0.17857143
North,2012,CE10_chr7_32049459,0.18750000
North,2013,CE10_chr7_32049459,0.0000000
North,2014,CE10_chr7_32049459,0.11111111
North,2015,CE10_chr7_32049459,0.11666667
North,2016,CE10_chr7_32049459,0.04054054
North,2010,CE10_chr7_33163096,0.00000000
North,2011,CE10_chr7_33163096,0.00000000
North,2012,CE10_chr7_33163096,0.06250000
North,2013,CE10_chr7_33163096,0.0000000
North,2014,CE10_chr7_33163096,0.00000000
North,2015,CE10_chr7_33163096,0.00000000
North,2016,CE10_chr7_33163096,0.00000000
North,2010,CE10_chr7_36479039,0.78947368
North,2011,CE10_chr7_36479039,0.42857143
North,2012,CE10_chr7_36479039,0.56666667
North,2013,CE10_chr7_36479039,0.6666667
North,2014,CE10_chr7_36479039,0.78947368
North,2015,CE10_chr7_36479039,0.82758621
North,2016,CE10_chr7_36479039,0.70270270
North,2010,CE10_chr7_45899281,0.55263158
North,2011,CE10_chr7_45899281,0.42307692
North,2012,CE10_chr7_45899281,0.40625000
North,2013,CE10_chr7_45899281,1.0000000
North,2014,CE10_chr7_45899281,0.36111111
North,2015,CE10_chr7_45899281,0.50000000
North,2016,CE10_chr7_45899281,0.39473684
North,2010,CE10_chr8_1062815,0.35294118
North,2011,CE10_chr8_1062815,0.03846154
North,2012,CE10_chr8_1062815,0.17857143
North,2013,CE10_chr8_1062815,0.0000000
North,2014,CE10_chr8_1062815,0.11764706
North,2015,CE10_chr8_1062815,0.16666667
North,2016,CE10_chr8_1062815,0.12121212
North,2010,CE10_chr8_1640623,0.16666667
North,2011,CE10_chr8_1640623,0.07692308
North,2012,CE10_chr8_1640623,0.25000000
North,2013,CE10_chr8_1640623,0.5000000
North,2014,CE10_chr8_1640623,0.28125000
North,2015,CE10_chr8_1640623,0.28333333
North,2016,CE10_chr8_1640623,0.14473684
North,2010,CE10_chr8_4790016,0.22222222
North,2011,CE10_chr8_4790016,0.17857143
North,2012,CE10_chr8_4790016,0.26666667
North,2013,CE10_chr8_4790016,0.0000000
North,2014,CE10_chr8_4790016,0.19444444
North,2015,CE10_chr8_4790016,0.19354839
North,2016,CE10_chr8_4790016,0.27631579
North,2010,CE10_chr8_5412467,0.00000000
North,2011,CE10_chr8_5412467,0.00000000
North,2012,CE10_chr8_5412467,0.06250000
North,2013,CE10_chr8_5412467,0.0000000
North,2014,CE10_chr8_5412467,0.00000000
North,2015,CE10_chr8_5412467,0.00000000
North,2016,CE10_chr8_5412467,0.00000000
North,2010,CE10_chr8_9093398,0.39473684
North,2011,CE10_chr8_9093398,0.32142857
North,2012,CE10_chr8_9093398,0.23333333
North,2013,CE10_chr8_9093398,0.3333333
North,2014,CE10_chr8_9093398,0.42105263
North,2015,CE10_chr8_9093398,0.22580645
North,2016,CE10_chr8_9093398,0.32432432
North,2010,CE10_chr8_9964575,0.00000000
North,2011,CE10_chr8_9964575,0.03571429
North,2012,CE10_chr8_9964575,0.00000000
North,2013,CE10_chr8_9964575,0.0000000
North,2014,CE10_chr8_9964575,0.00000000
North,2015,CE10_chr8_9964575,0.09677419
North,2016,CE10_chr8_9964575,0.07894737
North,2010,CE10_chr8_11741480,0.02631579
North,2011,CE10_chr8_11741480,0.00000000
North,2012,CE10_chr8_11741480,0.00000000
North,2013,CE10_chr8_11741480,0.0000000
North,2014,CE10_chr8_11741480,0.05555556
North,2015,CE10_chr8_11741480,0.00000000
North,2016,CE10_chr8_11741480,0.00000000
North,2010,CE10_chr8_18491824,0.07894737
North,2011,CE10_chr8_18491824,0.00000000
North,2012,CE10_chr8_18491824,0.00000000
North,2013,CE10_chr8_18491824,0.0000000
North,2014,CE10_chr8_18491824,0.03125000
North,2015,CE10_chr8_18491824,0.03448276
North,2016,CE10_chr8_18491824,0.00000000
North,2010,CE10_chr8_28519511,0.73684211
North,2011,CE10_chr8_28519511,1.00000000
North,2012,CE10_chr8_28519511,0.81250000
North,2013,CE10_chr8_28519511,0.5000000
North,2014,CE10_chr8_28519511,0.84210526
North,2015,CE10_chr8_28519511,0.72580645
North,2016,CE10_chr8_28519511,0.84210526
North,2010,CE10_chr8_40397506,0.05263158
North,2011,CE10_chr8_40397506,0.25000000
North,2012,CE10_chr8_40397506,0.46875000
North,2013,CE10_chr8_40397506,0.0000000
North,2014,CE10_chr8_40397506,0.22222222
North,2015,CE10_chr8_40397506,0.17741935
North,2016,CE10_chr8_40397506,0.11842105
Centre,2010,CE10_chr1_502829,0.36111111
Centre,2011,CE10_chr1_502829,0.5000000
Centre,2012,CE10_chr1_502829,0.66071429
Centre,2013,CE10_chr1_502829,0.57142857
Centre,2014,CE10_chr1_502829,0.43750000
Centre,2015,CE10_chr1_502829,0.72222222
Centre,2016,CE10_chr1_502829,0.50000000
Centre,2010,CE10_chr1_5813702,0.98611111
Centre,2011,CE10_chr1_5813702,1.0000000
Centre,2012,CE10_chr1_5813702,1.00000000
Centre,2013,CE10_chr1_5813702,1.00000000
Centre,2014,CE10_chr1_5813702,1.00000000
Centre,2015,CE10_chr1_5813702,1.00000000
Centre,2016,CE10_chr1_5813702,1.00000000
Centre,2010,CE10_chr1_6138309,0.59722222
Centre,2011,CE10_chr1_6138309,0.5000000
Centre,2012,CE10_chr1_6138309,0.75000000
Centre,2013,CE10_chr1_6138309,0.69047619
Centre,2014,CE10_chr1_6138309,0.45161290
Centre,2015,CE10_chr1_6138309,0.83333333
Centre,2016,CE10_chr1_6138309,0.55555556
Centre,2010,CE10_chr1_7477198,0.22857143
Centre,2011,CE10_chr1_7477198,0.0000000
Centre,2012,CE10_chr1_7477198,0.16666667
Centre,2013,CE10_chr1_7477198,0.27777778
Centre,2014,CE10_chr1_7477198,0.29032258
Centre,2015,CE10_chr1_7477198,0.00000000
Centre,2016,CE10_chr1_7477198,0.47368421
Centre,2010,CE10_chr1_12821375,0.36486486
Centre,2011,CE10_chr1_12821375,0.0000000
Centre,2012,CE10_chr1_12821375,0.06896552
Centre,2013,CE10_chr1_12821375,0.18421053
Centre,2014,CE10_chr1_12821375,0.25000000
Centre,2015,CE10_chr1_12821375,0.22222222
Centre,2016,CE10_chr1_12821375,0.26315789
Centre,2010,CE10_chr1_22567382,0.32857143
Centre,2011,CE10_chr1_22567382,0.0000000
Centre,2012,CE10_chr1_22567382,0.11666667
Centre,2013,CE10_chr1_22567382,0.19047619
Centre,2014,CE10_chr1_22567382,0.20967742
Centre,2015,CE10_chr1_22567382,0.22222222
Centre,2016,CE10_chr1_22567382,0.30555556
Centre,2010,CE10_chr1_26921404,0.34722222
Centre,2011,CE10_chr1_26921404,0.0000000
Centre,2012,CE10_chr1_26921404,0.18965517
Centre,2013,CE10_chr1_26921404,0.15000000
Centre,2014,CE10_chr1_26921404,0.22580645
Centre,2015,CE10_chr1_26921404,0.27777778
Centre,2016,CE10_chr1_26921404,0.25000000
Centre,2010,CE10_chr1_32916181,0.25000000
Centre,2011,CE10_chr1_32916181,0.0000000
Centre,2012,CE10_chr1_32916181,0.17241379
Centre,2013,CE10_chr1_32916181,0.00000000
Centre,2014,CE10_chr1_32916181,0.06451613
Centre,2015,CE10_chr1_32916181,0.33333333
Centre,2016,CE10_chr1_32916181,0.12500000
Centre,2010,CE10_chr1_34253586,0.22058824
Centre,2011,CE10_chr1_34253586,0.0000000
Centre,2012,CE10_chr1_34253586,0.11904762
Centre,2013,CE10_chr1_34253586,0.00000000
Centre,2014,CE10_chr1_34253586,0.11111111
Centre,2015,CE10_chr1_34253586,0.19444444
Centre,2016,CE10_chr1_34253586,0.17647059
Centre,2010,CE10_chr1_34521981,0.21621622
Centre,2011,CE10_chr1_34521981,0.0000000
Centre,2012,CE10_chr1_34521981,0.03448276
Centre,2013,CE10_chr1_34521981,0.00000000
Centre,2014,CE10_chr1_34521981,0.17187500
Centre,2015,CE10_chr1_34521981,0.05882353
Centre,2016,CE10_chr1_34521981,0.23684211
Centre,2010,CE10_chr1_44249242,0.43055556
Centre,2011,CE10_chr1_44249242,0.6250000
Centre,2012,CE10_chr1_44249242,0.53333333
Centre,2013,CE10_chr1_44249242,0.52631579
Centre,2014,CE10_chr1_44249242,0.41935484
Centre,2015,CE10_chr1_44249242,0.55882353
Centre,2016,CE10_chr1_44249242,0.45000000
Centre,2010,CE10_chr1_44268912,0.08823529
Centre,2011,CE10_chr1_44268912,0.0000000
Centre,2012,CE10_chr1_44268912,0.08928571
Centre,2013,CE10_chr1_44268912,0.00000000
Centre,2014,CE10_chr1_44268912,0.07812500
Centre,2015,CE10_chr1_44268912,0.02777778
Centre,2016,CE10_chr1_44268912,0.05263158
Centre,2010,CE10_chr2_3044136,0.31818182
Centre,2011,CE10_chr2_3044136,0.6666667
Centre,2012,CE10_chr2_3044136,0.43333333
Centre,2013,CE10_chr2_3044136,0.37500000
Centre,2014,CE10_chr2_3044136,0.43333333
Centre,2015,CE10_chr2_3044136,0.29411765
Centre,2016,CE10_chr2_3044136,0.36842105
Centre,2010,CE10_chr2_5647975,0.18750000
Centre,2011,CE10_chr2_5647975,0.6666667
Centre,2012,CE10_chr2_5647975,0.35714286
Centre,2013,CE10_chr2_5647975,0.29411765
Centre,2014,CE10_chr2_5647975,0.31481481
Centre,2015,CE10_chr2_5647975,0.50000000
Centre,2016,CE10_chr2_5647975,0.30555556
Centre,2010,CE10_chr2_6432707,0.31944444
Centre,2011,CE10_chr2_6432707,0.0000000
Centre,2012,CE10_chr2_6432707,0.16666667
Centre,2013,CE10_chr2_6432707,0.26190476
Centre,2014,CE10_chr2_6432707,0.38709677
Centre,2015,CE10_chr2_6432707,0.14705882
Centre,2016,CE10_chr2_6432707,0.30000000
Centre,2010,CE10_chr2_7714592,0.79166667
Centre,2011,CE10_chr2_7714592,1.0000000
Centre,2012,CE10_chr2_7714592,0.78333333
Centre,2013,CE10_chr2_7714592,0.59523810
Centre,2014,CE10_chr2_7714592,0.73437500
Centre,2015,CE10_chr2_7714592,0.97222222
Centre,2016,CE10_chr2_7714592,0.63157895
Centre,2010,CE10_chr2_8556026,0.32352941
Centre,2011,CE10_chr2_8556026,0.6250000
Centre,2012,CE10_chr2_8556026,0.41379310
Centre,2013,CE10_chr2_8556026,0.35714286
Centre,2014,CE10_chr2_8556026,0.34375000
Centre,2015,CE10_chr2_8556026,0.47222222
Centre,2016,CE10_chr2_8556026,0.36842105
Centre,2010,CE10_chr2_11032206,0.39062500
Centre,2011,CE10_chr2_11032206,1.0000000
Centre,2012,CE10_chr2_11032206,0.53448276
Centre,2013,CE10_chr2_11032206,0.45238095
Centre,2014,CE10_chr2_11032206,0.46428571
Centre,2015,CE10_chr2_11032206,0.59375000
Centre,2016,CE10_chr2_11032206,0.40000000
Centre,2010,CE10_chr2_11074393,0.38888889
Centre,2011,CE10_chr2_11074393,0.5000000
Centre,2012,CE10_chr2_11074393,0.20000000
Centre,2013,CE10_chr2_11074393,0.23809524
Centre,2014,CE10_chr2_11074393,0.26562500
Centre,2015,CE10_chr2_11074393,0.22222222
Centre,2016,CE10_chr2_11074393,0.13157895
Centre,2010,CE10_chr2_13102746,0.33333333
Centre,2011,CE10_chr2_13102746,1.0000000
Centre,2012,CE10_chr2_13102746,0.58333333
Centre,2013,CE10_chr2_13102746,0.00000000
Centre,2014,CE10_chr2_13102746,0.30000000
Centre,2015,CE10_chr2_13102746,0.00000000
Centre,2016,CE10_chr2_13102746,0.50000000
Centre,2010,CE10_chr2_17615227,0.36363636
Centre,2011,CE10_chr2_17615227,0.0000000
Centre,2012,CE10_chr2_17615227,0.37500000
Centre,2013,CE10_chr2_17615227,0.21428571
Centre,2014,CE10_chr2_17615227,0.34375000
Centre,2015,CE10_chr2_17615227,0.33333333
Centre,2016,CE10_chr2_17615227,0.42105263
Centre,2010,CE10_chr2_22282720,0.23529412
Centre,2011,CE10_chr2_22282720,0.3750000
Centre,2012,CE10_chr2_22282720,0.33928571
Centre,2013,CE10_chr2_22282720,0.23809524
Centre,2014,CE10_chr2_22282720,0.20967742
Centre,2015,CE10_chr2_22282720,0.14705882
Centre,2016,CE10_chr2_22282720,0.18421053
Centre,2010,CE10_chr2_22363869,0.23611111
Centre,2011,CE10_chr2_22363869,0.3750000
Centre,2012,CE10_chr2_22363869,0.34482759
Centre,2013,CE10_chr2_22363869,0.27500000
Centre,2014,CE10_chr2_22363869,0.20312500
Centre,2015,CE10_chr2_22363869,0.19444444
Centre,2016,CE10_chr2_22363869,0.25000000
Centre,2010,CE10_chr2_22845002,0.24242424
Centre,2011,CE10_chr2_22845002,0.3750000
Centre,2012,CE10_chr2_22845002,0.36666667
Centre,2013,CE10_chr2_22845002,0.26315789
Centre,2014,CE10_chr2_22845002,0.20000000
Centre,2015,CE10_chr2_22845002,0.14285714
Centre,2016,CE10_chr2_22845002,0.21052632
Centre,2010,CE10_chr2_37881016,0.34722222
Centre,2011,CE10_chr2_37881016,0.3750000
Centre,2012,CE10_chr2_37881016,0.31666667
Centre,2013,CE10_chr2_37881016,0.35714286
Centre,2014,CE10_chr2_37881016,0.33333333
Centre,2015,CE10_chr2_37881016,0.38888889
Centre,2016,CE10_chr2_37881016,0.26315789
Centre,2010,CE10_chr2_38031884,0.31944444
Centre,2011,CE10_chr2_38031884,0.3750000
Centre,2012,CE10_chr2_38031884,0.32142857
Centre,2013,CE10_chr2_38031884,0.23809524
Centre,2014,CE10_chr2_38031884,0.15625000
Centre,2015,CE10_chr2_38031884,0.31250000
Centre,2016,CE10_chr2_38031884,0.12500000
Centre,2010,CE10_chr2_41050173,0.40277778
Centre,2011,CE10_chr2_41050173,0.3750000
Centre,2012,CE10_chr2_41050173,0.43333333
Centre,2013,CE10_chr2_41050173,0.80000000
Centre,2014,CE10_chr2_41050173,0.62500000
Centre,2015,CE10_chr2_41050173,0.47058824
Centre,2016,CE10_chr2_41050173,0.32500000
Centre,2010,CE10_chr2_42158835,0.94594595
Centre,2011,CE10_chr2_42158835,1.0000000
Centre,2012,CE10_chr2_42158835,0.96551724
Centre,2013,CE10_chr2_42158835,1.00000000
Centre,2014,CE10_chr2_42158835,1.00000000
Centre,2015,CE10_chr2_42158835,1.00000000
Centre,2016,CE10_chr2_42158835,1.00000000
Centre,2010,CE10_chr2_43402133,0.06060606
Centre,2011,CE10_chr2_43402133,0.5000000
Centre,2012,CE10_chr2_43402133,0.15000000
Centre,2013,CE10_chr2_43402133,0.30000000
Centre,2014,CE10_chr2_43402133,0.12903226
Centre,2015,CE10_chr2_43402133,0.11111111
Centre,2016,CE10_chr2_43402133,0.27500000
Centre,2010,CE10_chr2_45568722,0.17647059
Centre,2011,CE10_chr2_45568722,0.0000000
Centre,2012,CE10_chr2_45568722,0.21428571
Centre,2013,CE10_chr2_45568722,0.23529412
Centre,2014,CE10_chr2_45568722,0.21666667
Centre,2015,CE10_chr2_45568722,0.11764706
Centre,2016,CE10_chr2_45568722,0.29411765
Centre,2010,CE10_chr2_51921005,1.00000000
Centre,2011,CE10_chr2_51921005,1.0000000
Centre,2012,CE10_chr2_51921005,1.00000000
Centre,2013,CE10_chr2_51921005,1.00000000
Centre,2014,CE10_chr2_51921005,1.00000000
Centre,2015,CE10_chr2_51921005,1.00000000
Centre,2016,CE10_chr2_51921005,1.00000000
Centre,2010,CE10_chr3_2885845,0.34722222
Centre,2011,CE10_chr3_2885845,0.1666667
Centre,2012,CE10_chr3_2885845,0.28571429
Centre,2013,CE10_chr3_2885845,0.07500000
Centre,2014,CE10_chr3_2885845,0.06896552
Centre,2015,CE10_chr3_2885845,0.33333333
Centre,2016,CE10_chr3_2885845,0.27777778
Centre,2010,CE10_chr3_3077743,0.23611111
Centre,2011,CE10_chr3_3077743,0.7500000
Centre,2012,CE10_chr3_3077743,0.46551724
Centre,2013,CE10_chr3_3077743,0.23809524
Centre,2014,CE10_chr3_3077743,0.33870968
Centre,2015,CE10_chr3_3077743,0.52777778
Centre,2016,CE10_chr3_3077743,0.31578947
Centre,2010,CE10_chr3_13931417,0.22857143
Centre,2011,CE10_chr3_13931417,0.2500000
Centre,2012,CE10_chr3_13931417,0.25000000
Centre,2013,CE10_chr3_13931417,0.16666667
Centre,2014,CE10_chr3_13931417,0.21875000
Centre,2015,CE10_chr3_13931417,0.37500000
Centre,2016,CE10_chr3_13931417,0.37500000
Centre,2010,CE10_chr3_20511163,0.17567568
Centre,2011,CE10_chr3_20511163,0.0000000
Centre,2012,CE10_chr3_20511163,0.30000000
Centre,2013,CE10_chr3_20511163,0.09523810
Centre,2014,CE10_chr3_20511163,0.08064516
Centre,2015,CE10_chr3_20511163,0.22222222
Centre,2016,CE10_chr3_20511163,0.12500000
Centre,2010,CE10_chr3_35511646,0.30000000
Centre,2011,CE10_chr3_35511646,0.8333333
Centre,2012,CE10_chr3_35511646,0.44230769
Centre,2013,CE10_chr3_35511646,0.27500000
Centre,2014,CE10_chr3_35511646,0.35000000
Centre,2015,CE10_chr3_35511646,0.52941176
Centre,2016,CE10_chr3_35511646,0.35294118
Centre,2010,CE10_chr3_37717243,0.95833333
Centre,2011,CE10_chr3_37717243,1.0000000
Centre,2012,CE10_chr3_37717243,0.96666667
Centre,2013,CE10_chr3_37717243,1.00000000
Centre,2014,CE10_chr3_37717243,1.00000000
Centre,2015,CE10_chr3_37717243,1.00000000
Centre,2016,CE10_chr3_37717243,1.00000000
Centre,2010,CE10_chr3_41151946,0.32432432
Centre,2011,CE10_chr3_41151946,0.0000000
Centre,2012,CE10_chr3_41151946,0.24137931
Centre,2013,CE10_chr3_41151946,0.09523810
Centre,2014,CE10_chr3_41151946,0.15517241
Centre,2015,CE10_chr3_41151946,0.27777778
Centre,2016,CE10_chr3_41151946,0.39473684
Centre,2010,CE10_chr3_42109809,0.55405405
Centre,2011,CE10_chr3_42109809,1.0000000
Centre,2012,CE10_chr3_42109809,0.51724138
Centre,2013,CE10_chr3_42109809,0.28947368
Centre,2014,CE10_chr3_42109809,0.46774194
Centre,2015,CE10_chr3_42109809,0.63888889
Centre,2016,CE10_chr3_42109809,0.47368421
Centre,2010,CE10_chr3_42156280,0.35714286
Centre,2011,CE10_chr3_42156280,1.0000000
Centre,2012,CE10_chr3_42156280,0.35000000
Centre,2013,CE10_chr3_42156280,0.23809524
Centre,2014,CE10_chr3_42156280,0.27419355
Centre,2015,CE10_chr3_42156280,0.50000000
Centre,2016,CE10_chr3_42156280,0.23684211
Centre,2010,CE10_chr3_42488847,0.52857143
Centre,2011,CE10_chr3_42488847,0.0000000
Centre,2012,CE10_chr3_42488847,0.41071429
Centre,2013,CE10_chr3_42488847,0.50000000
Centre,2014,CE10_chr3_42488847,0.43750000
Centre,2015,CE10_chr3_42488847,0.16666667
Centre,2016,CE10_chr3_42488847,0.47368421
Centre,2010,CE10_chr3_44673920,0.94594595
Centre,2011,CE10_chr3_44673920,1.0000000
Centre,2012,CE10_chr3_44673920,0.95000000
Centre,2013,CE10_chr3_44673920,1.00000000
Centre,2014,CE10_chr3_44673920,1.00000000
Centre,2015,CE10_chr3_44673920,1.00000000
Centre,2016,CE10_chr3_44673920,0.97500000
Centre,2010,CE10_chr3_48336483,0.27142857
Centre,2011,CE10_chr3_48336483,0.5000000
Centre,2012,CE10_chr3_48336483,0.14814815
Centre,2013,CE10_chr3_48336483,0.19047619
Centre,2014,CE10_chr3_48336483,0.11666667
Centre,2015,CE10_chr3_48336483,0.18750000
Centre,2016,CE10_chr3_48336483,0.23684211
Centre,2010,CE10_chr3_48612013,0.10606061
Centre,2011,CE10_chr3_48612013,0.5000000
Centre,2012,CE10_chr3_48612013,0.27777778
Centre,2013,CE10_chr3_48612013,0.14705882
Centre,2014,CE10_chr3_48612013,0.17857143
Centre,2015,CE10_chr3_48612013,0.20000000
Centre,2016,CE10_chr3_48612013,0.16666667
Centre,2010,CE10_chr4_1427613,0.37142857
Centre,2011,CE10_chr4_1427613,0.3333333
Centre,2012,CE10_chr4_1427613,0.33928571
Centre,2013,CE10_chr4_1427613,0.27500000
Centre,2014,CE10_chr4_1427613,0.44827586
Centre,2015,CE10_chr4_1427613,0.38461538
Centre,2016,CE10_chr4_1427613,0.13333333
Centre,2010,CE10_chr4_1557962,0.09459459
Centre,2011,CE10_chr4_1557962,0.0000000
Centre,2012,CE10_chr4_1557962,0.10344828
Centre,2013,CE10_chr4_1557962,0.07142857
Centre,2014,CE10_chr4_1557962,0.05000000
Centre,2015,CE10_chr4_1557962,0.05555556
Centre,2016,CE10_chr4_1557962,0.00000000
Centre,2010,CE10_chr4_2959814,0.15714286
Centre,2011,CE10_chr4_2959814,0.2500000
Centre,2012,CE10_chr4_2959814,0.32142857
Centre,2013,CE10_chr4_2959814,0.07142857
Centre,2014,CE10_chr4_2959814,0.10937500
Centre,2015,CE10_chr4_2959814,0.18750000
Centre,2016,CE10_chr4_2959814,0.20588235
Centre,2010,CE10_chr4_6401639,0.30555556
Centre,2011,CE10_chr4_6401639,0.8750000
Centre,2012,CE10_chr4_6401639,0.41071429
Centre,2013,CE10_chr4_6401639,0.35000000
Centre,2014,CE10_chr4_6401639,0.46875000
Centre,2015,CE10_chr4_6401639,0.60000000
Centre,2016,CE10_chr4_6401639,0.30000000
Centre,2010,CE10_chr4_9637882,0.37837838
Centre,2011,CE10_chr4_9637882,0.7500000
Centre,2012,CE10_chr4_9637882,0.50000000
Centre,2013,CE10_chr4_9637882,0.26190476
Centre,2014,CE10_chr4_9637882,0.35937500
Centre,2015,CE10_chr4_9637882,0.47222222
Centre,2016,CE10_chr4_9637882,0.10000000
Centre,2010,CE10_chr4_13024951,0.45945946
Centre,2011,CE10_chr4_13024951,0.1250000
Centre,2012,CE10_chr4_13024951,0.45000000
Centre,2013,CE10_chr4_13024951,0.42105263
Centre,2014,CE10_chr4_13024951,0.54687500
Centre,2015,CE10_chr4_13024951,0.52941176
Centre,2016,CE10_chr4_13024951,0.55555556
Centre,2010,CE10_chr4_14679771,1.00000000
Centre,2011,CE10_chr4_14679771,1.0000000
Centre,2012,CE10_chr4_14679771,1.00000000
Centre,2013,CE10_chr4_14679771,1.00000000
Centre,2014,CE10_chr4_14679771,1.00000000
Centre,2015,CE10_chr4_14679771,1.00000000
Centre,2016,CE10_chr4_14679771,1.00000000
Centre,2010,CE10_chr4_30930531,0.95945946
Centre,2011,CE10_chr4_30930531,1.0000000
Centre,2012,CE10_chr4_30930531,0.96666667
Centre,2013,CE10_chr4_30930531,1.00000000
Centre,2014,CE10_chr4_30930531,1.00000000
Centre,2015,CE10_chr4_30930531,1.00000000
Centre,2016,CE10_chr4_30930531,1.00000000
Centre,2010,CE10_chr4_42937567,0.95945946
Centre,2011,CE10_chr4_42937567,1.0000000
Centre,2012,CE10_chr4_42937567,0.96666667
Centre,2013,CE10_chr4_42937567,0.97619048
Centre,2014,CE10_chr4_42937567,1.00000000
Centre,2015,CE10_chr4_42937567,1.00000000
Centre,2016,CE10_chr4_42937567,1.00000000
Centre,2010,CE10_chr4_44693253,0.31944444
Centre,2011,CE10_chr4_44693253,0.0000000
Centre,2012,CE10_chr4_44693253,0.29310345
Centre,2013,CE10_chr4_44693253,0.26315789
Centre,2014,CE10_chr4_44693253,0.29310345
Centre,2015,CE10_chr4_44693253,0.06250000
Centre,2016,CE10_chr4_44693253,0.26470588
Centre,2010,CE10_chr4_46328962,0.02777778
Centre,2011,CE10_chr4_46328962,0.0000000
Centre,2012,CE10_chr4_46328962,0.00000000
Centre,2013,CE10_chr4_46328962,0.00000000
Centre,2014,CE10_chr4_46328962,0.01612903
Centre,2015,CE10_chr4_46328962,0.00000000
Centre,2016,CE10_chr4_46328962,0.00000000
Centre,2010,CE10_chr4_47202410,0.77027027
Centre,2011,CE10_chr4_47202410,0.3750000
Centre,2012,CE10_chr4_47202410,0.78333333
Centre,2013,CE10_chr4_47202410,0.90476190
Centre,2014,CE10_chr4_47202410,0.82258065
Centre,2015,CE10_chr4_47202410,0.52777778
Centre,2016,CE10_chr4_47202410,0.68421053
Centre,2010,CE10_chr4_47876381,0.23529412
Centre,2011,CE10_chr4_47876381,0.5000000
Centre,2012,CE10_chr4_47876381,0.56521739
Centre,2013,CE10_chr4_47876381,0.55882353
Centre,2014,CE10_chr4_47876381,0.15384615
Centre,2015,CE10_chr4_47876381,0.53125000
Centre,2016,CE10_chr4_47876381,0.52631579
Centre,2010,CE10_chr5_2918120,0.31818182
Centre,2011,CE10_chr5_2918120,1.0000000
Centre,2012,CE10_chr5_2918120,0.46153846
Centre,2013,CE10_chr5_2918120,0.22222222
Centre,2014,CE10_chr5_2918120,0.52380952
Centre,2015,CE10_chr5_2918120,0.87500000
Centre,2016,CE10_chr5_2918120,0.22222222
Centre,2010,CE10_chr5_6920490,0.27027027
Centre,2011,CE10_chr5_6920490,0.6250000
Centre,2012,CE10_chr5_6920490,0.24137931
Centre,2013,CE10_chr5_6920490,0.07500000
Centre,2014,CE10_chr5_6920490,0.19354839
Centre,2015,CE10_chr5_6920490,0.50000000
Centre,2016,CE10_chr5_6920490,0.22500000
Centre,2010,CE10_chr5_8904233,0.30357143
Centre,2011,CE10_chr5_8904233,0.6666667
Centre,2012,CE10_chr5_8904233,0.31481481
Centre,2013,CE10_chr5_8904233,0.32500000
Centre,2014,CE10_chr5_8904233,0.51562500
Centre,2015,CE10_chr5_8904233,0.67647059
Centre,2016,CE10_chr5_8904233,0.45000000
Centre,2010,CE10_chr5_9147696,0.25000000
Centre,2011,CE10_chr5_9147696,0.5000000
Centre,2012,CE10_chr5_9147696,0.19642857
Centre,2013,CE10_chr5_9147696,0.17500000
Centre,2014,CE10_chr5_9147696,0.23437500
Centre,2015,CE10_chr5_9147696,0.23529412
Centre,2016,CE10_chr5_9147696,0.55000000
Centre,2010,CE10_chr5_17848777,0.59722222
Centre,2011,CE10_chr5_17848777,1.0000000
Centre,2012,CE10_chr5_17848777,0.55357143
Centre,2013,CE10_chr5_17848777,0.57500000
Centre,2014,CE10_chr5_17848777,0.53125000
Centre,2015,CE10_chr5_17848777,0.75000000
Centre,2016,CE10_chr5_17848777,0.65789474
Centre,2010,CE10_chr5_23403214,0.58571429
Centre,2011,CE10_chr5_23403214,0.1250000
Centre,2012,CE10_chr5_23403214,0.48333333
Centre,2013,CE10_chr5_23403214,0.60000000
Centre,2014,CE10_chr5_23403214,0.67241379
Centre,2015,CE10_chr5_23403214,0.36111111
Centre,2016,CE10_chr5_23403214,0.34210526
Centre,2010,CE10_chr5_26341621,0.36111111
Centre,2011,CE10_chr5_26341621,0.2500000
Centre,2012,CE10_chr5_26341621,0.36666667
Centre,2013,CE10_chr5_26341621,0.55000000
Centre,2014,CE10_chr5_26341621,0.53333333
Centre,2015,CE10_chr5_26341621,0.38888889
Centre,2016,CE10_chr5_26341621,0.40000000
Centre,2010,CE10_chr5_30556576,0.08064516
Centre,2011,CE10_chr5_30556576,0.0000000
Centre,2012,CE10_chr5_30556576,0.11538462
Centre,2013,CE10_chr5_30556576,0.07692308
Centre,2014,CE10_chr5_30556576,0.15789474
Centre,2015,CE10_chr5_30556576,0.06250000
Centre,2016,CE10_chr5_30556576,0.12500000
Centre,2010,CE10_chr5_32363462,0.76470588
Centre,2011,CE10_chr5_32363462,0.8750000
Centre,2012,CE10_chr5_32363462,0.71428571
Centre,2013,CE10_chr5_32363462,0.61111111
Centre,2014,CE10_chr5_32363462,0.65625000
Centre,2015,CE10_chr5_32363462,0.86111111
Centre,2016,CE10_chr5_32363462,0.77500000
Centre,2010,CE10_chr5_38305331,0.55714286
Centre,2011,CE10_chr5_38305331,0.2500000
Centre,2012,CE10_chr5_38305331,0.46428571
Centre,2013,CE10_chr5_38305331,0.52380952
Centre,2014,CE10_chr5_38305331,0.53333333
Centre,2015,CE10_chr5_38305331,0.25000000
Centre,2016,CE10_chr5_38305331,0.36111111
Centre,2010,CE10_chr5_42670718,0.38888889
Centre,2011,CE10_chr5_42670718,0.7500000
Centre,2012,CE10_chr5_42670718,0.34482759
Centre,2013,CE10_chr5_42670718,0.30952381
Centre,2014,CE10_chr5_42670718,0.26562500
Centre,2015,CE10_chr5_42670718,0.64705882
Centre,2016,CE10_chr5_42670718,0.35000000
Centre,2010,CE10_chr5_46163271,0.26388889
Centre,2011,CE10_chr5_46163271,0.7500000
Centre,2012,CE10_chr5_46163271,0.45000000
Centre,2013,CE10_chr5_46163271,0.35714286
Centre,2014,CE10_chr5_46163271,0.37096774
Centre,2015,CE10_chr5_46163271,0.77777778
Centre,2016,CE10_chr5_46163271,0.30555556
Centre,2010,CE10_chr5_46306526,0.30882353
Centre,2011,CE10_chr5_46306526,0.0000000
Centre,2012,CE10_chr5_46306526,0.30000000
Centre,2013,CE10_chr5_46306526,0.25000000
Centre,2014,CE10_chr5_46306526,0.43333333
Centre,2015,CE10_chr5_46306526,0.52777778
Centre,2016,CE10_chr5_46306526,0.35000000
Centre,2010,CE10_chr5_48550907,0.60000000
Centre,2011,CE10_chr5_48550907,0.0000000
Centre,2012,CE10_chr5_48550907,0.55882353
Centre,2013,CE10_chr5_48550907,0.84615385
Centre,2014,CE10_chr5_48550907,0.41666667
Centre,2015,CE10_chr5_48550907,0.35714286
Centre,2016,CE10_chr5_48550907,0.59090909
Centre,2010,CE10_chr5_48913145,0.55405405
Centre,2011,CE10_chr5_48913145,0.8750000
Centre,2012,CE10_chr5_48913145,0.60714286
Centre,2013,CE10_chr5_48913145,0.69047619
Centre,2014,CE10_chr5_48913145,0.67187500
Centre,2015,CE10_chr5_48913145,0.44444444
Centre,2016,CE10_chr5_48913145,0.65000000
Centre,2010,CE10_chr5_49825554,0.05714286
Centre,2011,CE10_chr5_49825554,0.0000000
Centre,2012,CE10_chr5_49825554,0.17857143
Centre,2013,CE10_chr5_49825554,0.04761905
Centre,2014,CE10_chr5_49825554,0.04838710
Centre,2015,CE10_chr5_49825554,0.26470588
Centre,2016,CE10_chr5_49825554,0.10000000
Centre,2010,CE10_chr5_50262200,0.04166667
Centre,2011,CE10_chr5_50262200,0.3333333
Centre,2012,CE10_chr5_50262200,0.10344828
Centre,2013,CE10_chr5_50262200,0.02380952
Centre,2014,CE10_chr5_50262200,0.03333333
Centre,2015,CE10_chr5_50262200,0.10000000
Centre,2016,CE10_chr5_50262200,0.00000000
Centre,2010,CE10_chr6_284171,0.32857143
Centre,2011,CE10_chr6_284171,0.5000000
Centre,2012,CE10_chr6_284171,0.45000000
Centre,2013,CE10_chr6_284171,0.23809524
Centre,2014,CE10_chr6_284171,0.25000000
Centre,2015,CE10_chr6_284171,0.67647059
Centre,2016,CE10_chr6_284171,0.39473684
Centre,2010,CE10_chr6_1514500,1.00000000
Centre,2011,CE10_chr6_1514500,1.0000000
Centre,2012,CE10_chr6_1514500,1.00000000
Centre,2013,CE10_chr6_1514500,1.00000000
Centre,2014,CE10_chr6_1514500,0.98333333
Centre,2015,CE10_chr6_1514500,1.00000000
Centre,2016,CE10_chr6_1514500,1.00000000
Centre,2010,CE10_chr6_2369382,0.20000000
Centre,2011,CE10_chr6_2369382,0.0000000
Centre,2012,CE10_chr6_2369382,0.33333333
Centre,2013,CE10_chr6_2369382,0.00000000
Centre,2014,CE10_chr6_2369382,0.00000000
Centre,2015,CE10_chr6_2369382,0.00000000
Centre,2016,CE10_chr6_2369382,0.00000000
Centre,2010,CE10_chr6_3646391,0.23611111
Centre,2011,CE10_chr6_3646391,0.3750000
Centre,2012,CE10_chr6_3646391,0.15517241
Centre,2013,CE10_chr6_3646391,0.07500000
Centre,2014,CE10_chr6_3646391,0.18333333
Centre,2015,CE10_chr6_3646391,0.33333333
Centre,2016,CE10_chr6_3646391,0.15000000
Centre,2010,CE10_chr6_5966445,0.37500000
Centre,2011,CE10_chr6_5966445,0.0000000
Centre,2012,CE10_chr6_5966445,0.25000000
Centre,2013,CE10_chr6_5966445,0.38095238
Centre,2014,CE10_chr6_5966445,0.32812500
Centre,2015,CE10_chr6_5966445,0.13888889
Centre,2016,CE10_chr6_5966445,0.30000000
Centre,2010,CE10_chr6_6645736,0.26562500
Centre,2011,CE10_chr6_6645736,0.5000000
Centre,2012,CE10_chr6_6645736,0.14814815
Centre,2013,CE10_chr6_6645736,0.06250000
Centre,2014,CE10_chr6_6645736,0.08620690
Centre,2015,CE10_chr6_6645736,0.29166667
Centre,2016,CE10_chr6_6645736,0.15625000
Centre,2010,CE10_chr6_12764318,0.35714286
Centre,2011,CE10_chr6_12764318,0.5000000
Centre,2012,CE10_chr6_12764318,0.34482759
Centre,2013,CE10_chr6_12764318,0.52631579
Centre,2014,CE10_chr6_12764318,0.50000000
Centre,2015,CE10_chr6_12764318,0.62500000
Centre,2016,CE10_chr6_12764318,0.30000000
Centre,2010,CE10_chr6_14849658,0.27142857
Centre,2011,CE10_chr6_14849658,0.5000000
Centre,2012,CE10_chr6_14849658,0.23333333
Centre,2013,CE10_chr6_14849658,0.21428571
Centre,2014,CE10_chr6_14849658,0.30645161
Centre,2015,CE10_chr6_14849658,0.50000000
Centre,2016,CE10_chr6_14849658,0.31578947
Centre,2010,CE10_chr6_17316607,0.30555556
Centre,2011,CE10_chr6_17316607,0.6250000
Centre,2012,CE10_chr6_17316607,0.53448276
Centre,2013,CE10_chr6_17316607,0.60000000
Centre,2014,CE10_chr6_17316607,0.37500000
Centre,2015,CE10_chr6_17316607,0.38888889
Centre,2016,CE10_chr6_17316607,0.36842105
Centre,2010,CE10_chr6_18041585,0.16666667
Centre,2011,CE10_chr6_18041585,0.0000000
Centre,2012,CE10_chr6_18041585,0.23529412
Centre,2013,CE10_chr6_18041585,0.00000000
Centre,2014,CE10_chr6_18041585,0.35714286
Centre,2015,CE10_chr6_18041585,0.19230769
Centre,2016,CE10_chr6_18041585,0.05000000
Centre,2010,CE10_chr6_26623303,0.37500000
Centre,2011,CE10_chr6_26623303,0.5000000
Centre,2012,CE10_chr6_26623303,0.56666667
Centre,2013,CE10_chr6_26623303,0.38095238
Centre,2014,CE10_chr6_26623303,0.50000000
Centre,2015,CE10_chr6_26623303,0.61111111
Centre,2016,CE10_chr6_26623303,0.45000000
Centre,2010,CE10_chr6_37893116,0.05714286
Centre,2011,CE10_chr6_37893116,0.0000000
Centre,2012,CE10_chr6_37893116,0.08620690
Centre,2013,CE10_chr6_37893116,0.04761905
Centre,2014,CE10_chr6_37893116,0.01724138
Centre,2015,CE10_chr6_37893116,0.02941176
Centre,2016,CE10_chr6_37893116,0.12500000
Centre,2010,CE10_chr6_51786691,0.36206897
Centre,2011,CE10_chr6_51786691,0.0000000
Centre,2012,CE10_chr6_51786691,0.09090909
Centre,2013,CE10_chr6_51786691,0.15625000
Centre,2014,CE10_chr6_51786691,0.26666667
Centre,2015,CE10_chr6_51786691,0.12500000
Centre,2016,CE10_chr6_51786691,0.41666667
Centre,2010,CE10_chr6_55316010,0.36666667
Centre,2011,CE10_chr6_55316010,0.6666667
Centre,2012,CE10_chr6_55316010,0.71875000
Centre,2013,CE10_chr6_55316010,0.81818182
Centre,2014,CE10_chr6_55316010,0.50000000
Centre,2015,CE10_chr6_55316010,0.40000000
Centre,2016,CE10_chr6_55316010,0.62500000
Centre,2010,CE10_chr6_58292679,0.50000000
Centre,2011,CE10_chr6_58292679,0.2500000
Centre,2012,CE10_chr6_58292679,0.56896552
Centre,2013,CE10_chr6_58292679,0.54761905
Centre,2014,CE10_chr6_58292679,0.37096774
Centre,2015,CE10_chr6_58292679,0.47222222
Centre,2016,CE10_chr6_58292679,0.47500000
Centre,2010,CE10_chr6_59608296,0.30303030
Centre,2011,CE10_chr6_59608296,0.7500000
Centre,2012,CE10_chr6_59608296,0.48333333
Centre,2013,CE10_chr6_59608296,0.21428571
Centre,2014,CE10_chr6_59608296,0.22580645
Centre,2015,CE10_chr6_59608296,0.36111111
Centre,2016,CE10_chr6_59608296,0.13888889
Centre,2010,CE10_chr7_2332744,0.34722222
Centre,2011,CE10_chr7_2332744,0.5000000
Centre,2012,CE10_chr7_2332744,0.48275862
Centre,2013,CE10_chr7_2332744,0.52500000
Centre,2014,CE10_chr7_2332744,0.55172414
Centre,2015,CE10_chr7_2332744,0.27777778
Centre,2016,CE10_chr7_2332744,0.50000000
Centre,2010,CE10_chr7_3455085,0.30303030
Centre,2011,CE10_chr7_3455085,0.6666667
Centre,2012,CE10_chr7_3455085,0.15384615
Centre,2013,CE10_chr7_3455085,0.20000000
Centre,2014,CE10_chr7_3455085,0.20370370
Centre,2015,CE10_chr7_3455085,0.18181818
Centre,2016,CE10_chr7_3455085,0.23529412
Centre,2010,CE10_chr7_3784113,0.57142857
Centre,2011,CE10_chr7_3784113,0.7500000
Centre,2012,CE10_chr7_3784113,0.80769231
Centre,2013,CE10_chr7_3784113,0.76190476
Centre,2014,CE10_chr7_3784113,0.67741935
Centre,2015,CE10_chr7_3784113,0.61764706
Centre,2016,CE10_chr7_3784113,0.55555556
Centre,2010,CE10_chr7_9318680,0.27142857
Centre,2011,CE10_chr7_9318680,0.5000000
Centre,2012,CE10_chr7_9318680,0.18750000
Centre,2013,CE10_chr7_9318680,0.27777778
Centre,2014,CE10_chr7_9318680,0.40000000
Centre,2015,CE10_chr7_9318680,0.30000000
Centre,2016,CE10_chr7_9318680,0.57894737
Centre,2010,CE10_chr7_9887222,0.34722222
Centre,2011,CE10_chr7_9887222,0.0000000
Centre,2012,CE10_chr7_9887222,0.18333333
Centre,2013,CE10_chr7_9887222,0.30952381
Centre,2014,CE10_chr7_9887222,0.42187500
Centre,2015,CE10_chr7_9887222,0.19444444
Centre,2016,CE10_chr7_9887222,0.27500000
Centre,2010,CE10_chr7_10355104,0.25675676
Centre,2011,CE10_chr7_10355104,0.1666667
Centre,2012,CE10_chr7_10355104,0.24074074
Centre,2013,CE10_chr7_10355104,0.33333333
Centre,2014,CE10_chr7_10355104,0.30645161
Centre,2015,CE10_chr7_10355104,0.25000000
Centre,2016,CE10_chr7_10355104,0.52500000
Centre,2010,CE10_chr7_12712170,0.05555556
Centre,2011,CE10_chr7_12712170,0.0000000
Centre,2012,CE10_chr7_12712170,0.08333333
Centre,2013,CE10_chr7_12712170,0.09523810
Centre,2014,CE10_chr7_12712170,0.11290323
Centre,2015,CE10_chr7_12712170,0.00000000
Centre,2016,CE10_chr7_12712170,0.10000000
Centre,2010,CE10_chr7_17396933,0.34848485
Centre,2011,CE10_chr7_17396933,0.2500000
Centre,2012,CE10_chr7_17396933,0.37931034
Centre,2013,CE10_chr7_17396933,0.40476190
Centre,2014,CE10_chr7_17396933,0.23437500
Centre,2015,CE10_chr7_17396933,0.44444444
Centre,2016,CE10_chr7_17396933,0.37500000
Centre,2010,CE10_chr7_19094511,0.48648649
Centre,2011,CE10_chr7_19094511,0.2500000
Centre,2012,CE10_chr7_19094511,0.43333333
Centre,2013,CE10_chr7_19094511,0.60526316
Centre,2014,CE10_chr7_19094511,0.56451613
Centre,2015,CE10_chr7_19094511,0.70588235
Centre,2016,CE10_chr7_19094511,0.55000000
Centre,2010,CE10_chr7_23524340,0.95945946
Centre,2011,CE10_chr7_23524340,1.0000000
Centre,2012,CE10_chr7_23524340,0.96666667
Centre,2013,CE10_chr7_23524340,1.00000000
Centre,2014,CE10_chr7_23524340,1.00000000
Centre,2015,CE10_chr7_23524340,1.00000000
Centre,2016,CE10_chr7_23524340,1.00000000
Centre,2010,CE10_chr7_28978244,0.25000000
Centre,2011,CE10_chr7_28978244,0.0000000
Centre,2012,CE10_chr7_28978244,0.03333333
Centre,2013,CE10_chr7_28978244,0.04761905
Centre,2014,CE10_chr7_28978244,0.07812500
Centre,2015,CE10_chr7_28978244,0.16666667
Centre,2016,CE10_chr7_28978244,0.00000000
Centre,2010,CE10_chr7_29262897,0.30000000
Centre,2011,CE10_chr7_29262897,0.0000000
Centre,2012,CE10_chr7_29262897,0.05172414
Centre,2013,CE10_chr7_29262897,0.00000000
Centre,2014,CE10_chr7_29262897,0.14516129
Centre,2015,CE10_chr7_29262897,0.16666667
Centre,2016,CE10_chr7_29262897,0.00000000
Centre,2010,CE10_chr7_33323212,0.47142857
Centre,2011,CE10_chr7_33323212,0.2500000
Centre,2012,CE10_chr7_33323212,0.29310345
Centre,2013,CE10_chr7_33323212,0.38095238
Centre,2014,CE10_chr7_33323212,0.35937500
Centre,2015,CE10_chr7_33323212,0.38235294
Centre,2016,CE10_chr7_33323212,0.32500000
Centre,2010,CE10_chr7_37040875,0.36111111
Centre,2011,CE10_chr7_37040875,0.0000000
Centre,2012,CE10_chr7_37040875,0.23333333
Centre,2013,CE10_chr7_37040875,0.00000000
Centre,2014,CE10_chr7_37040875,0.13888889
Centre,2015,CE10_chr7_37040875,0.33333333
Centre,2016,CE10_chr7_37040875,0.27777778
Centre,2010,CE10_chr8_217360,0.31428571
Centre,2011,CE10_chr8_217360,0.6250000
Centre,2012,CE10_chr8_217360,0.12068966
Centre,2013,CE10_chr8_217360,0.26190476
Centre,2014,CE10_chr8_217360,0.14062500
Centre,2015,CE10_chr8_217360,0.36111111
Centre,2016,CE10_chr8_217360,0.15789474
Centre,2010,CE10_chr8_2845888,0.32432432
Centre,2011,CE10_chr8_2845888,0.0000000
Centre,2012,CE10_chr8_2845888,0.18965517
Centre,2013,CE10_chr8_2845888,0.14285714
Centre,2014,CE10_chr8_2845888,0.26562500
Centre,2015,CE10_chr8_2845888,0.08333333
Centre,2016,CE10_chr8_2845888,0.07894737
Centre,2010,CE10_chr8_4787297,0.37837838
Centre,2011,CE10_chr8_4787297,0.2500000
Centre,2012,CE10_chr8_4787297,0.26785714
Centre,2013,CE10_chr8_4787297,0.17500000
Centre,2014,CE10_chr8_4787297,0.19230769
Centre,2015,CE10_chr8_4787297,0.34375000
Centre,2016,CE10_chr8_4787297,0.32500000
Centre,2010,CE10_chr8_11258638,0.27777778
Centre,2011,CE10_chr8_11258638,0.0000000
Centre,2012,CE10_chr8_11258638,0.23333333
Centre,2013,CE10_chr8_11258638,0.40476190
Centre,2014,CE10_chr8_11258638,0.20967742
Centre,2015,CE10_chr8_11258638,0.27777778
Centre,2016,CE10_chr8_11258638,0.40000000
Centre,2010,CE10_chr8_14708613,0.31250000
Centre,2011,CE10_chr8_14708613,NA
Centre,2012,CE10_chr8_14708613,0.06818182
Centre,2013,CE10_chr8_14708613,0.00000000
Centre,2014,CE10_chr8_14708613,0.10416667
Centre,2015,CE10_chr8_14708613,0.11538462
Centre,2016,CE10_chr8_14708613,0.00000000
Centre,2010,CE10_chr8_34003948,0.75675676
Centre,2011,CE10_chr8_34003948,0.2500000
Centre,2012,CE10_chr8_34003948,0.70689655
Centre,2013,CE10_chr8_34003948,0.76190476
Centre,2014,CE10_chr8_34003948,0.81250000
Centre,2015,CE10_chr8_34003948,0.76470588
Centre,2016,CE10_chr8_34003948,0.77500000
Centre,2010,CE10_chr8_41838607,0.37500000
Centre,2011,CE10_chr8_41838607,1.0000000
Centre,2012,CE10_chr8_41838607,0.75000000
Centre,2013,CE10_chr8_41838607,0.62500000
Centre,2014,CE10_chr8_41838607,1.00000000
Centre,2015,CE10_chr8_41838607,0.66666667
Centre,2016,CE10_chr8_41838607,0.00000000
Centre,2010,CE10_chr8_44959660,0.00000000
Centre,2011,CE10_chr8_44959660,0.0000000
Centre,2012,CE10_chr8_44959660,0.10714286
Centre,2013,CE10_chr8_44959660,0.00000000
Centre,2014,CE10_chr8_44959660,0.05000000
Centre,2015,CE10_chr8_44959660,0.05882353
Centre,2016,CE10_chr8_44959660,0.00000000
Centre,2010,CE10_chr8_47491340,0.23214286
Centre,2011,CE10_chr8_47491340,0.5000000
Centre,2012,CE10_chr8_47491340,0.40000000
Centre,2013,CE10_chr8_47491340,0.47368421
Centre,2014,CE10_chr8_47491340,0.31034483
Centre,2015,CE10_chr8_47491340,0.36666667
Centre,2016,CE10_chr8_47491340,0.10000000
South,2010,CE10_chr1_235021,1.00000000
South,2011,CE10_chr1_235021,1.00000000
South,2012,CE10_chr1_235021,NA
South,2013,CE10_chr1_235021,1.00000000
South,2014,CE10_chr1_235021,1.00000000
South,2015,CE10_chr1_235021,1.0000000
South,2016,CE10_chr1_235021,NA
South,2010,CE10_chr1_3966795,1.00000000
South,2011,CE10_chr1_3966795,0.97500000
South,2012,CE10_chr1_3966795,1.00000000
South,2013,CE10_chr1_3966795,1.00000000
South,2014,CE10_chr1_3966795,1.00000000
South,2015,CE10_chr1_3966795,1.0000000
South,2016,CE10_chr1_3966795,1.00000000
South,2010,CE10_chr1_8515323,1.00000000
South,2011,CE10_chr1_8515323,1.00000000
South,2012,CE10_chr1_8515323,1.00000000
South,2013,CE10_chr1_8515323,1.00000000
South,2014,CE10_chr1_8515323,1.00000000
South,2015,CE10_chr1_8515323,1.0000000
South,2016,CE10_chr1_8515323,1.00000000
South,2010,CE10_chr1_11457931,1.00000000
South,2011,CE10_chr1_11457931,0.97368421
South,2012,CE10_chr1_11457931,1.00000000
South,2013,CE10_chr1_11457931,1.00000000
South,2014,CE10_chr1_11457931,1.00000000
South,2015,CE10_chr1_11457931,1.0000000
South,2016,CE10_chr1_11457931,1.00000000
South,2010,CE10_chr1_11819275,0.89583333
South,2011,CE10_chr1_11819275,0.80000000
South,2012,CE10_chr1_11819275,0.75000000
South,2013,CE10_chr1_11819275,0.83333333
South,2014,CE10_chr1_11819275,0.68421053
South,2015,CE10_chr1_11819275,1.0000000
South,2016,CE10_chr1_11819275,1.00000000
South,2010,CE10_chr1_12135152,0.81250000
South,2011,CE10_chr1_12135152,0.70000000
South,2012,CE10_chr1_12135152,0.33333333
South,2013,CE10_chr1_12135152,0.62500000
South,2014,CE10_chr1_12135152,0.63157895
South,2015,CE10_chr1_12135152,0.9583333
South,2016,CE10_chr1_12135152,1.00000000
South,2010,CE10_chr1_12927728,1.00000000
South,2011,CE10_chr1_12927728,1.00000000
South,2012,CE10_chr1_12927728,1.00000000
South,2013,CE10_chr1_12927728,1.00000000
South,2014,CE10_chr1_12927728,1.00000000
South,2015,CE10_chr1_12927728,1.0000000
South,2016,CE10_chr1_12927728,1.00000000
South,2010,CE10_chr1_18407108,0.10416667
South,2011,CE10_chr1_18407108,0.07894737
South,2012,CE10_chr1_18407108,0.00000000
South,2013,CE10_chr1_18407108,0.08333333
South,2014,CE10_chr1_18407108,0.05263158
South,2015,CE10_chr1_18407108,0.0000000
South,2016,CE10_chr1_18407108,0.21428571
South,2010,CE10_chr1_24447744,1.00000000
South,2011,CE10_chr1_24447744,1.00000000
South,2012,CE10_chr1_24447744,1.00000000
South,2013,CE10_chr1_24447744,1.00000000
South,2014,CE10_chr1_24447744,1.00000000
South,2015,CE10_chr1_24447744,1.0000000
South,2016,CE10_chr1_24447744,1.00000000
South,2010,CE10_chr1_24610865,0.97916667
South,2011,CE10_chr1_24610865,1.00000000
South,2012,CE10_chr1_24610865,1.00000000
South,2013,CE10_chr1_24610865,1.00000000
South,2014,CE10_chr1_24610865,1.00000000
South,2015,CE10_chr1_24610865,1.0000000
South,2016,CE10_chr1_24610865,1.00000000
South,2010,CE10_chr1_26906825,0.08695652
South,2011,CE10_chr1_26906825,0.10000000
South,2012,CE10_chr1_26906825,0.00000000
South,2013,CE10_chr1_26906825,0.08333333
South,2014,CE10_chr1_26906825,0.05555556
South,2015,CE10_chr1_26906825,0.0000000
South,2016,CE10_chr1_26906825,0.08333333
South,2010,CE10_chr1_37928840,1.00000000
South,2011,CE10_chr1_37928840,1.00000000
South,2012,CE10_chr1_37928840,1.00000000
South,2013,CE10_chr1_37928840,1.00000000
South,2014,CE10_chr1_37928840,1.00000000
South,2015,CE10_chr1_37928840,1.0000000
South,2016,CE10_chr1_37928840,1.00000000
South,2010,CE10_chr1_39477226,0.97916667
South,2011,CE10_chr1_39477226,1.00000000
South,2012,CE10_chr1_39477226,1.00000000
South,2013,CE10_chr1_39477226,1.00000000
South,2014,CE10_chr1_39477226,1.00000000
South,2015,CE10_chr1_39477226,0.8636364
South,2016,CE10_chr1_39477226,1.00000000
South,2010,CE10_chr1_39493671,0.97916667
South,2011,CE10_chr1_39493671,1.00000000
South,2012,CE10_chr1_39493671,1.00000000
South,2013,CE10_chr1_39493671,1.00000000
South,2014,CE10_chr1_39493671,1.00000000
South,2015,CE10_chr1_39493671,0.8333333
South,2016,CE10_chr1_39493671,1.00000000
South,2010,CE10_chr1_39770398,0.75000000
South,2011,CE10_chr1_39770398,0.80555556
South,2012,CE10_chr1_39770398,1.00000000
South,2013,CE10_chr1_39770398,0.72727273
South,2014,CE10_chr1_39770398,0.78571429
South,2015,CE10_chr1_39770398,0.6250000
South,2016,CE10_chr1_39770398,0.57142857
South,2010,CE10_chr1_40579023,0.97222222
South,2011,CE10_chr1_40579023,1.00000000
South,2012,CE10_chr1_40579023,0.83333333
South,2013,CE10_chr1_40579023,1.00000000
South,2014,CE10_chr1_40579023,1.00000000
South,2015,CE10_chr1_40579023,1.0000000
South,2016,CE10_chr1_40579023,1.00000000
South,2010,CE10_chr1_40656943,0.97916667
South,2011,CE10_chr1_40656943,0.92500000
South,2012,CE10_chr1_40656943,1.00000000
South,2013,CE10_chr1_40656943,1.00000000
South,2014,CE10_chr1_40656943,1.00000000
South,2015,CE10_chr1_40656943,1.0000000
South,2016,CE10_chr1_40656943,0.85714286
South,2010,CE10_chr1_44288386,0.85416667
South,2011,CE10_chr1_44288386,0.85000000
South,2012,CE10_chr1_44288386,0.50000000
South,2013,CE10_chr1_44288386,0.66666667
South,2014,CE10_chr1_44288386,0.86842105
South,2015,CE10_chr1_44288386,0.7083333
South,2016,CE10_chr1_44288386,0.92857143
South,2010,CE10_chr2_6194674,0.89130435
South,2011,CE10_chr2_6194674,0.73684211
South,2012,CE10_chr2_6194674,1.00000000
South,2013,CE10_chr2_6194674,0.91666667
South,2014,CE10_chr2_6194674,0.83333333
South,2015,CE10_chr2_6194674,0.6666667
South,2016,CE10_chr2_6194674,0.92857143
South,2010,CE10_chr2_6983348,0.87500000
South,2011,CE10_chr2_6983348,0.77500000
South,2012,CE10_chr2_6983348,1.00000000
South,2013,CE10_chr2_6983348,0.91666667
South,2014,CE10_chr2_6983348,0.71052632
South,2015,CE10_chr2_6983348,0.9500000
South,2016,CE10_chr2_6983348,0.71428571
South,2010,CE10_chr2_8682412,0.97826087
South,2011,CE10_chr2_8682412,0.97500000
South,2012,CE10_chr2_8682412,1.00000000
South,2013,CE10_chr2_8682412,1.00000000
South,2014,CE10_chr2_8682412,1.00000000
South,2015,CE10_chr2_8682412,1.0000000
South,2016,CE10_chr2_8682412,1.00000000
South,2010,CE10_chr2_8697979,1.00000000
South,2011,CE10_chr2_8697979,1.00000000
South,2012,CE10_chr2_8697979,1.00000000
South,2013,CE10_chr2_8697979,1.00000000
South,2014,CE10_chr2_8697979,1.00000000
South,2015,CE10_chr2_8697979,1.0000000
South,2016,CE10_chr2_8697979,1.00000000
South,2010,CE10_chr2_10269919,0.97916667
South,2011,CE10_chr2_10269919,1.00000000
South,2012,CE10_chr2_10269919,1.00000000
South,2013,CE10_chr2_10269919,1.00000000
South,2014,CE10_chr2_10269919,1.00000000
South,2015,CE10_chr2_10269919,1.0000000
South,2016,CE10_chr2_10269919,1.00000000
South,2010,CE10_chr2_11635844,0.97727273
South,2011,CE10_chr2_11635844,0.91176471
South,2012,CE10_chr2_11635844,1.00000000
South,2013,CE10_chr2_11635844,0.95454545
South,2014,CE10_chr2_11635844,0.90625000
South,2015,CE10_chr2_11635844,1.0000000
South,2016,CE10_chr2_11635844,1.00000000
South,2010,CE10_chr2_14686501,0.63043478
South,2011,CE10_chr2_14686501,0.72222222
South,2012,CE10_chr2_14686501,0.33333333
South,2013,CE10_chr2_14686501,0.37500000
South,2014,CE10_chr2_14686501,0.33333333
South,2015,CE10_chr2_14686501,0.6666667
South,2016,CE10_chr2_14686501,0.78571429
South,2010,CE10_chr2_16804774,0.70833333
South,2011,CE10_chr2_16804774,0.75000000
South,2012,CE10_chr2_16804774,0.91666667
South,2013,CE10_chr2_16804774,0.62500000
South,2014,CE10_chr2_16804774,0.55263158
South,2015,CE10_chr2_16804774,0.5000000
South,2016,CE10_chr2_16804774,0.78571429
South,2010,CE10_chr2_25214783,1.00000000
South,2011,CE10_chr2_25214783,1.00000000
South,2012,CE10_chr2_25214783,1.00000000
South,2013,CE10_chr2_25214783,1.00000000
South,2014,CE10_chr2_25214783,1.00000000
South,2015,CE10_chr2_25214783,1.0000000
South,2016,CE10_chr2_25214783,1.00000000
South,2010,CE10_chr2_34169601,0.91666667
South,2011,CE10_chr2_34169601,0.90000000
South,2012,CE10_chr2_34169601,0.50000000
South,2013,CE10_chr2_34169601,0.87500000
South,2014,CE10_chr2_34169601,0.81578947
South,2015,CE10_chr2_34169601,1.0000000
South,2016,CE10_chr2_34169601,1.00000000
South,2010,CE10_chr2_34714405,0.77083333
South,2011,CE10_chr2_34714405,0.72500000
South,2012,CE10_chr2_34714405,0.91666667
South,2013,CE10_chr2_34714405,0.70833333
South,2014,CE10_chr2_34714405,0.83333333
South,2015,CE10_chr2_34714405,0.7916667
South,2016,CE10_chr2_34714405,0.64285714
South,2010,CE10_chr2_35522407,0.85416667
South,2011,CE10_chr2_35522407,0.82500000
South,2012,CE10_chr2_35522407,0.25000000
South,2013,CE10_chr2_35522407,0.70833333
South,2014,CE10_chr2_35522407,0.63157895
South,2015,CE10_chr2_35522407,1.0000000
South,2016,CE10_chr2_35522407,1.00000000
South,2010,CE10_chr2_37819263,1.00000000
South,2011,CE10_chr2_37819263,1.00000000
South,2012,CE10_chr2_37819263,1.00000000
South,2013,CE10_chr2_37819263,1.00000000
South,2014,CE10_chr2_37819263,1.00000000
South,2015,CE10_chr2_37819263,1.0000000
South,2016,CE10_chr2_37819263,1.00000000
South,2010,CE10_chr2_42032669,0.69565217
South,2011,CE10_chr2_42032669,0.76315789
South,2012,CE10_chr2_42032669,0.08333333
South,2013,CE10_chr2_42032669,0.66666667
South,2014,CE10_chr2_42032669,0.55555556
South,2015,CE10_chr2_42032669,0.6250000
South,2016,CE10_chr2_42032669,0.85714286
South,2010,CE10_chr2_42241102,0.97058824
South,2011,CE10_chr2_42241102,0.92307692
South,2012,CE10_chr2_42241102,0.91666667
South,2013,CE10_chr2_42241102,0.90909091
South,2014,CE10_chr2_42241102,0.83333333
South,2015,CE10_chr2_42241102,0.9444444
South,2016,CE10_chr2_42241102,0.90000000
South,2010,CE10_chr2_43048170,1.00000000
South,2011,CE10_chr2_43048170,1.00000000
South,2012,CE10_chr2_43048170,1.00000000
South,2013,CE10_chr2_43048170,1.00000000
South,2014,CE10_chr2_43048170,1.00000000
South,2015,CE10_chr2_43048170,1.0000000
South,2016,CE10_chr2_43048170,1.00000000
South,2010,CE10_chr2_47777254,0.90909091
South,2011,CE10_chr2_47777254,1.00000000
South,2012,CE10_chr2_47777254,1.00000000
South,2013,CE10_chr2_47777254,1.00000000
South,2014,CE10_chr2_47777254,1.00000000
South,2015,CE10_chr2_47777254,1.0000000
South,2016,CE10_chr2_47777254,1.00000000
South,2010,CE10_chr2_51088155,1.00000000
South,2011,CE10_chr2_51088155,1.00000000
South,2012,CE10_chr2_51088155,1.00000000
South,2013,CE10_chr2_51088155,1.00000000
South,2014,CE10_chr2_51088155,1.00000000
South,2015,CE10_chr2_51088155,1.0000000
South,2016,CE10_chr2_51088155,1.00000000
South,2010,CE10_chr2_51964391,1.00000000
South,2011,CE10_chr2_51964391,1.00000000
South,2012,CE10_chr2_51964391,1.00000000
South,2013,CE10_chr2_51964391,1.00000000
South,2014,CE10_chr2_51964391,1.00000000
South,2015,CE10_chr2_51964391,1.0000000
South,2016,CE10_chr2_51964391,1.00000000
South,2010,CE10_chr2_53342569,0.02777778
South,2011,CE10_chr2_53342569,0.05882353
South,2012,CE10_chr2_53342569,0.00000000
South,2013,CE10_chr2_53342569,0.14285714
South,2014,CE10_chr2_53342569,0.10714286
South,2015,CE10_chr2_53342569,0.1500000
South,2016,CE10_chr2_53342569,0.20000000
South,2010,CE10_chr3_1020050,1.00000000
South,2011,CE10_chr3_1020050,0.84615385
South,2012,CE10_chr3_1020050,1.00000000
South,2013,CE10_chr3_1020050,0.93750000
South,2014,CE10_chr3_1020050,1.00000000
South,2015,CE10_chr3_1020050,1.0000000
South,2016,CE10_chr3_1020050,1.00000000
South,2010,CE10_chr3_2978776,1.00000000
South,2011,CE10_chr3_2978776,0.97500000
South,2012,CE10_chr3_2978776,1.00000000
South,2013,CE10_chr3_2978776,0.91666667
South,2014,CE10_chr3_2978776,1.00000000
South,2015,CE10_chr3_2978776,1.0000000
South,2016,CE10_chr3_2978776,1.00000000
South,2010,CE10_chr3_10585070,1.00000000
South,2011,CE10_chr3_10585070,1.00000000
South,2012,CE10_chr3_10585070,NA
South,2013,CE10_chr3_10585070,1.00000000
South,2014,CE10_chr3_10585070,1.00000000
South,2015,CE10_chr3_10585070,1.0000000
South,2016,CE10_chr3_10585070,1.00000000
South,2010,CE10_chr3_36451690,1.00000000
South,2011,CE10_chr3_36451690,1.00000000
South,2012,CE10_chr3_36451690,1.00000000
South,2013,CE10_chr3_36451690,1.00000000
South,2014,CE10_chr3_36451690,1.00000000
South,2015,CE10_chr3_36451690,1.0000000
South,2016,CE10_chr3_36451690,1.00000000
South,2010,CE10_chr3_42914313,1.00000000
South,2011,CE10_chr3_42914313,1.00000000
South,2012,CE10_chr3_42914313,1.00000000
South,2013,CE10_chr3_42914313,1.00000000
South,2014,CE10_chr3_42914313,1.00000000
South,2015,CE10_chr3_42914313,1.0000000
South,2016,CE10_chr3_42914313,1.00000000
South,2010,CE10_chr3_43090064,0.93750000
South,2011,CE10_chr3_43090064,0.81578947
South,2012,CE10_chr3_43090064,0.75000000
South,2013,CE10_chr3_43090064,0.66666667
South,2014,CE10_chr3_43090064,0.71052632
South,2015,CE10_chr3_43090064,0.8750000
South,2016,CE10_chr3_43090064,0.85714286
South,2010,CE10_chr3_44165648,0.00000000
South,2011,CE10_chr3_44165648,0.00000000
South,2012,CE10_chr3_44165648,0.00000000
South,2013,CE10_chr3_44165648,0.00000000
South,2014,CE10_chr3_44165648,0.00000000
South,2015,CE10_chr3_44165648,0.0000000
South,2016,CE10_chr3_44165648,0.00000000
South,2010,CE10_chr3_47944175,1.00000000
South,2011,CE10_chr3_47944175,1.00000000
South,2012,CE10_chr3_47944175,1.00000000
South,2013,CE10_chr3_47944175,0.95833333
South,2014,CE10_chr3_47944175,1.00000000
South,2015,CE10_chr3_47944175,1.0000000
South,2016,CE10_chr3_47944175,1.00000000
South,2010,CE10_chr3_48277691,0.86363636
South,2011,CE10_chr3_48277691,0.68181818
South,2012,CE10_chr3_48277691,0.66666667
South,2013,CE10_chr3_48277691,1.00000000
South,2014,CE10_chr3_48277691,0.79166667
South,2015,CE10_chr3_48277691,0.7500000
South,2016,CE10_chr3_48277691,NA
South,2010,CE10_chr4_8160265,0.63043478
South,2011,CE10_chr4_8160265,0.71052632
South,2012,CE10_chr4_8160265,0.50000000
South,2013,CE10_chr4_8160265,0.91666667
South,2014,CE10_chr4_8160265,0.61111111
South,2015,CE10_chr4_8160265,0.5000000
South,2016,CE10_chr4_8160265,0.71428571
South,2010,CE10_chr4_8875915,1.00000000
South,2011,CE10_chr4_8875915,1.00000000
South,2012,CE10_chr4_8875915,1.00000000
South,2013,CE10_chr4_8875915,1.00000000
South,2014,CE10_chr4_8875915,1.00000000
South,2015,CE10_chr4_8875915,1.0000000
South,2016,CE10_chr4_8875915,1.00000000
South,2010,CE10_chr4_9008919,0.90909091
South,2011,CE10_chr4_9008919,1.00000000
South,2012,CE10_chr4_9008919,1.00000000
South,2013,CE10_chr4_9008919,1.00000000
South,2014,CE10_chr4_9008919,1.00000000
South,2015,CE10_chr4_9008919,1.0000000
South,2016,CE10_chr4_9008919,1.00000000
South,2010,CE10_chr4_11579307,1.00000000
South,2011,CE10_chr4_11579307,0.95000000
South,2012,CE10_chr4_11579307,1.00000000
South,2013,CE10_chr4_11579307,1.00000000
South,2014,CE10_chr4_11579307,1.00000000
South,2015,CE10_chr4_11579307,1.0000000
South,2016,CE10_chr4_11579307,1.00000000
South,2010,CE10_chr4_15591311,0.10416667
South,2011,CE10_chr4_15591311,0.00000000
South,2012,CE10_chr4_15591311,0.16666667
South,2013,CE10_chr4_15591311,0.08333333
South,2014,CE10_chr4_15591311,0.00000000
South,2015,CE10_chr4_15591311,0.0000000
South,2016,CE10_chr4_15591311,0.14285714
South,2010,CE10_chr4_24794696,1.00000000
South,2011,CE10_chr4_24794696,1.00000000
South,2012,CE10_chr4_24794696,1.00000000
South,2013,CE10_chr4_24794696,1.00000000
South,2014,CE10_chr4_24794696,1.00000000
South,2015,CE10_chr4_24794696,1.0000000
South,2016,CE10_chr4_24794696,1.00000000
South,2010,CE10_chr4_45413364,0.92500000
South,2011,CE10_chr4_45413364,0.73076923
South,2012,CE10_chr4_45413364,1.00000000
South,2013,CE10_chr4_45413364,0.90000000
South,2014,CE10_chr4_45413364,0.89285714
South,2015,CE10_chr4_45413364,0.8571429
South,2016,CE10_chr4_45413364,1.00000000
South,2010,CE10_chr4_48114133,0.76086957
South,2011,CE10_chr4_48114133,0.83333333
South,2012,CE10_chr4_48114133,1.00000000
South,2013,CE10_chr4_48114133,0.75000000
South,2014,CE10_chr4_48114133,0.84210526
South,2015,CE10_chr4_48114133,0.7727273
South,2016,CE10_chr4_48114133,0.71428571
South,2010,CE10_chr4_48456882,0.54761905
South,2011,CE10_chr4_48456882,0.52500000
South,2012,CE10_chr4_48456882,1.00000000
South,2013,CE10_chr4_48456882,0.81818182
South,2014,CE10_chr4_48456882,0.69444444
South,2015,CE10_chr4_48456882,0.7916667
South,2016,CE10_chr4_48456882,0.70000000
South,2010,CE10_chr4_48527997,1.00000000
South,2011,CE10_chr4_48527997,1.00000000
South,2012,CE10_chr4_48527997,1.00000000
South,2013,CE10_chr4_48527997,0.90909091
South,2014,CE10_chr4_48527997,1.00000000
South,2015,CE10_chr4_48527997,1.0000000
South,2016,CE10_chr4_48527997,1.00000000
South,2010,CE10_chr4_49109403,1.00000000
South,2011,CE10_chr4_49109403,1.00000000
South,2012,CE10_chr4_49109403,1.00000000
South,2013,CE10_chr4_49109403,0.94444444
South,2014,CE10_chr4_49109403,1.00000000
South,2015,CE10_chr4_49109403,1.0000000
South,2016,CE10_chr4_49109403,1.00000000
South,2010,CE10_chr5_459363,0.89285714
South,2011,CE10_chr5_459363,0.89285714
South,2012,CE10_chr5_459363,0.75000000
South,2013,CE10_chr5_459363,0.85714286
South,2014,CE10_chr5_459363,0.97058824
South,2015,CE10_chr5_459363,0.7727273
South,2016,CE10_chr5_459363,1.00000000
South,2010,CE10_chr5_2536293,0.88235294
South,2011,CE10_chr5_2536293,0.90000000
South,2012,CE10_chr5_2536293,0.80000000
South,2013,CE10_chr5_2536293,0.93750000
South,2014,CE10_chr5_2536293,1.00000000
South,2015,CE10_chr5_2536293,0.8571429
South,2016,CE10_chr5_2536293,1.00000000
South,2010,CE10_chr5_3116430,1.00000000
South,2011,CE10_chr5_3116430,1.00000000
South,2012,CE10_chr5_3116430,1.00000000
South,2013,CE10_chr5_3116430,1.00000000
South,2014,CE10_chr5_3116430,1.00000000
South,2015,CE10_chr5_3116430,NA
South,2016,CE10_chr5_3116430,NA
South,2010,CE10_chr5_6554406,0.52173913
South,2011,CE10_chr5_6554406,0.40000000
South,2012,CE10_chr5_6554406,0.08333333
South,2013,CE10_chr5_6554406,0.54166667
South,2014,CE10_chr5_6554406,0.42105263
South,2015,CE10_chr5_6554406,0.2500000
South,2016,CE10_chr5_6554406,0.66666667
South,2010,CE10_chr5_6901967,0.85416667
South,2011,CE10_chr5_6901967,0.85000000
South,2012,CE10_chr5_6901967,0.83333333
South,2013,CE10_chr5_6901967,1.00000000
South,2014,CE10_chr5_6901967,0.86111111
South,2015,CE10_chr5_6901967,0.7500000
South,2016,CE10_chr5_6901967,0.78571429
South,2010,CE10_chr5_9128291,1.00000000
South,2011,CE10_chr5_9128291,1.00000000
South,2012,CE10_chr5_9128291,1.00000000
South,2013,CE10_chr5_9128291,1.00000000
South,2014,CE10_chr5_9128291,1.00000000
South,2015,CE10_chr5_9128291,1.0000000
South,2016,CE10_chr5_9128291,1.00000000
South,2010,CE10_chr5_11721237,0.95454545
South,2011,CE10_chr5_11721237,1.00000000
South,2012,CE10_chr5_11721237,1.00000000
South,2013,CE10_chr5_11721237,0.91666667
South,2014,CE10_chr5_11721237,0.97368421
South,2015,CE10_chr5_11721237,1.0000000
South,2016,CE10_chr5_11721237,0.85714286
South,2010,CE10_chr5_25626940,0.97826087
South,2011,CE10_chr5_25626940,1.00000000
South,2012,CE10_chr5_25626940,1.00000000
South,2013,CE10_chr5_25626940,1.00000000
South,2014,CE10_chr5_25626940,1.00000000
South,2015,CE10_chr5_25626940,1.0000000
South,2016,CE10_chr5_25626940,1.00000000
South,2010,CE10_chr5_42445678,0.75000000
South,2011,CE10_chr5_42445678,0.83333333
South,2012,CE10_chr5_42445678,0.83333333
South,2013,CE10_chr5_42445678,0.87500000
South,2014,CE10_chr5_42445678,0.71428571
South,2015,CE10_chr5_42445678,0.7142857
South,2016,CE10_chr5_42445678,0.87500000
South,2010,CE10_chr5_42595639,0.97916667
South,2011,CE10_chr5_42595639,1.00000000
South,2012,CE10_chr5_42595639,1.00000000
South,2013,CE10_chr5_42595639,1.00000000
South,2014,CE10_chr5_42595639,1.00000000
South,2015,CE10_chr5_42595639,1.0000000
South,2016,CE10_chr5_42595639,1.00000000
South,2010,CE10_chr5_47591629,1.00000000
South,2011,CE10_chr5_47591629,1.00000000
South,2012,CE10_chr5_47591629,1.00000000
South,2013,CE10_chr5_47591629,1.00000000
South,2014,CE10_chr5_47591629,1.00000000
South,2015,CE10_chr5_47591629,1.0000000
South,2016,CE10_chr5_47591629,1.00000000
South,2010,CE10_chr6_673608,0.93750000
South,2011,CE10_chr6_673608,1.00000000
South,2012,CE10_chr6_673608,1.00000000
South,2013,CE10_chr6_673608,0.95833333
South,2014,CE10_chr6_673608,1.00000000
South,2015,CE10_chr6_673608,1.0000000
South,2016,CE10_chr6_673608,1.00000000
South,2010,CE10_chr6_2665180,0.36842105
South,2011,CE10_chr6_2665180,0.43750000
South,2012,CE10_chr6_2665180,0.37500000
South,2013,CE10_chr6_2665180,0.27272727
South,2014,CE10_chr6_2665180,0.34375000
South,2015,CE10_chr6_2665180,0.2500000
South,2016,CE10_chr6_2665180,0.21428571
South,2010,CE10_chr6_2767424,0.97826087
South,2011,CE10_chr6_2767424,1.00000000
South,2012,CE10_chr6_2767424,1.00000000
South,2013,CE10_chr6_2767424,1.00000000
South,2014,CE10_chr6_2767424,1.00000000
South,2015,CE10_chr6_2767424,1.0000000
South,2016,CE10_chr6_2767424,1.00000000
South,2010,CE10_chr6_6343142,0.97916667
South,2011,CE10_chr6_6343142,0.97500000
South,2012,CE10_chr6_6343142,1.00000000
South,2013,CE10_chr6_6343142,1.00000000
South,2014,CE10_chr6_6343142,0.97222222
South,2015,CE10_chr6_6343142,1.0000000
South,2016,CE10_chr6_6343142,1.00000000
South,2010,CE10_chr6_32198337,0.97916667
South,2011,CE10_chr6_32198337,1.00000000
South,2012,CE10_chr6_32198337,1.00000000
South,2013,CE10_chr6_32198337,1.00000000
South,2014,CE10_chr6_32198337,1.00000000
South,2015,CE10_chr6_32198337,1.0000000
South,2016,CE10_chr6_32198337,0.92857143
South,2010,CE10_chr6_39352983,0.81250000
South,2011,CE10_chr6_39352983,0.84210526
South,2012,CE10_chr6_39352983,0.75000000
South,2013,CE10_chr6_39352983,0.79166667
South,2014,CE10_chr6_39352983,0.73684211
South,2015,CE10_chr6_39352983,1.0000000
South,2016,CE10_chr6_39352983,1.00000000
South,2010,CE10_chr6_43716496,1.00000000
South,2011,CE10_chr6_43716496,1.00000000
South,2012,CE10_chr6_43716496,1.00000000
South,2013,CE10_chr6_43716496,1.00000000
South,2014,CE10_chr6_43716496,1.00000000
South,2015,CE10_chr6_43716496,1.0000000
South,2016,CE10_chr6_43716496,1.00000000
South,2010,CE10_chr6_50740405,1.00000000
South,2011,CE10_chr6_50740405,1.00000000
South,2012,CE10_chr6_50740405,1.00000000
South,2013,CE10_chr6_50740405,1.00000000
South,2014,CE10_chr6_50740405,1.00000000
South,2015,CE10_chr6_50740405,1.0000000
South,2016,CE10_chr6_50740405,1.00000000
South,2010,CE10_chr6_54880972,1.00000000
South,2011,CE10_chr6_54880972,NA
South,2012,CE10_chr6_54880972,NA
South,2013,CE10_chr6_54880972,NA
South,2014,CE10_chr6_54880972,NA
South,2015,CE10_chr6_54880972,NA
South,2016,CE10_chr6_54880972,NA
South,2010,CE10_chr6_56220320,0.93478261
South,2011,CE10_chr6_56220320,1.00000000
South,2012,CE10_chr6_56220320,1.00000000
South,2013,CE10_chr6_56220320,1.00000000
South,2014,CE10_chr6_56220320,1.00000000
South,2015,CE10_chr6_56220320,1.0000000
South,2016,CE10_chr6_56220320,1.00000000
South,2010,CE10_chr6_56584955,0.95833333
South,2011,CE10_chr6_56584955,0.97500000
South,2012,CE10_chr6_56584955,1.00000000
South,2013,CE10_chr6_56584955,0.95454545
South,2014,CE10_chr6_56584955,1.00000000
South,2015,CE10_chr6_56584955,0.9166667
South,2016,CE10_chr6_56584955,0.91666667
South,2010,CE10_chr6_57806767,1.00000000
South,2011,CE10_chr6_57806767,1.00000000
South,2012,CE10_chr6_57806767,1.00000000
South,2013,CE10_chr6_57806767,1.00000000
South,2014,CE10_chr6_57806767,1.00000000
South,2015,CE10_chr6_57806767,1.0000000
South,2016,CE10_chr6_57806767,1.00000000
South,2010,CE10_chr6_59551019,1.00000000
South,2011,CE10_chr6_59551019,1.00000000
South,2012,CE10_chr6_59551019,1.00000000
South,2013,CE10_chr6_59551019,1.00000000
South,2014,CE10_chr6_59551019,1.00000000
South,2015,CE10_chr6_59551019,1.0000000
South,2016,CE10_chr6_59551019,1.00000000
South,2010,CE10_chr6_60884460,1.00000000
South,2011,CE10_chr6_60884460,1.00000000
South,2012,CE10_chr6_60884460,1.00000000
South,2013,CE10_chr6_60884460,0.90909091
South,2014,CE10_chr6_60884460,1.00000000
South,2015,CE10_chr6_60884460,1.0000000
South,2016,CE10_chr6_60884460,1.00000000
South,2010,CE10_chr7_870577,1.00000000
South,2011,CE10_chr7_870577,1.00000000
South,2012,CE10_chr7_870577,1.00000000
South,2013,CE10_chr7_870577,1.00000000
South,2014,CE10_chr7_870577,1.00000000
South,2015,CE10_chr7_870577,1.0000000
South,2016,CE10_chr7_870577,0.92857143
South,2010,CE10_chr7_1020544,1.00000000
South,2011,CE10_chr7_1020544,1.00000000
South,2012,CE10_chr7_1020544,1.00000000
South,2013,CE10_chr7_1020544,1.00000000
South,2014,CE10_chr7_1020544,0.97368421
South,2015,CE10_chr7_1020544,1.0000000
South,2016,CE10_chr7_1020544,1.00000000
South,2010,CE10_chr7_10807401,1.00000000
South,2011,CE10_chr7_10807401,1.00000000
South,2012,CE10_chr7_10807401,1.00000000
South,2013,CE10_chr7_10807401,1.00000000
South,2014,CE10_chr7_10807401,1.00000000
South,2015,CE10_chr7_10807401,1.0000000
South,2016,CE10_chr7_10807401,1.00000000
South,2010,CE10_chr7_11887151,0.86956522
South,2011,CE10_chr7_11887151,0.77500000
South,2012,CE10_chr7_11887151,1.00000000
South,2013,CE10_chr7_11887151,0.70833333
South,2014,CE10_chr7_11887151,1.00000000
South,2015,CE10_chr7_11887151,0.8750000
South,2016,CE10_chr7_11887151,0.66666667
South,2010,CE10_chr7_28389903,1.00000000
South,2011,CE10_chr7_28389903,1.00000000
South,2012,CE10_chr7_28389903,NA
South,2013,CE10_chr7_28389903,1.00000000
South,2014,CE10_chr7_28389903,NA
South,2015,CE10_chr7_28389903,NA
South,2016,CE10_chr7_28389903,NA
South,2010,CE10_chr7_30378107,1.00000000
South,2011,CE10_chr7_30378107,1.00000000
South,2012,CE10_chr7_30378107,1.00000000
South,2013,CE10_chr7_30378107,1.00000000
South,2014,CE10_chr7_30378107,1.00000000
South,2015,CE10_chr7_30378107,1.0000000
South,2016,CE10_chr7_30378107,1.00000000
South,2010,CE10_chr7_35449419,0.96666667
South,2011,CE10_chr7_35449419,1.00000000
South,2012,CE10_chr7_35449419,1.00000000
South,2013,CE10_chr7_35449419,1.00000000
South,2014,CE10_chr7_35449419,1.00000000
South,2015,CE10_chr7_35449419,1.0000000
South,2016,CE10_chr7_35449419,1.00000000
South,2010,CE10_chr7_37652971,1.00000000
South,2011,CE10_chr7_37652971,1.00000000
South,2012,CE10_chr7_37652971,NA
South,2013,CE10_chr7_37652971,1.00000000
South,2014,CE10_chr7_37652971,NA
South,2015,CE10_chr7_37652971,1.0000000
South,2016,CE10_chr7_37652971,1.00000000
South,2010,CE10_chr7_41123999,1.00000000
South,2011,CE10_chr7_41123999,0.87500000
South,2012,CE10_chr7_41123999,NA
South,2013,CE10_chr7_41123999,0.50000000
South,2014,CE10_chr7_41123999,1.00000000
South,2015,CE10_chr7_41123999,1.0000000
South,2016,CE10_chr7_41123999,NA
South,2010,CE10_chr7_41421312,1.00000000
South,2011,CE10_chr7_41421312,1.00000000
South,2012,CE10_chr7_41421312,1.00000000
South,2013,CE10_chr7_41421312,1.00000000
South,2014,CE10_chr7_41421312,1.00000000
South,2015,CE10_chr7_41421312,1.0000000
South,2016,CE10_chr7_41421312,1.00000000
South,2010,CE10_chr7_44199176,0.95833333
South,2011,CE10_chr7_44199176,0.92500000
South,2012,CE10_chr7_44199176,1.00000000
South,2013,CE10_chr7_44199176,0.95833333
South,2014,CE10_chr7_44199176,1.00000000
South,2015,CE10_chr7_44199176,0.9583333
South,2016,CE10_chr7_44199176,0.85714286
South,2010,CE10_chr8_3374050,0.83333333
South,2011,CE10_chr8_3374050,0.85000000
South,2012,CE10_chr8_3374050,0.91666667
South,2013,CE10_chr8_3374050,0.87500000
South,2014,CE10_chr8_3374050,0.94736842
South,2015,CE10_chr8_3374050,0.7916667
South,2016,CE10_chr8_3374050,0.92857143
South,2010,CE10_chr8_3763398,0.93181818
South,2011,CE10_chr8_3763398,1.00000000
South,2012,CE10_chr8_3763398,1.00000000
South,2013,CE10_chr8_3763398,0.91666667
South,2014,CE10_chr8_3763398,1.00000000
South,2015,CE10_chr8_3763398,1.0000000
South,2016,CE10_chr8_3763398,0.85714286
South,2010,CE10_chr8_6009731,1.00000000
South,2011,CE10_chr8_6009731,1.00000000
South,2012,CE10_chr8_6009731,1.00000000
South,2013,CE10_chr8_6009731,1.00000000
South,2014,CE10_chr8_6009731,1.00000000
South,2015,CE10_chr8_6009731,1.0000000
South,2016,CE10_chr8_6009731,1.00000000
South,2010,CE10_chr8_7127714,0.91666667
South,2011,CE10_chr8_7127714,1.00000000
South,2012,CE10_chr8_7127714,NA
South,2013,CE10_chr8_7127714,0.83333333
South,2014,CE10_chr8_7127714,0.93750000
South,2015,CE10_chr8_7127714,1.0000000
South,2016,CE10_chr8_7127714,0.75000000
South,2010,CE10_chr8_8688437,0.38888889
South,2011,CE10_chr8_8688437,0.39285714
South,2012,CE10_chr8_8688437,0.50000000
South,2013,CE10_chr8_8688437,0.50000000
South,2014,CE10_chr8_8688437,0.43750000
South,2015,CE10_chr8_8688437,0.5000000
South,2016,CE10_chr8_8688437,0.50000000
South,2010,CE10_chr8_10721245,1.00000000
South,2011,CE10_chr8_10721245,1.00000000
South,2012,CE10_chr8_10721245,1.00000000
South,2013,CE10_chr8_10721245,1.00000000
South,2014,CE10_chr8_10721245,1.00000000
South,2015,CE10_chr8_10721245,1.0000000
South,2016,CE10_chr8_10721245,1.00000000
South,2010,CE10_chr8_11203313,0.86956522
South,2011,CE10_chr8_11203313,0.82500000
South,2012,CE10_chr8_11203313,0.91666667
South,2013,CE10_chr8_11203313,0.79166667
South,2014,CE10_chr8_11203313,0.86842105
South,2015,CE10_chr8_11203313,0.8636364
South,2016,CE10_chr8_11203313,0.57142857
South,2010,CE10_chr8_12197986,0.93750000
South,2011,CE10_chr8_12197986,0.85000000
South,2012,CE10_chr8_12197986,1.00000000
South,2013,CE10_chr8_12197986,0.75000000
South,2014,CE10_chr8_12197986,0.77777778
South,2015,CE10_chr8_12197986,0.9166667
South,2016,CE10_chr8_12197986,1.00000000
South,2010,CE10_chr8_14075524,1.00000000
South,2011,CE10_chr8_14075524,1.00000000
South,2012,CE10_chr8_14075524,1.00000000
South,2013,CE10_chr8_14075524,1.00000000
South,2014,CE10_chr8_14075524,1.00000000
South,2015,CE10_chr8_14075524,1.0000000
South,2016,CE10_chr8_14075524,1.00000000
South,2010,CE10_chr8_21485743,0.89130435
South,2011,CE10_chr8_21485743,0.60000000
South,2012,CE10_chr8_21485743,0.83333333
South,2013,CE10_chr8_21485743,0.81818182
South,2014,CE10_chr8_21485743,0.83333333
South,2015,CE10_chr8_21485743,0.6363636
South,2016,CE10_chr8_21485743,0.85714286
South,2010,CE10_chr8_28207674,1.00000000
South,2011,CE10_chr8_28207674,1.00000000
South,2012,CE10_chr8_28207674,1.00000000
South,2013,CE10_chr8_28207674,1.00000000
South,2014,CE10_chr8_28207674,1.00000000
South,2015,CE10_chr8_28207674,1.0000000
South,2016,CE10_chr8_28207674,0.78571429
South,2010,CE10_chr8_41868578,1.00000000
South,2011,CE10_chr8_41868578,1.00000000
South,2012,CE10_chr8_41868578,NA
South,2013,CE10_chr8_41868578,1.00000000
South,2014,CE10_chr8_41868578,1.00000000
South,2015,CE10_chr8_41868578,1.0000000
South,2016,CE10_chr8_41868578,NA
South,2010,CE10_chr8_42116283,1.00000000
South,2011,CE10_chr8_42116283,1.00000000
South,2012,CE10_chr8_42116283,NA
South,2013,CE10_chr8_42116283,1.00000000
South,2014,CE10_chr8_42116283,1.00000000
South,2015,CE10_chr8_42116283,NA
South,2016,CE10_chr8_42116283,NA
South,2010,CE10_chr8_44451769,1.00000000
South,2011,CE10_chr8_44451769,1.00000000
South,2012,CE10_chr8_44451769,1.00000000
South,2013,CE10_chr8_44451769,1.00000000
South,2014,CE10_chr8_44451769,1.00000000
South,2015,CE10_chr8_44451769,1.0000000
South,2016,CE10_chr8_44451769,1.00000000
South,2010,CE10_chr8_47802962,0.47916667
South,2011,CE10_chr8_47802962,0.61111111
South,2012,CE10_chr8_47802962,0.50000000
South,2013,CE10_chr8_47802962,0.75000000
South,2014,CE10_chr8_47802962,0.72222222
South,2015,CE10_chr8_47802962,0.8333333
South,2016,CE10_chr8_47802962,0.71428571
South,2010,CE10_chr8_48565625,1.00000000
South,2011,CE10_chr8_48565625,1.00000000
South,2012,CE10_chr8_48565625,1.00000000
South,2013,CE10_chr8_48565625,1.00000000
South,2014,CE10_chr8_48565625,1.00000000
South,2015,CE10_chr8_48565625,1.0000000
South,2016,CE10_chr8_48565625,1.00000000
South,2010,CE10_chr8_49801499,1.00000000
South,2011,CE10_chr8_49801499,1.00000000
South,2012,CE10_chr8_49801499,1.00000000
South,2013,CE10_chr8_49801499,1.00000000
South,2014,CE10_chr8_49801499,1.00000000
South,2015,CE10_chr8_49801499,1.0000000
South,2016,CE10_chr8_49801499,1.00000000
South,2010,CE10_chr8_50660437,1.00000000
South,2011,CE10_chr8_50660437,1.00000000
South,2012,CE10_chr8_50660437,1.00000000
South,2013,CE10_chr8_50660437,1.00000000
South,2014,CE10_chr8_50660437,1.00000000
South,2015,CE10_chr8_50660437,1.0000000
South,2016,CE10_chr8_50660437,1.00000000
South,2010,CE10_chr8_50667561,1.00000000
South,2011,CE10_chr8_50667561,1.00000000
South,2012,CE10_chr8_50667561,1.00000000
South,2013,CE10_chr8_50667561,1.00000000
South,2014,CE10_chr8_50667561,1.00000000
South,2015,CE10_chr8_50667561,1.0000000
South,2016,CE10_chr8_50667561,1.00000000
