Site_Name,Paper_ID,Latitude,Longitude,Elevation,MAT,MAP,PAS,EXT,CMD,Tave_wt,Tave_sm,PPT_wt,PPT_sm,CE10_chr1_41672524,CE10_chr1_41673098,CE10_chr1_41673992,CE10_chr1_41674674,CE10_chr1_41675430,CE10_chr1_41675448,CE10_chr1_41675470,CE10_chr1_41675824,CE10_chr1_41675929,CE10_chr1_41678501,CE10_chr1_41678524,CE10_chr1_44654688,CE10_chr2_2659345,CE10_chr2_2661768,CE10_chr2_2661862,CE10_chr2_2663527,CE10_chr2_6956638,CE10_chr2_6958299,CE10_chr2_6958404,CE10_chr2_6958468,CE10_chr2_6958671,CE10_chr2_6959540,CE10_chr2_6959630,CE10_chr2_6960233,CE10_chr2_6960253,CE10_chr2_6960393,CE10_chr2_6961208,CE10_chr2_53385831,CE10_chr2_53388916,CE10_chr2_53396616,CE10_chr2_53397232,CE10_chr2_53399591,CE10_chr2_53400478,CE10_chr2_53401321,CE10_chr2_53402494,CE10_chr2_53403841,CE10_chr3_849379,CE10_chr3_852168,CE10_chr3_852202,CE10_chr3_6679114,CE10_chr3_6685211,CE10_chr3_6791956,CE10_chr3_6794430,CE10_chr3_15541494,CE10_chr4_9192728,CE10_chr4_9193464,CE10_chr4_9195003,CE10_chr5_9830749,CE10_chr5_9830836,CE10_chr5_9831842,CE10_chr5_9832794,CE10_chr5_9833867,CE10_chr5_9834082,CE10_chr5_9836990,CE10_chr5_9873421,CE10_chr5_9873707,CE10_chr5_9875595,CE10_chr5_9881870,CE10_chr5_9882430,CE10_chr5_9883206,CE10_chr5_9883229,CE10_chr5_9883800,CE10_chr5_9886842,CE10_chr5_9894731,CE10_chr5_9896272,CE10_chr5_9898152,CE10_chr5_9900211,CE10_chr5_9900611,CE10_chr5_9953812,CE10_chr5_9954252,CE10_chr5_9959832,CE10_chr5_10018097,CE10_chr5_10702323,CE10_chr5_10707570,CE10_chr6_2752344,CE10_chr6_2755792,CE10_chr6_2755852,CE10_chr6_4388960,CE10_chr6_10140458,CE10_chr6_10146090,CE10_chr6_10148625,CE10_chr6_43994358,CE10_chr6_51190639,CE10_chr6_51193753,CE10_chr6_51194434,CE10_chr6_51194723,CE10_chr6_51194790,CE10_chr6_51196070,CE10_chr6_53832279,CE10_chr6_53832299,CE10_chr6_53833729,CE10_chr6_53834293,CE10_chr6_53835238,CE10_chr6_53835873,CE10_chr6_53836454,CE10_chr7_985535,CE10_chr7_986173,CE10_chr7_986719,CE10_chr7_987180,CE10_chr7_987420,CE10_chr7_987752,CE10_chr7_989636,CE10_chr7_992703,CE10_chr7_994007,CE10_chr7_994673,CE10_chr7_994814,CE10_chr7_998986,CE10_chr7_1335575,CE10_chr7_1337233,CE10_chr7_4164614,CE10_chr7_4172139,CE10_chr7_28978442,CE10_chr7_28978967,CE10_chr7_28979484,CE10_chr7_28979883,CE10_chr7_28980277,CE10_chr7_28980350,CE10_chr7_28981283,CE10_chr7_29001060,CE10_chr7_29001897,CE10_chr7_29003536,CE10_chr7_29040929,CE10_chr7_29104927,CE10_chr7_29107369,CE10_chr7_29111505,CE10_chr7_29158559,CE10_chr7_29161169,CE10_chr7_29161404,CE10_chr7_29208220,CE10_chr7_29210368,CE10_chr7_29346172,CE10_chr7_29350533,CE10_chr7_29387170,CE10_chr7_29389849,CE10_chr7_29391174,CE10_chr7_29658257,CE10_chr7_29659045,CE10_chr7_29662866,CE10_chr7_29724587,CE10_chr7_29727081,CE10_chr7_29729519,CE10_chr7_29730324,CE10_chr7_30015050,CE10_chr7_30015082,CE10_chr7_30015951,CE10_chr7_30016447,CE10_chr7_30057796,CE10_chr7_30059557,CE10_chr7_30101919,CE10_chr7_30103040,CE10_chr7_30250512,CE10_chr7_30305677,CE10_chr7_30305796,CE10_chr7_30307553,CE10_chr7_30308987,CE10_chr7_30308993,CE10_chr7_30309817,CE10_chr7_30614637,CE10_chr7_30615814,CE10_chr7_30618769,CE10_chr7_30618852,CE10_chr7_30620527,CE10_chr7_30620833,CE10_chr7_30621013,CE10_chr7_30621045,CE10_chr7_30622927,CE10_chr7_30623199,CE10_chr7_30623999,CE10_chr7_30827079,CE10_chr7_30828465,CE10_chr7_30830282,CE10_chr7_30989065,CE10_chr7_30989213,CE10_chr7_30993871,CE10_chr7_30994029,CE10_chr7_32437131,CE10_chr7_32443349,CE10_chr7_32447347,CE10_chr7_32532317,CE10_chr7_32532405,CE10_chr7_39925591,CE10_chr7_39927039,CE10_chr7_39927083,CE10_chr7_39927324,CE10_chr7_39927553,CE10_chr7_39928848,CE10_chr7_39928890,CE10_chr7_45176171,CE10_chr7_45181616,CE10_chr8_67505,CE10_chr8_69856,CE10_chr8_448554,CE10_chr8_449685,CE10_chr8_453177,CE10_chr8_453457,CE10_chr8_2408763,CE10_chr8_3967807,CE10_chr8_3972852,CE10_chr8_4129814,CE10_chr8_4134641,CE10_chr8_13510720,CE10_chr8_13515170,CE10_chr8_39527620,CE10_chr8_39530287,CE10_chr8_39531737,CE10_chr8_39532743,CE10_chr8_39535580,CE10_chr8_39558859,CE10_chr8_39564287,CE10_chr8_40079170,CE10_chr8_40080676
Sweetwater,1,32.89928,-116.5849,1168,13.5,629,6,42.6,918,7.2,21,293,26,0,0.6666666666666666,0.875,0.8571428571428571,0.42857142857142855,0.4375,0.5,0,0.7777777777777778,0.7777777777777778,0.5,0.375,0.8125,1,1,1,1,1,1,1,1,1,1,1,1,1,1,0.5,0.8888888888888888,0,0,0,0,0,0,0,0.8888888888888888,0.8888888888888888,0.8888888888888888,0.8888888888888888,0.9444444444444444,0.8888888888888888,0.8888888888888888,0.1875,0.8333333333333334,0.8333333333333334,0.8888888888888888,0.1111111111111111,1,1,1,0.8333333333333334,0,0.05555555555555555,0.1111111111111111,0,1,0,1,1,0.1111111111111111,0.05555555555555555,1,0,0,1,1,1,1,1,0.125,1,1,1,0.9444444444444444,0.9375,1,0.9444444444444444,0.7777777777777778,0.875,0.7777777777777778,0.9444444444444444,1,1,0.625,1,0.7222222222222222,0.6875,1,1,0.9444444444444444,0,0.9444444444444444,0.6666666666666666,0.9444444444444444,0.875,0.8333333333333334,0.8333333333333334,0.7222222222222222,0.8333333333333334,0.8333333333333334,1,0.3333333333333333,1,0.9444444444444444,0.25,1,0.9444444444444444,0,0.8888888888888888,0.2777777777777778,0.7777777777777778,0.7777777777777778,0.7777777777777778,0.8571428571428571,0.7777777777777778,0.7777777777777778,0.7777777777777778,0.875,0.7777777777777778,0.7777777777777778,0.7777777777777778,0.7777777777777778,0.7777777777777778,0.8571428571428571,1,0.7777777777777778,0.7777777777777778,0.7777777777777778,0.7777777777777778,0.7777777777777778,0.875,0.8333333333333334,0.7777777777777778,0.75,0.7777777777777778,0.7777777777777778,0.7777777777777778,0.7777777777777778,0.8888888888888888,0.75,0.7777777777777778,0.7777777777777778,0.7777777777777778,0.7777777777777778,0.9375,0.7142857142857143,0.7777777777777778,0.7777777777777778,0.8888888888888888,1,0.7777777777777778,0.8333333333333334,0.8571428571428571,0.7777777777777778,0.2777777777777778,0.7777777777777778,0.9444444444444444,0.7777777777777778,1,0,0.8888888888888888,0.8888888888888888,0.7777777777777778,0.8333333333333334,0.8333333333333334,0.875,0.8333333333333334,0.7777777777777778,0.7777777777777778,0.8333333333333334,0.8333333333333334,0.8888888888888888,0.8888888888888888,0.8333333333333334,0,0.05555555555555555,0,0,0,0.8888888888888888,0.9375,0.8333333333333334,0.9375,0.8333333333333334,0.4444444444444444,0.3888888888888889,0.8888888888888888,0.7777777777777778,1,0.05555555555555555,0.4375,0.5,0.3888888888888889,0.2777777777777778,0.9444444444444444,1,1,1,0.2857142857142857,1,0.9444444444444444,0.2222222222222222,0.2222222222222222,0.2222222222222222,0.25,0.25,0.2222222222222222,0.2222222222222222,1,0.9444444444444444
West Fork Mojave River,2,34.28425,-117.37539,1092,14.2,581,5,41.4,895,7.5,21.8,299,23,0,1,0.75,0.8,0.875,0.9,0.9,0.3333333333333333,1,0.9,0.9,0.4,0.4,0.9,0.9,0.9,1,1,1,1,1,1,1,1,1,1,1,0.8,1,0.125,0.1,0,0.125,0.1,0,0.1,0.9,0.9,0.9,0.75,0.8,0.8,0.8333333333333334,0,0.2,0.3,0.3,0.4,0.9,0.8,1,1,0.25,0.1,0.1,0.25,1,0.1,0.9,1,0.1,0.1,1,0.25,0.2,1,0.9,0.9,1,1,0.1,1,1,0.8,1,0.9,1,1,0.875,0.875,0.9,0.9,1,1,0.4,1,0.5,0.5,0.8333333333333334,0.75,1,0,1,0.6,1,0.7,1,0.7,1,0.8,0.875,1,0.1,1,0.9,0.2,0.9,1,0.2,1,0.3,0.9,0.8,0.8,0.9,0.9,1,0.875,0.8,0.875,0.7,0.9,0.9,0.9,0.9,0.8,1,0.7,0.9,0.8,0.9,0.75,0.9,0.9,0.875,0.9,0.9,0.9,0.8,0.9,0.8,0.7,1,0.9,0.875,1,0.8,0.8,0.8,1,1,0.9,1,0.8,0.875,0.2,1,1,0.8,1,0.1,0.9,1,0.9,0.9,0.9,0.9,1,0.8,1,0.9,0.9,0.9,0.8,0.9,0.2,0.1,0.1,0.2,0.1,1,1,1,1,1,0.7,0.625,1,1,1,0.1,0.125,0.375,0.5,0.625,0.875,1,1,1,0.25,1,1,0.4,0.4,0.375,0.5,0.4,0.3,0.4,0.625,0.5
NFMF Tule,3,36.20081,-118.65092,1288,11.7,863,32,40.5,759,4.2,20.4,429,22,0.14285714285714285,0.35714285714285715,0.42857142857142855,0.21428571428571427,0.2857142857142857,0.2857142857142857,0.2857142857142857,0.07142857142857142,0.35714285714285715,0.75,0.35714285714285715,1,0.21428571428571427,0.6428571428571429,0.6428571428571429,0.6666666666666666,0.7,0.5,0.42857142857142855,0.6666666666666666,0.5714285714285714,0.6428571428571429,0.7,0.6428571428571429,0.6428571428571429,0.5714285714285714,0.6428571428571429,0.6428571428571429,0.8571428571428571,0.7857142857142857,0.5,0.7857142857142857,0.6428571428571429,0.6666666666666666,0.7142857142857143,0.5833333333333334,0.5,0.7142857142857143,0.7142857142857143,1,1,1,1,0.5714285714285714,0.7857142857142857,0.9285714285714286,0.7857142857142857,0.3333333333333333,0.7142857142857143,0.8571428571428571,0.7857142857142857,0.5,0.2857142857142857,0.21428571428571427,0.21428571428571427,0.2857142857142857,0.7142857142857143,0.2857142857142857,0.7857142857142857,0.7142857142857143,0.2857142857142857,0.4,0.7857142857142857,0.2857142857142857,0.35714285714285715,1,0.7142857142857143,0.8333333333333334,0.8571428571428571,0.9166666666666666,0.21428571428571427,0.9285714285714286,0.8571428571428571,0.8571428571428571,0.5,0.5,0.5,0.7142857142857143,0.6428571428571429,0.5714285714285714,0.5714285714285714,0.42857142857142855,1,0.8571428571428571,1,0.7857142857142857,1,1,0.2857142857142857,0.2857142857142857,0.2857142857142857,0.14285714285714285,0.42857142857142855,0.3,0.7142857142857143,0.8333333333333334,0.7857142857142857,0.7142857142857143,0.5,0.9166666666666666,0.7142857142857143,1,1,0.5714285714285714,0.5,1,0.7142857142857143,0.8571428571428571,0.14285714285714285,0.8571428571428571,1,0,0,0,0,0.07142857142857142,0,0,0,0,0,0,0,0,0,0,0,0,0,0,0,0,0.5714285714285714,0,0,0,0,0,0,0.3333333333333333,0,0,0,0,0,0.9,0,0,0,0.35714285714285715,0,0,0.6666666666666666,0,0,1,0,0.6428571428571429,0,0.9285714285714286,0,0.6428571428571429,0.5,0,0.5714285714285714,0.4,0.5714285714285714,0.5,0.2,0,0.5,0.42857142857142855,0.5714285714285714,0.35714285714285715,0.35714285714285715,0.16666666666666666,0.21428571428571427,0.21428571428571427,0.16666666666666666,0.14285714285714285,1,1,1,1,1,0.2857142857142857,0.2857142857142857,0.7857142857142857,0.7142857142857143,0.8333333333333334,0.5,1,0.9285714285714286,0.9285714285714286,0.9285714285714286,0,0.7142857142857143,1,1,1,0.8571428571428571,1,0.9166666666666666,0.7857142857142857,0.7857142857142857,0.75,0.7857142857142857,0.7857142857142857,0.8571428571428571,1,1
Redwoods,4,36.69096,-118.90961,1682,9,933,105,37.9,639,1.9,17.3,468,22,0.1,0.4,0.2,0.3,0.3,0.3,0.3,0.1,0.3,0.4,0.3,1,0.5,0.7,0.7,0.7,0.7,0.7,0.7,0.7,0.7,0.8,0.7,0.7,0.7,0.7,0.7,0.9,1,1,0.9,1,0.9,1,1,0.9,0.2,0.25,0.5,1,1,1,1,0.125,0.6,0.7,0.7,0.5,0.6,0.7,0.5,0.9,0.5,0.7,0.5,0.5,0.6,0.6,0.5,0.6,0.5,0.6,0.5,0.6,0.5,1,0.5,0.6,1,1,0.4,0.9,1,1,0.6,0.7,0.75,0.6,0.3,0.3,0.3,0.3,0.5,0.8,1,0.8,0.9,1,0.8,0.7,1,0.5,1,0.7,1,0.9,0.9,1,0.6,0.9,0.9,0.9,1,0.7,0.6,0.9,0.7,1,0.3,0.9,1,0,0,0,0,0,0,0,0,0,0,0,0,0,0,0,0,0,0,0,0,0,0.5,0,0,0,0,0,0,0.6,0,0,0,0,0,0.625,0,0,0,0.4,0,0.2,0.4,0.2,0.2,1,0.2,0.8,0.25,0.7,0.2,0.5,0.4,0.2,0.5,0.4,0.4,0.5,0.25,0.2,0.4,0.4,0.5,0.4,0.4,0.5,0.3,0.5,0.5,0.5,1,1,1,1,1,0.9,0.9,0.4,0.3,0.3,0.7,0.8,0.8,1,1,0.1,0.75,0.8,1,1,1,0.9,0.7,0.7,0.75,0.875,0.7,0.75,0.7,0.75,0.7
Wawona,5,37.539,-119.654,1214,11.8,1003,29,40.9,769,4.9,20,523,18,0.14285714285714285,0.42857142857142855,0.07142857142857142,0.35714285714285715,0.25,0.25,0.25,0.08333333333333333,0.3333333333333333,0.5,0.35714285714285715,1,1,1,1,1,0.6666666666666666,1,1,1,1,1,1,1,1,1,1,0.5714285714285714,0.8333333333333334,0.7142857142857143,0.6428571428571429,0.6666666666666666,0.6428571428571429,0.6666666666666666,0.6428571428571429,0.7142857142857143,0.2857142857142857,0.42857142857142855,0.42857142857142855,1,1,1,1,0,0.9285714285714286,0.9166666666666666,1,0,1,1,1,0.35714285714285715,0,0,0,0,1,0,1,1,0,0,1,0,0,1,1,1,1,1,0,1,1,1,0.7142857142857143,0.7857142857142857,0.9166666666666666,0.9285714285714286,0.5714285714285714,0.42857142857142855,0.42857142857142855,0.5,0.7142857142857143,1,0.7857142857142857,0.7142857142857143,0.7857142857142857,0.7857142857142857,0.5,0.5,0.5714285714285714,0.42857142857142855,0.7142857142857143,0.375,1,0.7142857142857143,0.7857142857142857,0.6428571428571429,0.7857142857142857,0.7,0.7142857142857143,0.5714285714285714,0.9285714285714286,1,0.75,0.8571428571428571,1,0.9285714285714286,0,0.8571428571428571,0.8571428571428571,0.5,0.6428571428571429,0.5,0.6666666666666666,0.7142857142857143,0.5714285714285714,0.7,0.5833333333333334,0.7857142857142857,0.5,0.42857142857142855,0.5714285714285714,0.8,0.6,1,0.6428571428571429,0.5,0.5,0.7142857142857143,0.6666666666666666,0.6428571428571429,0.8333333333333334,0.6428571428571429,0.5833333333333334,0.5,0.5714285714285714,0.6428571428571429,0.5714285714285714,0.9285714285714286,0.5,0.5833333333333334,0.75,0.6666666666666666,0.5714285714285714,1,0.6428571428571429,0.5714285714285714,0.5,0.7857142857142857,0.5,0.6428571428571429,0.8571428571428571,0.5714285714285714,0.5,0.9166666666666666,0.6428571428571429,0.6428571428571429,0.6666666666666666,1,0.5,0.8571428571428571,0.9285714285714286,0.5714285714285714,0.9285714285714286,0.8571428571428571,0.8333333333333334,0.8571428571428571,1,0.6428571428571429,0.9285714285714286,0.7857142857142857,0.7857142857142857,0.9285714285714286,0.9285714285714286,0.42857142857142855,0.35714285714285715,0.2857142857142857,0.21428571428571427,0.3333333333333333,1,1,1,1,1,0.8571428571428571,0.42857142857142855,0.8571428571428571,0.8571428571428571,1,0.14285714285714285,0.8571428571428571,0.9166666666666666,1,1,0.5714285714285714,0.7857142857142857,1,1,0.8571428571428571,1,0.8571428571428571,0.9285714285714286,0.9166666666666666,0.9285714285714286,0.8571428571428571,0.7857142857142857,0.9285714285714286,0.7857142857142857,0.625,0.5714285714285714
Oregon Creek,6,39.39442,-121.08302,440,14.9,1368,12,44.3,797,7.4,23.2,672,22,0,0.05,0.05,0.05555555555555555,0.1,0.1,0.1,0.1,0.05,0.0625,0,0.95,0.15,0.7,0.7,0.8,0.5555555555555556,0.45,0.45,0.5,0.45,0.5,0.4444444444444444,0.5,0.5,0.5,0.6,0.45,0.55,0.5,0.45,0.4,0.5555555555555556,0.5555555555555556,0.4,0.45,0.35,0.75,0.6666666666666666,0.8,0.8888888888888888,0.8,0.8,0.6,1,0.95,0.95,0.8888888888888888,0.25,0.1875,0.2,1,1,0.7777777777777778,0.8,0.8,0.35,0.75,0.3,0.25,0.8,0.7,0.25,0.7,0.6666666666666666,1,0.25,0.25,0.6666666666666666,0.6111111111111112,0.85,0.6,0.6,0.7,0.25,0.3,0.2,1,0,0,0,0.3888888888888889,1,0.8,1,1,1,1,0.15,0.15,0.85,0,1,0.16666666666666666,0.85,0.35,0.45,0.5,0.7777777777777778,0.4,0.45,0.85,1,0.85,0.7,1,0.9,0.9444444444444444,0.35,1,1,0.45,0.45,0.45,0.5555555555555556,0.45,0.55,0.6,0.45,0.4,0.5555555555555556,0.45,0.5833333333333334,0.5,0.45,0.5714285714285714,0.55,0.5555555555555556,0.5,0.625,0.45,0.5555555555555556,0.5,0.5555555555555556,0.5,0.4444444444444444,0.5,0.4375,0.6111111111111112,0.45,0.4,0.4,0.45,0.45,0.5,1,0.5,0.5,0.5,0.5,0.625,0.5,0.45,0.45,0.55,1,0.5,1,0.45,0.6,0.35,0.4444444444444444,0.5,0.5555555555555556,0.5,0.4,0.4,0.6111111111111112,0.5,0.5,0.55,0.45,0.55,0.55,0.7,0.8125,0.7,0.8,0.75,0.75,0.95,1,0.95,0.95,1,0.5,0.5,0.75,0.7,0.65,1,1,1,1,1,0.2,0.25,1,0.8,1,0.5,0.7777777777777778,0.4,0.3888888888888889,0.45,0.3,0.6111111111111112,0.3888888888888889,0.55,0.8333333333333334,0.95
Little Jameson Creek,7,39.74298,-120.70401,1593,8.4,1338,199,38.3,569,0.8,16.9,645,48,0,0.125,0.125,0.125,0,0,0,0,0.125,1,0.0625,0.9375,0.35714285714285715,1,1,0.7857142857142857,0.875,0.8125,0.8125,0.8125,0.875,0.8571428571428571,0.8571428571428571,0.8125,0.8125,0.8125,0.75,0.875,1,0.875,0.875,0.875,0.875,0.875,0.875,0.875,0.625,0.625,0.5625,1,1,1,1,0.75,1,1,1,0.7142857142857143,0.2857142857142857,0.25,0.3125,1,0.75,0.75,0.8125,0.75,0.3125,0.6875,0.2857142857142857,0.3125,0.75,0.6875,0.375,0.875,0.75,1,0.25,0.25,0.8333333333333334,0.6428571428571429,0.75,0.5,0.125,0.1875,0.5625,0.4375,0.5,0.75,0.125,0.125,0.125,0.35714285714285715,1,0.8125,1,1,1,1,0.2857142857142857,0.2857142857142857,0.1875,0,0.1875,0.1875,0.5625,0.25,0.1875,0.25,0.875,0.375,0,0.6875,0.875,1,0.9285714285714286,0.875,1,1,0.875,0.6875,1,0.125,0.125,0.125,0.125,0.125,0,0.125,0.125,0.125,0.14285714285714285,0.125,0.2,0.125,0.125,0.14285714285714285,0.125,0.125,0.125,0.125,0.14285714285714285,0.14285714285714285,0.1875,0.14285714285714285,0.125,0.125,0.125,0.125,0.14285714285714285,0.125,0.125,0.14285714285714285,0.125,0.125,0.125,0.875,0.125,0.14285714285714285,0.125,0.1875,0.125,0.125,0.1875,0.125,0.125,0.9375,0.125,0.9375,0.125,0.21428571428571427,0,0.25,0.1875,0.125,0.25,0.1875,0.1875,0.1875,0.125,0.14285714285714285,0.1875,0.1875,0.1875,0.25,0.1875,0.6666666666666666,0.6428571428571429,0.5625,0.6875,0.5625,0.5714285714285714,0.6428571428571429,0.6428571428571429,0.7,0.7,0.6428571428571429,0.6875,1,1,0.25,0.875,0.9375,1,1,1,0.125,0.125,1,1,1,0.75,1,0.5,0.5625,0.5,0.5625,0.5,0.6875,0.5625,0.875,1
Deep Creek,8,41.66546,-123.11341,680,12.1,289,11,42.5,935,3.6,21.4,123,31,0,0,0,0,0,0,0,0,0,0,0,1,0.25,0.875,1,0.875,1,1,1,1,1,1,1,1,1,1,1,0.125,1,1,1,1,1,1,1,1,0.375,0.25,0.25,1,1,1,1,0.25,0.75,0.625,0.5,0.25,0.875,0.75,1,1,0.375,0.375,0.375,0.375,0.875,0.25,0.875,0.75,0.375,0.25,0.75,0.375,0.25,1,0.75,0.75,1,0.625,0.375,0.875,0.875,0.75,1,0.875,0.875,1,0.5,0.75,0.5,0.25,1,1,1,1,1,1,0.75,0.75,1,0.5,1,0.75,1,0.75,1,0.75,0.25,0.75,0.875,0.875,1,0.375,0.375,1,0.375,1,0,1,1,0.3333333333333333,0.25,0.125,0.25,0.375,0,0.5,0.25,0.375,0.25,0.25,0.16666666666666666,0.25,0.25,0.25,0.16666666666666666,0.25,0.25,0.375,0.125,0.25,0.25,0.3333333333333333,0.25,0.5,0.25,0.25,0.375,0.375,0.25,0.375,0.25,0.25,0.25,1,0.16666666666666666,0.25,0.25,0.375,0.25,0.375,1,0.25,0.25,1,0.25,1,0.375,0.875,0.375,0.875,0.25,0.25,0.25,0.25,0.25,0.25,0.875,0.25,0.25,0.25,0.875,0.25,0.375,1,1,1,1,1,1,1,1,1,1,0.125,0,1,1,1,1,1,1,1,1,0.625,1,1,1,0.75,0.375,1,0.75,0.75,0.625,0.75,0.75,0.875,0.625,1,1
O'Neil Creek,9,41.80979,-123.11887,1092,11,942,43,40.1,654,3.6,19.6,455,38,0.1111111111111111,0.375,0.4444444444444444,0.375,0.3888888888888889,0.2777777777777778,0.3888888888888889,0,0.3888888888888889,0.42857142857142855,0.3333333333333333,1,0.5,0.6875,0.6111111111111112,0.7222222222222222,0.7777777777777778,0.8333333333333334,0.8333333333333334,0.8333333333333334,0.8333333333333334,0.875,0.8333333333333334,0.7777777777777778,0.8333333333333334,0.8333333333333334,0.8333333333333334,0.9444444444444444,1,0.7777777777777778,0.6666666666666666,0.7777777777777778,0.75,0.75,0.7222222222222222,0.625,0.3333333333333333,0.3888888888888889,0.3333333333333333,0.7222222222222222,0.6875,0.6666666666666666,0.6666666666666666,0.625,0.5555555555555556,0.5,0.5,0.8888888888888888,0.2222222222222222,0.2222222222222222,0.3333333333333333,1,0.875,0.875,0.7777777777777778,0.7222222222222222,0.3333333333333333,0.8333333333333334,0.2777777777777778,0.2777777777777778,0.8888888888888888,0.8333333333333334,0.375,0.8333333333333334,0.7222222222222222,0.8888888888888888,0.21428571428571427,0.3333333333333333,0.16666666666666666,0.16666666666666666,1,0.2222222222222222,0.0625,0.5555555555555556,0.7777777777777778,0.75,0.8125,1,0.4375,0.3333333333333333,0.25,0,0.8571428571428571,0.5555555555555556,0.6111111111111112,1,0.6666666666666666,0.6666666666666666,0.4444444444444444,0.4444444444444444,0.6111111111111112,0.16666666666666666,0.5555555555555556,0.4444444444444444,0.5555555555555556,0.8333333333333334,1,0.9285714285714286,0.1875,0.8333333333333334,0.8888888888888888,0.8888888888888888,0.9444444444444444,0.16666666666666666,0.16666666666666666,0.9444444444444444,0.25,1,0.5,0.625,1,0,0,0,0,0,0,0,0,0,0,0.05555555555555555,0,0,0,0,0,0,0,0,0,0,0.1111111111111111,0,0,0,0,0.05555555555555555,0,0.1111111111111111,0,0,0,0,0,0.9444444444444444,0,0,0.05555555555555555,0.0625,0,0,0.4444444444444444,0,0,1,0,0.9444444444444444,0,0.4444444444444444,0,0.3888888888888889,0.07142857142857142,0,0.16666666666666666,0.05555555555555555,0.05555555555555555,0.08333333333333333,0.4444444444444444,0,0.0625,0.1111111111111111,0.3888888888888889,0.1111111111111111,0.05555555555555555,0.9444444444444444,0.8333333333333334,0.8333333333333334,1,1,1,1,1,1,1,0.6666666666666666,0.6666666666666666,1,1,0.7222222222222222,0.7222222222222222,0.9444444444444444,0.9444444444444444,1,1,0.16666666666666666,0.8888888888888888,0.75,0.7777777777777778,0.9444444444444444,0.2857142857142857,1,0.6666666666666666,0.8333333333333334,0.7777777777777778,0.7777777777777778,0.7777777777777778,0.8333333333333334,0.7777777777777778,0.875,0.8888888888888888
Deer Creek,10,42.27411,-123.63617,393,11.8,1542,47,42.5,684,4.6,19.8,749,38,0,0,0,0,0,0,0,0,0,0,0.05,1,0,0.1111111111111111,0.1,0.1111111111111111,0.55,0.55,0.6111111111111112,0.6111111111111112,0.5,0.55,0.55,0.5555555555555556,0.5555555555555556,0.5,0.45,0.95,0.95,1,0.9,0.9,0.9,0.95,0.9,0.85,0,0,0,0.9,0.8888888888888888,0.7777777777777778,0.75,0.3,0.45,0.5,0.5555555555555556,1,0.2222222222222222,0.14285714285714285,0.3,1,0.95,0.95,0.95,0.9,0.35,0.85,0.25,0.2,0.85,0.95,0.25,0.95,0.8333333333333334,0.9444444444444444,0.35,0.3,0.4,0.375,1,0.4,0.4375,0.6,0.5555555555555556,0.55,0.45,1,0.5,0.45,0.375,0.1111111111111111,1,0.3,0.9444444444444444,1,0.95,1,0.4,0.4444444444444444,0.9375,0.4,0.9444444444444444,0.3888888888888889,1,0.6666666666666666,0.7777777777777778,0.7,0.1875,0.8,0.6666666666666666,1,1,0.35,0.4,1,0.3333333333333333,1,0.85,0.2222222222222222,1,0.05,0.15,0.05555555555555555,0.16666666666666666,0,0.08333333333333333,0.05,0.0625,0.05,0.15,0.1111111111111111,0.1111111111111111,0.05,0,0,0.1,0.05,0.05555555555555555,0.1111111111111111,0.05,0.1,0.05555555555555555,0.08333333333333333,0.1,0.1,0.1111111111111111,0.25,0.05,0.05555555555555555,0.125,0.1111111111111111,0.05,0.1,0.05,1,0.05,0.05,0.05,0.05,0,0.05555555555555555,0.35,0.1,0.05,1,0.1111111111111111,1,0.05,0.5555555555555556,0.1,0.5,0.1,0.1,0.15,0.1111111111111111,0.05,0.05,0.5555555555555556,0.1,0,0.1111111111111111,0.5,0.1111111111111111,0.1,0.95,0.9,1,0.9,0.9,0.9285714285714286,0.8888888888888888,0.8333333333333334,0.9,0.8333333333333334,0.5555555555555556,0.7777777777777778,1,1,0.4,0.75,1,1,1,1,0,0.6875,0.9,1,0.7777777777777778,0.85,0.45,0.7857142857142857,0.75,0.85,0.85,0.7777777777777778,0.9,0.8,1,0.8333333333333334
Rock Creek,11,43.37876,-122.95207,1168,9.8,2474,104,37.3,282,4,16.8,1059,125,0,0.15,0.1,0.15,0,0,0,0,0.1111111111111111,0.16666666666666666,0.05,0.95,0.16666666666666666,0.2,0.25,0.2,0.35,0.4,0.35,0.4,0.4,0.35,0.3888888888888889,0.4,0.4,0.4,0.4,0.8333333333333334,0.85,0.8,0.75,0.8,0.8125,0.75,0.75,0.75,0.25,0.16666666666666666,0.16666666666666666,0.75,0.7,0.55,0.6111111111111112,0.6,0.8,0.75,0.7777777777777778,0.75,0.65,0.6,0.65,0.9,0.75,0.5714285714285714,0.75,0.35,0.65,0.35,0.65,0.65,0.75,0.75,0.65,0.75,0.35,0.55,0.65,0.65,0.7222222222222222,0.65,0.8,0.65,0.2,0.65,0.35,0.4,0.4,0.9,0.25,0.2777777777777778,0.2,0.16666666666666666,0.85,0.55,0.85,1,0.8,0.85,0.2,0.2,0.75,0,0.75,0.15,0.8,0.15,0.35,0.1111111111111111,1,0.1,0.15,0.25,0.95,1,1,0.9,1,1,0.85,0.3888888888888889,1,0.1,0.25,0.2,0.16666666666666666,0.15,0.15,0.25,0.25,0.16666666666666666,0.2,0.15,0.16666666666666666,0.05555555555555555,0.1,0.2,0.15,0.25,0.1111111111111111,0.16666666666666666,0.2777777777777778,0.2,0.2,0.15,0.16666666666666666,0.2,0.2,0.07142857142857142,0.2,0.2,0.2222222222222222,0.2,0.2,0.2,0.16666666666666666,0.95,0.15,0.16666666666666666,0.15,0.1111111111111111,0.15,0.2,0.16666666666666666,0.15,0.1111111111111111,0.95,0.05555555555555555,1,0.15,0.35,0.05,0.2222222222222222,0.2,0,0.3,0.25,0.25,0.15,0.05555555555555555,0.15,0.25,0.3333333333333333,0.3,0.2222222222222222,0.3,0.875,0.8,0.75,0.7,0.8,1,0.95,0.95,1,0.95,0.2777777777777778,0.4,0.9,0.8888888888888888,0.6666666666666666,0.8,1,1,0.85,1,0.15,0.85,0.35,0.8,0.9,0.7,0.6,0.5555555555555556,0.45,0.4,0.5,0.35,0.55,0.45,0.95,0.9
Mill Creek,12,34.07808,-116.87558,1990,7.6,824,147,35.9,653,0.7,15.7,392,38,0,1,0.85,1,0.8,0.8,0.8,0,1,1,1,0.65,0.5,1,1,1,1,1,1,1,1,1,1,1,1,1,1,0.9,1,0,0,0,0,0,0,0,1,1,1,0.35,0.35,0.3,0.4,0.05,0,0,0,0,1,1,1,1,0,0,0,0,1,0,1,1,0,0,1,0,0,1,1,1,1,1,0,1,1,1,0.95,0.9444444444444444,0.95,1,1,1,1,1,0.95,1,0,1,0,0,1,1,1,0,1,1,1,0.95,1,1,0.95,0.9444444444444444,0.95,1,0.2222222222222222,1,1,0.2222222222222222,1,1,0.05,1,0,1,1,1,1,1,1,1,1,1,1,1,1,1,1,1,1,1,1,1,1,1,1,1,1,1,1,1,1,1,1,1,1,1,1,1,1,1,1,1,1,1,1,1,1,0.5,1,1,1,1,0,1,1,1,1,1,1,1,1,1,1,1,1,1,1,0,0,0,0,0,0.9,1,0.95,1,0.9444444444444444,0.8888888888888888,0.7222222222222222,1,1,1,0,0.25,0.125,0.85,0.875,1,1,1,1,0,1,0.95,0,0,0,0,0,0,0.15,1,1
Cottonwood Creek,13,32.60831,-116.70098,264,16.5,371,1,45,1152,10.7,23,174,7,0,0.9090909090909091,1,1,0.8571428571428571,0.6,0.7,0.14285714285714285,0.9545454545454546,0.9545454545454546,0.5909090909090909,0.45454545454545453,0.7272727272727273,0.9545454545454546,0.9,0.8636363636363636,1,1,1,1,1,1,1,1,1,1,1,0.22727272727272727,1,0,0,0,0,0,0,0,0.8636363636363636,1,0.9090909090909091,1,1,1,1,0,1,1,1,0,1,1,1,1,0.05,0.045454545454545456,0.045454545454545456,0,1,0,1,1,0.09090909090909091,0,1,0,0,1,1,1,1,1,0.045454545454545456,0.9545454545454546,1,1,0.9545454545454546,0.9545454545454546,0.9545454545454546,1,1,1,1,1,1,1,0.85,1,0.8636363636363636,0.85,0.9444444444444444,0.9444444444444444,1,0,1,0.9090909090909091,1,0.8636363636363636,1,0.85,0.9090909090909091,0.85,0.9545454545454546,1,0.13636363636363635,1,0.9545454545454546,0.09090909090909091,1,0.9545454545454546,0.09090909090909091,1,0,0.45454545454545453,1,1,1,1,1,1,1,1,1,1,1,1,0.45454545454545453,1,1,1,1,1,1,1,1,1,1,1,1,1,1,1,1,1,1,1,1,1,1,1,1,1,1,1,1,0.45454545454545453,0.36363636363636365,0.6818181818181818,0.45454545454545453,1,0.45454545454545453,1,0,1,1,0.5714285714285714,1,1,1,1,1,1,1,1,1,1,1,0,0,0,0,0,0.8181818181818182,1,0.8636363636363636,1,1,0.13636363636363635,0.13636363636363635,1,0.8181818181818182,1,0.25,0.45,0.3333333333333333,0.3181818181818182,0.3,1,1,1,0.9545454545454546,0,1,1,0.09090909090909091,0.09090909090909091,0.09090909090909091,0.09090909090909091,0.13636363636363635,0.09090909090909091,0.13636363636363635,1,0.9545454545454546
Hauser Creek,14,32.65822,-116.53235,793,14.6,375,2,44.5,1162,8.8,21.5,183,23,0,1,0.5,1,0.1875,0.25,0.3333333333333333,0,1,1,0.95,0.65,0.5,0.9,0.9,1,1,1,1,1,1,1,1,1,1,1,1,0.65,0.85,0.05,0,0,0,0.05,0,0,0.95,1,1,1,1,1,1,0,0.95,0.9444444444444444,0.8888888888888888,0.05,1,1,1,1,0.05555555555555555,0,0.0625,0,1,0,1,1,0,0.05,1,0.0625,0,1,1,1,1,1,0.1,1,1,1,0.95,0.95,0.95,1,1,1,1,1,0.9444444444444444,1,0.6,1,0.55,0.6111111111111112,1,0.95,1,0,1,0.9444444444444444,1,1,1,1,0.7777777777777778,1,1,1,0.05,1,1,0.1,1,1,0,0.9,0.1111111111111111,0.4,1,1,1,1,1,1,1,1,1,1,1,1,0.4,1,1,1,0.95,1,1,1,1,1,1,1,1,1,1,1,1,1,1,1,1,1,1,1,1,0.95,1,1,1,0.45,0.3888888888888889,0.7222222222222222,0.4444444444444444,1,0.4444444444444444,1,0,1,1,0.3888888888888889,1,1,1,1,1,1,1,1,1,1,1,0,0,0,0,0,0.5,0.5555555555555556,0.5,0.8333333333333334,0.875,0.7,0.65,1,1,1,0.35,0.2777777777777778,0.375,0.1,0.16666666666666666,0.95,1,1,1,0.14285714285714285,1,1,0,0,0,0,0.05,0,0.05555555555555555,1,0.8
Kitchen Creek,15,32.75206,-116.45221,1172,13,545,6,42.4,963,7,20.1,254,31,0,1,0.7,1,0.5555555555555556,0.55,0.5,0,1,1,0.9,0.3,0.8333333333333334,1,1,0.9444444444444444,1,1,1,1,1,1,1,1,1,1,1,0.5,0.75,0,0,0,0,0,0,0,0.8,0.9,0.9444444444444444,1,1,1,1,0,0.9444444444444444,0.9,0.9,0.08333333333333333,1,1,1,1,0.0625,0.0625,0.0625,0,1,0,1,1,0.05555555555555555,0.05555555555555555,1,0.0625,0,1,1,1,1,1,0.3,1,1,1,0.95,0.95,0.95,1,1,1,1,1,1,1,0.55,1,0.6111111111111112,0.6,1,1,1,0,1,1,1,0.9,1,0.95,1,0.85,1,1,0.1,1,0.95,0.05555555555555555,1,0.9,0,0.85,0.05555555555555555,0.9444444444444444,1,1,1,1,1,1,1,1,1,1,1,1,0.8,1,1,1,1,1,1,1,1,1,1,1,1,1,1,1,1,1,1,1,1,1,1,1,1,1,1,1,1,0.8,0.8,0.2,0.85,1,0.9,1,0,1,1,1,1,1,1,1,1,1,1,1,1,1,1,0,0,0,0,0,0.6,0.7777777777777778,0.7,0.75,0.7142857142857143,0.35,0.5555555555555556,1,1,1,0.1875,0.1,0.3333333333333333,0.55,0.7,1,1,1,1,0,1,1,0.05,0,0,0,0,0,0.05555555555555555,1,1
Chariot Canyon,16,33.03596,-116.53623,1071,14.3,577,4,42.7,953,7.7,22,258,42,0,0.8571428571428571,1,1,0.625,0.5714285714285714,0.5,0.21428571428571427,1,1,0.7857142857142857,0,0.42857142857142855,0.8571428571428571,0.8571428571428571,1,1,1,1,1,1,1,1,1,1,1,1,0.6428571428571429,0.9285714285714286,0,0,0,0,0,0,0,1,1,1,1,1,1,1,0,0.8571428571428571,0.8571428571428571,0.7857142857142857,0,1,1,1,0.9285714285714286,0,0,0,0,1,0,1,1,0,0,1,0,0,1,1,1,1,1,0,1,1,1,1,1,1,1,1,1,1,1,1,1,0.5,1,0.5,0.42857142857142855,1,1,1,0,1,0.75,1,0.8571428571428571,1,0.8333333333333334,1,0.9285714285714286,0.9285714285714286,1,0.21428571428571427,1,1,0.21428571428571427,1,1,0.08333333333333333,1,0.14285714285714285,0.9285714285714286,1,1,1,1,1,1,1,1,1,1,1,1,0.9285714285714286,1,1,1,1,1,1,1,1,1,1,1,1,1,1,1,1,1,1,1,1,1,1,1,1,1,1,1,1,0.9285714285714286,0.9166666666666666,0.3333333333333333,0.9285714285714286,1,0.9285714285714286,1,0,1,1,0.9285714285714286,1,1,1,1,1,1,1,1,1,1,1,0,0,0,0,0,0.8,0.5833333333333334,0.5833333333333334,0.75,1,0.3333333333333333,0.5,1,1,1,0.2857142857142857,0.42857142857142855,0.5,0.5,0.3333333333333333,0.9285714285714286,1,1,1,0,1,1,0,0,0,0,0.07142857142857142,0,0.07142857142857142,1,1
Whitewater Canyon,17,33.99329,-116.66267,697,17.5,278,1,44.9,1270,10.2,25.5,141,19,0,0.7222222222222222,0.8888888888888888,0.8888888888888888,0.8333333333333334,0.8333333333333334,0.8333333333333334,0,0.8888888888888888,1,0.8333333333333334,0.16666666666666666,0.8888888888888888,1,1,0.8888888888888888,1,1,1,1,1,1,1,1,1,1,1,0.6666666666666666,1,0.1111111111111111,0.1111111111111111,0.16666666666666666,0.1111111111111111,0.125,0.2,0.1111111111111111,0.875,0.8888888888888888,0.8888888888888888,0.4375,0.3888888888888889,0.3888888888888889,0.4444444444444444,0,0.1875,0.16666666666666666,0.2222222222222222,0,1,1,1,1,0,0,0,0,1,0,1,1,0,0,1,0,0,1,1,1,1,1,0.1111111111111111,1,1,1,0.8125,0.7222222222222222,0.7222222222222222,1,0.8888888888888888,0.8888888888888888,0.8888888888888888,1,1,1,0.5,1,0.4444444444444444,0.4444444444444444,1,1,1,0.125,1,0.8888888888888888,1,0.7222222222222222,1,0.7222222222222222,0.6875,0.7777777777777778,0.7777777777777778,1,0.3333333333333333,1,0.8888888888888888,0.3125,1,1,0,1,0.1111111111111111,0.8888888888888888,0.8888888888888888,0.8888888888888888,1,0.8888888888888888,0.8888888888888888,0.8888888888888888,0.8888888888888888,0.8888888888888888,0.8888888888888888,0.8888888888888888,0.8888888888888888,0.8888888888888888,0.8888888888888888,0.8888888888888888,0.8888888888888888,0.8888888888888888,1,0.8888888888888888,0.8888888888888888,0.8888888888888888,0.8888888888888888,0.8888888888888888,1,0.8888888888888888,0.8888888888888888,1,0.8888888888888888,0.8888888888888888,0.8888888888888888,0.8888888888888888,0.8888888888888888,0.8888888888888888,0.8888888888888888,1,0.8888888888888888,0.8888888888888888,0.8888888888888888,0.8888888888888888,0.8888888888888888,0.8888888888888888,0.8888888888888888,0.6666666666666666,0.8888888888888888,0.5,0.8888888888888888,1,0.8888888888888888,1,0,0.8888888888888888,0.8888888888888888,0.8888888888888888,0.8888888888888888,0.8888888888888888,0.8888888888888888,0.8888888888888888,0.8888888888888888,0.8888888888888888,0.8888888888888888,0.8888888888888888,0.8888888888888888,0.8888888888888888,0.8888888888888888,0,0,0,0,0,1,1,1,1,1,0.1111111111111111,0.16666666666666666,1,1,1,0,0.3125,0.42857142857142855,0.3888888888888889,0.4375,0.8888888888888888,1,0.8888888888888888,1,0.125,1,1,0.16666666666666666,0.16666666666666666,0.2222222222222222,0.16666666666666666,0.16666666666666666,0.25,0.16666666666666666,1,1
Arroyo Sequit,18,34.06511,-118.93279,70,17.5,389,0,41.9,889,14,21,226,4,0,1,0.5,1,0.3,0.3,0.3,0,1,1,0.875,0.7,0.1,1,1,1,1,1,1,1,1,1,1,1,1,1,1,0.3,0.9,0,0,0,0,0,0,0,1,1,1,1,1,1,1,0,0,0,0,0,1,1,1,1,0,0,0,0,1,0,1,1,0,0,1,0,0,1,1,1,1,1,0,1,1,1,1,1,1,1,1,1,1,1,0.9,1,0,1,0,0,0.625,0.8333333333333334,0.8,0,0.8,1,1,1,1,1,0.8,1,1,1,0.7,1,1,0,1,1,0,1,0.2,1,1,1,1,1,1,1,1,1,1,1,1,1,1,1,1,1,1,1,1,1,1,1,1,1,1,1,1,1,1,1,1,1,1,1,1,1,1,1,1,1,1,1,1,0,1,1,1,1,0,1,1,1,1,1,1,1,1,1,1,1,1,1,1,0,0,0,0,0,0.8,0.8,0.8,1,1,1,0.4,1,1,1,0,0,0,0.5,0.5,1,1,1,1,0,1,1,0.2,0.1,0,0.1,0.1,0.2,0.2,1,1
Trib to W Fork Mojave River,19,34.28497,-117.37862,1123,14,601,5,41.2,885,7.4,21.6,310,23,0,0.875,0.5,0.875,0.16666666666666666,0.16666666666666666,0.125,0,1,1,0.75,0,0.75,0.875,0.875,1,1,1,1,1,1,1,1,1,1,1,1,0.5,0.625,0.375,0.625,0.375,0.5,0.6666666666666666,0.3333333333333333,0.375,0.75,0.75,0.75,0.875,1,0.875,0.875,0,0.375,0.16666666666666666,0.25,0,1,1,1,1,0.125,0.25,0.125,0,1,0,1,1,0.125,0,1,0,0,1,1,1,1,1,0.125,1,1,1,0.625,0.5,0.625,1,1,1,1,1,1,1,0.25,1,0.125,0.25,1,1,0.875,0,0.875,1,1,0.125,1,0.25,1,0.125,0.375,1,0.875,1,1,1,1,1,0,1,0.5,1,1,1,1,1,1,1,1,1,1,1,1,1,1,1,1,1,1,1,1,1,1,1,1,1,1,1,1,1,1,1,1,1,1,1,1,1,1,1,1,1,1,1,1,0.125,1,1,1,1,0,1,1,1,1,1,1,1,1,1,1,1,1,1,1,0,0,0,0,0,1,1,1,1,1,0.25,0,1,1,1,0,0.5,1,0.16666666666666666,0.5,1,1,1,1,0,1,1,0,0,0,0,0,0,0,1,1
Manzana Creek,20,34.77171,-119.94363,543,16.1,617,2,44.1,946,9.9,23.4,362,2,0,1,1,1,0.75,0.75,0.75,0,1,1,0.75,0.25,0.5,1,1,1,1,1,1,1,1,1,1,1,1,1,1,1,0.75,0,0,0,0,0,0,0,1,1,1,1,1,1,1,0,0.5,0.5,0.75,0,1,1,1,1,0,0,0,0,1,0,1,1,0,0,1,0,0,1,1,1,1,1,0,1,1,1,1,1,1,1,1,1,1,1,1,1,0.25,1,0.25,0.5,1,1,1,0,1,1,1,1,1,1,1,1,1,1,0,1,1,0,1,1,0,1,0.5,1,1,1,1,1,1,1,1,1,1,1,1,1,1,1,1,1,1,1,1,1,1,1,1,1,1,1,1,1,1,1,1,1,1,1,1,1,1,1,1,1,1,1,1,0.5,1,1,1,1,0,1,1,1,1,1,1,1,1,1,1,1,1,1,1,0,0,0,0,0,1,1,1,1,1,1,0.75,1,1,1,0,0,0,1,0.75,1,1,1,1,0,1,1,0.25,0.25,0.5,0.25,0.5,0.25,0.25,1,1
Paradise Creek,21,36.51776,-118.75877,920,13.4,778,14,42.4,833,5.7,22.3,370,22,0.625,1,1,1,1,0.8,1,0.5,1,1,0.8,1,0.5,1,1,1,0.7,0.8,0.8,0.8,0.9,0.6,0.8,0.8,0.8,0.8,0.875,0.8,0.9,0.8,0.8,0.8,0.7,0.8,0.7,0.9,0.3,0.125,0.2,1,1,1,1,0.2,1,1,1,0,1,1,1,0.4,0,0,0,0,1,0,1,1,0,0,1,0,0,1,1,1,1,1,0,1,1,1,0.625,0.5,0.5,1,0.5,0.6,0.4,0.4,1,1,1,0.6,1,1,1,1,1,0.3,1,0.9,1,0.9,1,1,0.7,1,1,1,0.9,1,1,0.8,1,1,0,1,1,0.1,0.1,0.1,0.16666666666666666,0.2,0,0.25,0.1,0.1,0.1,0.125,0.2,0.1,0.125,0.1,0.2,0.1,0.1,0.3333333333333333,0.1,0.1,0.625,0.2,0.1,0.2,0.1,0.3333333333333333,0.125,0.5,0.1,0,0.1,0.1,0.1,0.5,0.1,0.1,0.1,0.6,0.125,0.1,0.6,0.1,0,1,0.2,0.6,0,0.9,0.25,0.6,0.5,0.1,0.4,0.5,0.5,0.4,0.16666666666666666,0.2,0.5,0.7,0.6,0.7,0.5,0.2,0.2,0.2,0,0.2,1,1,1,1,1,0.8,0.8,0.5,0.4,1,0.3,1,1,0.9,0.9,0.4,0.875,1,1,0.75,1,1,1,1,1,1,1,1,1,0.6666666666666666,0.7
North Fork Seep,22,36.52105,-118.89359,482,16.8,604,3,44.7,983,8.7,25.8,290,16,0.3333333333333333,0.625,0.625,0.75,0.625,0.625,0.625,0.3333333333333333,0.625,0.625,0.625,0.875,0,0.75,0.75,0.5,0.875,0.875,1,0.875,1,0.875,0.875,0.875,0.75,0.875,1,0.5,0.5,0.5,0.5,0.5,0.5,0.5,0.5,0.5,0.125,0.25,0,1,1,1,1,0.625,1,1,1,0.25,1,1,1,1,0.25,0.25,0.25,0,1,0,1,1,0.25,0.25,1,0.25,0,0.875,1,1,1,1,0.25,1,0.75,1,0.625,0.875,0.8333333333333334,1,0,0,0,0.5,1,1,1,1,1,1,0.75,0.75,0.75,0,0.75,1,1,0.75,1,0.75,0.625,0.75,0.75,0.75,0.625,1,0.875,0.75,1,0.5,0,1,1,0.625,0.625,0.5,0.625,0.5,0.5,0.625,0.75,0.625,0.375,0.75,0.625,1,0.5,0.8333333333333334,0.5,0.75,0.5,0.5,0.625,0.5,0.875,0.625,0.375,0.5,0.5,0.5,0.625,1,0.625,0.5,0.5,0.5,0.5,1,0.5,0.5,0.5,0.875,0.5,0.75,1,0.625,0.5,1,0.5,0.625,0.75,1,0.5,0.875,0.75,0.5,0.875,0.75,1,0.75,1,0.5,0.875,0.875,0.875,0.875,0.875,0.5,0.625,0.625,0.8333333333333334,0.625,1,1,1,1,1,0.875,0.875,1,1,0.75,0.25,0.75,0.75,0.75,0.75,0,0.625,1,1,1,0.875,0.625,0.75,0.75,0.75,0.75,0.75,0.75,0.75,1,1
Baker Creek,23,37.15761,-118.3334,1435,13.2,188,6,42.6,1156,4,23.1,90,27,0,0.9166666666666666,0.9166666666666666,1,0.8333333333333334,0.8333333333333334,0.6666666666666666,0,0.75,0.8,0.8333333333333334,1,0,1,1,1,0.25,0.3333333333333333,0.25,0.25,0.16666666666666666,0.25,0.25,0.3333333333333333,0.3333333333333333,0.16666666666666666,0.3333333333333333,0.5,0.9,0.4166666666666667,0.5,0.3333333333333333,0.4166666666666667,0.4166666666666667,0.4166666666666667,0.3,1,0.9166666666666666,0.9166666666666666,0.25,0.16666666666666666,0.25,0.1,0.75,0.8333333333333334,0.8333333333333334,0.9166666666666666,0.08333333333333333,0.9166666666666666,0.8333333333333334,0.9166666666666666,1,0,0.16666666666666666,0.08333333333333333,0,1,0.08333333333333333,0.9166666666666666,0.9166666666666666,0.08333333333333333,0.16666666666666666,1,0.1,0.08333333333333333,1,1,1,1,0.9166666666666666,0.3333333333333333,0.9166666666666666,1,1,0.16666666666666666,0.16666666666666666,0.2,1,0.25,0,0.16666666666666666,0.8333333333333334,0.5,0.9166666666666666,0.4166666666666667,1,0.4166666666666667,0.4166666666666667,1,1,1,0.3333333333333333,1,1,1,1,1,1,0.08333333333333333,1,1,1,0.2,1,0.6666666666666666,0.4166666666666667,1,0.9166666666666666,0,1,0.4166666666666667,0.6666666666666666,0.6666666666666666,0.6,0.75,0.6666666666666666,0.6666666666666666,0.75,0.625,0.5,0.5833333333333334,0.6,0.5,0.75,0.6,0.75,0.5833333333333334,0.6666666666666666,0.6666666666666666,0.6666666666666666,0.5833333333333334,0.5833333333333334,0.75,0.5833333333333334,0.6666666666666666,0.6666666666666666,0.6666666666666666,0.75,0.6,0.8333333333333334,0.5833333333333334,0.5833333333333334,0.75,0.75,0.5,0.9,0.75,0.6666666666666666,0.5833333333333334,0.75,0.625,0.75,0.8333333333333334,0.75,0.75,0.5833333333333334,0.75,1,0.8333333333333334,1,0.16666666666666666,0.8333333333333334,0.75,0.75,0.8333333333333334,0.6666666666666666,0.6666666666666666,0.75,0.75,0.75,0.75,0.75,0.75,0.75,0.8333333333333334,0.08333333333333333,0.08333333333333333,0.08333333333333333,0.16666666666666666,0.08333333333333333,1,1,1,1,1,0.9166666666666666,0.8333333333333334,0.5833333333333334,0.5,1,0,0.2,0.3,0.5833333333333334,0.4166666666666667,0.6666666666666666,1,1,1,0.75,0.8333333333333334,0.8333333333333334,1,1,0.9166666666666666,1,0.9166666666666666,0.9166666666666666,0.8333333333333334,0.875,0.9166666666666666
Unknown Creek,24,37.3592,-119.34498,1154,13,925,17,41.4,811,5.9,21.4,481,19,0.1,0.65,0.5,0.55,0.3333333333333333,0.3333333333333333,0.3888888888888889,0.16666666666666666,0.4,0.5555555555555556,0.3888888888888889,1,0.85,1,1,1,0.8,0.75,0.7222222222222222,0.7,0.75,0.85,0.7777777777777778,0.8,0.75,0.7777777777777778,0.8888888888888888,0.9,0.95,0.45,0.55,0.5,0.55,0.55,0.55,0.5,0.25,0.2222222222222222,0.3,1,1,1,1,0.25,1,1,1,0.05555555555555555,0.95,0.95,1,0.5,0,0.05,0.1,0.1,0.9444444444444444,0.1111111111111111,0.95,0.95,0.1,0.1,0.95,0.1,0.05,0.95,1,0.95,1,1,0.05,0.95,0.95,1,0.75,0.75,0.75,0.8571428571428571,0.45,0.3333333333333333,0.4444444444444444,0.6,1,0.9,1,0.75,1,1,0.4,0.3333333333333333,0.65,0,0.7,0.3333333333333333,0.8,0.85,0.8,0.8,0.85,0.75,0.8,1,1,0.85,0.7,1,0.85,0.8,0,0.65,1,0.25,0.3,0.25,0.2222222222222222,0.25,0.25,0.3125,0.3,0.4375,0.35,0.2777777777777778,0.3,0,0.3,0.25,0.25,0.25,0.16666666666666666,0.16666666666666666,0.2222222222222222,0.3333333333333333,0.8,0.25,0.3,0.3,0.3333333333333333,0.3333333333333333,0.3333333333333333,0.85,0.3,0.3,0.3,0.25,0.25,0.8888888888888888,0.35,0.3,0.25,0.75,0.42857142857142855,0.3,0.8,0.2777777777777778,0.3,1,0.2777777777777778,0.5,0.4,1,0.3,0.8,0.8,0.3,0.8,0.8,0.8,0.8,0.5,0.25,0.8,0.8333333333333334,0.8,0.8,0.75,0.2777777777777778,0.35,0.45,0.3,0.3888888888888889,0.8,0.875,0.8333333333333334,0.9444444444444444,0.9,1,0.95,0.9,0.95,0.9,0.16666666666666666,1,1,1,1,0.2222222222222222,0.7,1,1,1,0.85,0.9,0.95,0.9,0.9444444444444444,0.9444444444444444,0.95,0.95,0.9,0.8333333333333334,0.7
Crane Creek,25,37.70377,-119.75363,1311,11.6,926,26,40.6,752,4.9,19.7,461,17,0.0625,0.4,0.25,0.2,0.25,0.25,0.25,0.07142857142857142,0.2777777777777778,0.45,0.15,1,0.35,0.95,0.95,0.9,0.9,0.9,0.9,0.95,0.9,0.9,0.9444444444444444,0.9444444444444444,0.9375,0.85,0.9,0.9,0.95,0.85,0.9,0.85,0.85,0.85,0.85,0.85,0.45,0.55,0.55,1,1,1,1,0.3,1,1,1,0.25,0.7,0.7,0.75,0.55,0.3,0.35,0.3,0.3,0.7777777777777778,0.3333333333333333,0.75,0.75,0.3,0.35,0.7,0.3,0.25,1,0.7,0.8333333333333334,0.8888888888888888,0.9444444444444444,0.05,0.85,0.95,1,0.3,0.3,0.25,0.8,0.4,0.3888888888888889,0.3,0.35,1,1,1,0.65,1,1,0.5,0.4444444444444444,0.65,0.05555555555555555,0.7,0.4,0.75,0.8,0.8,0.8,1,0.85,0.8333333333333334,0.95,1,1,0.8333333333333334,1,1,1,0.25,1,1,0.35,0.3,0.4,0.4166666666666667,0.2777777777777778,0.3,0.3,0.3888888888888889,0.2777777777777778,0.3,0.3,0.25,0.4,0.35,0.2777777777777778,0.3,0.4,0.35,0.3333333333333333,0.3,0.4,0.5,0.35,0.3,0.35,0.35,0.25,0.4,0.55,0.3,0.35,0.3,0.35,0.25,0.7,0.3,0.4,0.35,0.5,0.3333333333333333,0.4,0.6,0.4,0.4,1,0.4,0.95,0.4375,1,0.45,0.5,0.5,0.45,0.6,0.5,0.45,0.5,0.5625,0.45,0.5,0.6,0.5,0.5,0.6,0.5555555555555556,0.5,0.5,0.55,0.5,1,1,0.95,1,0.95,0.85,0.6111111111111112,0.5555555555555556,0.45,0.8333333333333334,0.25,1,0.95,0.95,0.9,0.25,0.7,1,1,1,1,0.45,1,1,1,1,1,1,1,1,0.95
Tenaya Creek - Yosemite,26,37.743,-119.562,1220,10.3,913,59,40.9,755,2.7,19,437,32,0.25,0.375,0.25,0.25,0.375,0.375,0.375,0.25,0.25,0.3333333333333333,0.3333333333333333,1,0.25,1,1,1,0.8333333333333334,0.75,0.75,0.625,0.6666666666666666,0.6666666666666666,0.625,0.375,0.375,0.75,0.5,0.6666666666666666,0.5,0.625,0.5,0.375,0.75,0.5,0.625,0.75,0.875,0.75,0.875,1,1,1,1,0,0.875,1,0.875,0,1,0.875,1,0.75,0.125,0.125,0.125,0.125,0.875,0.125,0.875,0.875,0.125,0.16666666666666666,0.75,0.375,0.25,1,0.875,0.875,0.75,1,0.125,0.875,1,1,0.375,0.6666666666666666,0.6666666666666666,1,0.5,0.5,0.375,0.375,1,1,1,0.75,1,1,0.6666666666666666,0.75,0.5,0,0.625,0.625,0.75,0.625,0.625,0.625,0.5,0.625,0.625,0.875,1,1,0.875,1,1,1,0.25,0.75,1,0,0,0,0,0,0,0,0,0,0,0,0,0,0,0,0,0,0,0,0,0,0.3333333333333333,0,0,0,0,0,0,0.25,0,0,0,0,0,1,0,0,0,0.25,0,0.25,0.3333333333333333,0.25,0.25,1,0.25,1,0.25,1,0.25,0.3333333333333333,0.25,0.25,0.25,0.25,0.25,0.25,0.25,0.25,0.25,0.25,0.25,0.25,0.25,0,0.375,0.5,0.5,0.375,0.6666666666666666,0.6666666666666666,0.625,0.625,0.6666666666666666,0.875,0.625,0.75,0.625,1,0.125,1,1,1,1,0.875,0.5,1,1,1,0.375,0.875,0.75,0.75,0.5,0.625,0.875,0.75,0.625,1,1
Buck Meadows,27,37.7769,-120.063,842,13.2,913,14,43.1,841,6.2,21.4,448,18,0,0,0,0,0,0,0,0,0,0,0,1,0,0.25,0.25,0.5,1,0.75,0.75,0.75,0.75,0.75,0.75,0.75,0.75,0.75,0.75,1,1,1,1,1,1,1,1,1,0.25,0.5,0.5,0.25,0.75,0.5,0.75,0.5,1,1,1,1,0.5,0.25,0.75,1,1,1,1,0.75,0.5,0.5,0.5,0.75,1,1,0.75,1,0.5,0.75,0.5,1,0.5,0.75,1,0.5,0,0.5,0.25,0.25,0.5,1,0,0,0,0.25,0.75,0.5,0.5,1,1,1,0.5,0.5,0.75,0.25,0.75,0.25,1,0,0.5,0,1,0,0,0.5,1,1,1,1,1,1,1,0,1,0,0,0,0,0,0,0,0,0,0,0,0,0,0,0,0,0,0,0,0,0,0,0,0,0,0,0,0,0,0,0,0,0,0,1,0,0,0,0,0,0,0,0,0,1,0,1,0.25,0,0,0,0,0,0.5,0,0,0,0,0,0,0,0,0,0,1,1,1,1,1,0.75,0.75,1,1,1,0.5,0.5,1,1,0.5,1,1,1,1,1,0,1,1,0.75,1,0.5,0.5,0.5,0.5,0.5,0.5,0.5,1,0.5,1,1
Carlon,28,37.81006667,-119.8568,1324,10.7,1000,46,40.3,698,3.8,18.8,482,22,0,0,0,0,0,0,0,0,0,0,0,1,0,0,0,0,0,0,0,0,0,0,0,0,0,0,0,1,1,1,1,1,1,1,1,1,0,0,0,0,0,0,0,1,1,1,1,1,0.5,0.5,1,1,1,1,1,0.5,0.5,0.5,0.5,0.5,1,1,0.5,1,0.5,0.5,0.5,1,0.5,0.5,1,0.5,0,1,0,0,0,1,0,0,0,0,0,0.5,0.5,1,1,0.5,0,0,1,0,1,0,1,0,0.5,0,1,0,0,0,1,1,1,1,1,1,1,0,1,0,0,0,0,0,0,0,0,0,0,0,0,0,0,0,0,0,0,0,0,0,0,0,0,0,0,0,0,0,0,0,0,0,0,1,0,0,0,0,0,0,0,0,0,1,0,1,0,0,0,0,0,0,0.5,0,0,0,0,0,0,0,0,0,0,1,1,1,1,1,1,1,1,1,1,0,0,1,1,1,1,1,1,1,1,0,1,0,1,1,0,1,1,0.5,0.5,0.5,0.5,0.5,0.5,1,1
Rainbow Pool,29,37.8188,-120.0074333,851,12.8,919,17,42.9,812,5.8,21,450,18,0,0,0.125,0.125,0.125,0.125,0.125,0,0.125,0.125,0.125,1,0.5,1,1,1,0.8333333333333334,0.625,0.625,0.625,0.5,0.625,0.625,0.625,0.75,0.875,0.75,1,1,1,1,1,1,1,1,1,0.25,0.375,0.375,1,1,1,1,0,1,1,1,0.25,0.875,0.875,1,1,0.25,0.125,0.375,0.375,0.875,0.25,1,0.875,0.16666666666666666,0.25,0.875,0.16666666666666666,0.5,1,0.8333333333333334,0.875,1,1,0.375,0.875,0.875,1,0.75,0.75,0.75,0.875,0.375,0.375,0.375,0.5,1,1,1,1,1,1,0.75,0.75,1,0.25,1,0.875,1,1,0.875,0.8333333333333334,1,1,0.875,1,1,1,1,1,1,1,0,0.5,1,0.25,0.375,0.25,0.25,0.3333333333333333,0.3333333333333333,0.25,0.3333333333333333,0.25,0.25,0.3333333333333333,0.3333333333333333,0.5,0.25,0.25,0.25,0.25,0.25,0.3333333333333333,0.25,0.3333333333333333,0.875,0.25,0.25,0.25,0.25,0.25,0.25,0.8333333333333334,0.25,0.25,0.375,0.25,0.25,1,0.25,0.25,0.25,0.875,0.3333333333333333,0.75,0.875,0.625,0.75,1,1,1,0.75,0.875,0.75,0.875,0.75,0.875,0.875,0.75,0.875,0.875,0.625,0.75,0.8333333333333334,0.75,0.75,0.875,0.625,0.3333333333333333,0.25,0.3333333333333333,0.25,0.25,1,1,1,1,1,0.5,0.25,0.5,0.5,1,0.125,1,1,1,1,0.75,0.625,1,1,1,1,0.8333333333333334,0.875,0.875,1,0.875,1,0.875,1,1,1
Deer Flat Creek,30,37.89761,-121.94553,588,14.2,569,4,41.3,813,8.3,20.2,291,6,1,1,1,1,1,0.5,1,1,1,1,0.5,1,0.5,1,1,0.75,0.75,0.75,0.75,1,0.75,1,1,0.75,0.75,1,0.75,0.5,0.5,0.5,0.5,0.5,0.5,0.5,0.5,0.5,0.5,0.5,0.5,0.75,0.75,0.75,0.75,0,0,0,0,0.5,0.5,0.5,0.5,1,0.75,0.75,0.75,0.75,0.5,1,0.5,0.5,0.75,0.75,0.5,0.75,1,1,0.5,0.5,1,1,0.5,1,0.75,1,0.25,0.25,0.5,0.75,0.75,1,0.5,0.75,1,1,1,1,1,1,1,1,1,1,1,1,1,1,1,0.75,0.25,0.75,0.5,0.75,1,1,0.25,1,1,0.5,0,1,1,0.25,0.5,0.25,0,0,0.5,0.25,0.25,0.25,0.25,0.5,0.25,0.25,0.25,0,0.25,0.25,0.25,0.25,0.5,0.25,0.75,0.25,0.25,0.25,0.25,0,0.25,0.5,0.25,0.25,0.25,0.25,0.25,1,0.5,0.25,0.25,0.5,1,0.5,0.25,0.25,0.25,1,0.5,1,0.5,0.75,0.5,0.5,1,0.75,0.75,0.5,0.5,0.75,0.5,0.75,0.75,0.75,1,0.75,0.5,0.5,0.75,0.25,0.75,0.25,1,0.75,0.75,1,1,0.5,0.5,1,1,1,0.5,0.5,0.5,0.5,0.5,0,0.5,1,1,1,1,1,0.5,0.5,0.5,1,0.5,0.5,0.5,1,0.75
Fivemile Creek,31,38.06638,-120.35368,465,14.3,818,10,45.2,920,6.7,23,388,18,0.5,1,1,0.5,0.5,0.5,0.5,0.5,0.5,1,1,1,0.5,1,1,1,0.5,1,1,1,0.5,1,1,1,1,0.5,1,0,0.5,0.5,0.5,0.5,0.5,0.5,1,0.5,1,1,1,1,1,1,1,0,1,1,1,0,1,1,1,0.5,0,0,0,0,1,0,1,1,0,0,1,0,0,1,1,1,1,1,0,1,1,1,0.5,1,1,1,0,1,0.5,0.5,0.5,0.5,1,1,1,1,1,1,0.5,0,0.5,1,1,0,0,0,1,0,0,1,1,1,1,1,1,0.5,0,1,1,0,0,0,0,0,0,0,0,0,0,0,0,0,0,0,0,0,0,0,0,0,0.5,0,0,0,0,0,0,0.5,0,0,0,0,0,1,0,0,0,0.5,0,0.5,0.5,1,0.5,1,0.5,1,0.5,1,0.5,1,0.5,0,0,1,0.5,0.5,1,1,0.5,0.5,0.5,0.5,0.5,0,0,0,0,0,1,1,1,1,1,1,0.5,0.5,0.5,1,0,1,1,1,1,1,1,1,1,1,0.5,1,1,1,1,1,1,1,1,1,1
Nicasio Creek,32,38.0695,-122.76317,412,13.6,1105,7,37.8,660,8.7,17.5,616,10,0.1,0.5714285714285714,0.6428571428571429,0.5714285714285714,0.5714285714285714,0.5,0.5714285714285714,0.14285714285714285,0.42857142857142855,0.5,0.5,1,0.4166666666666667,0.9285714285714286,0.9285714285714286,1,0.5714285714285714,0.5,0.5714285714285714,0.5,0.42857142857142855,0.5,0.42857142857142855,0.6428571428571429,0.6428571428571429,0.5714285714285714,0.5,0.25,0.42857142857142855,0.16666666666666666,0.42857142857142855,0.2857142857142857,0.2857142857142857,0.35714285714285715,0.3,0.25,0.7857142857142857,0.75,0.6428571428571429,1,1,1,1,0.25,0.14285714285714285,0.16666666666666666,0.25,0.9166666666666666,0.5714285714285714,0.5,0.6428571428571429,0.8571428571428571,0.8571428571428571,0.8571428571428571,0.9,0.8571428571428571,0.5714285714285714,0.8571428571428571,0.8333333333333334,0.5,0.8571428571428571,0.8571428571428571,0.5,0.9285714285714286,0.8571428571428571,1,0.5,0.6428571428571429,0.6666666666666666,0.6,0.42857142857142855,0.8,1,0.9285714285714286,0.8571428571428571,0.8571428571428571,0.8571428571428571,1,0.3,0.21428571428571427,0.2857142857142857,1,1,0.7857142857142857,1,1,1,1,0,0,0.14285714285714285,0,0.35714285714285715,0.14285714285714285,0.6428571428571429,0.8571428571428571,0.9285714285714286,0.9285714285714286,0.3333333333333333,0.9166666666666666,0.7857142857142857,1,1,1,0.21428571428571427,1,1,0.9285714285714286,0.4,0.7857142857142857,1,0.7857142857142857,0.7857142857142857,0.7142857142857143,1,0.6428571428571429,0.75,0.8333333333333334,0.9166666666666666,0.75,0.7142857142857143,0.8571428571428571,0.7857142857142857,0.7142857142857143,0.7142857142857143,0.75,0.7142857142857143,0.9166666666666666,0.7857142857142857,0.7857142857142857,1,0.8333333333333334,0.7142857142857143,0.8333333333333334,0.6428571428571429,0.7142857142857143,0.7142857142857143,0.9166666666666666,0.8571428571428571,0.8333333333333334,0.75,0.6428571428571429,0.7142857142857143,0.6428571428571429,0.7857142857142857,1,0.7857142857142857,0.6666666666666666,0.7857142857142857,0.9285714285714286,1,0.75,0.8333333333333334,0.7857142857142857,0.6428571428571429,1,0.8571428571428571,1,0.7857142857142857,1,0.7857142857142857,0.7857142857142857,0.7857142857142857,0.8571428571428571,0.7857142857142857,0.9166666666666666,0.7857142857142857,0.6428571428571429,0.7857142857142857,0.7142857142857143,0.7857142857142857,0.75,0.75,0.6428571428571429,0.8333333333333334,0.9166666666666666,0.8571428571428571,0.9166666666666666,0.9166666666666666,0.7142857142857143,0.8333333333333334,1,1,0.7142857142857143,0.9285714285714286,0.4166666666666667,0.4166666666666667,0.14285714285714285,0.08333333333333333,0.9166666666666666,0.16666666666666666,1,1,1,1,0.14285714285714285,0.8571428571428571,1,1,0.42857142857142855,0.5,0.7142857142857143,0.7142857142857143,0.5714285714285714,0.7142857142857143,0.5833333333333334,0.6428571428571429,0.8333333333333334,0.6428571428571429,0,0
NF Stanislaus,33,38.3872,-120.21049,1932,8.9,1299,143,38.3,543,1.6,17.3,595,48,0,0,0,0,0,0,0,0,0,0.2,0,1,0.75,0.8,0.8,0.75,0.2777777777777778,0.2777777777777778,0.35,0.35,0.35,0.3,0.3,0.3,0.3,0.3125,0.35,0.95,0.9,0.9,0.95,1,0.95,1,1,0.85,0.15,0.2,0.16666666666666666,1,1,1,1,0.4,0.85,0.85,0.8333333333333334,0.5,0.5,0.5,0.5625,0.85,0.65,0.55,0.45,0.5555555555555556,0.625,0.5625,0.5,0.45,0.6,0.45,0.6875,0.55,0.5625,1,0.3888888888888889,0.5,0.5,0.6111111111111112,0.625,0.25,0.8,1,0,0,0,0.4444444444444444,0.5,0.5555555555555556,0.5,0.2,0.75,0.7,0.8333333333333334,0.95,0.9,0.8888888888888888,0.6666666666666666,0.65,0.9,0.25,0.9444444444444444,0.6111111111111112,0.9,0.5,0.6,0.5,0.65,0.6,0.4,0.75,1,1,0.7,1,1,1,0.5,0.8,1,0.25,0.25,0.3333333333333333,0.3125,0.2,0.25,0.2,0.25,0.2777777777777778,0.3,0.25,0.3333333333333333,0.3333333333333333,0.3,0.42857142857142855,0.25,0.25,0.2,0.35,0.3333333333333333,0.3,0.2777777777777778,0.25,0.3,0.25,0.25,0.3125,0.25,0.4444444444444444,0.3,0.2777777777777778,0.2777777777777778,0.25,0.15,0.75,0.16666666666666666,0.3,0.2222222222222222,0.4,0.2777777777777778,0.45,0.35,0.3125,0.3,1,0.3333333333333333,1,0.4444444444444444,0.9,0.4,0.3125,0.4,0.4,0.4,0.4444444444444444,0.375,0.4444444444444444,0.3888888888888889,0.3888888888888889,0.35,0.7,0.7222222222222222,0.5555555555555556,0.65,0.3888888888888889,0.2,0.35,0.3333333333333333,0.35,0.85,0.8888888888888888,0.8333333333333334,0.85,0.75,0.75,0.75,0.45,0.45,0.9285714285714286,0.4444444444444444,1,1,0.8888888888888888,0.9444444444444444,0.3,0.55,1,1,1,0.875,0.7,1,0.9,0.9,0.9,0.95,0.95,0.9,0.4,0.5
Camp Creek 2,34,38.67988,-120.41679,1427,10.8,1306,71,41,649,3.2,19.5,597,32,0,0.15,0.15,0.16666666666666666,0.1,0.1,0.15,0,0.15,0.05555555555555555,0.05555555555555555,1,0.3888888888888889,0.6,0.5,0.5,0.5,0.5625,0.5,0.5,0.5,0.55,0.5,0.5,0.55,0.45,0.45,0.9,0.95,1,0.95,0.9,0.85,0.9,0.9444444444444444,0.8888888888888888,0.5,0.5,0.5,1,1,1,1,0.3333333333333333,0.8,0.8333333333333334,0.8,0.7142857142857143,0.5,0.4375,0.5,0.9375,0.5,0.6,0.6,0.5,0.6111111111111112,0.6875,0.65,0.5,0.6111111111111112,0.6,0.4444444444444444,0.625,0.7777777777777778,1,0.3888888888888889,0.4,0.625,0.6666666666666666,0.5,0.6111111111111112,0.4,0.8,0,0,0,0.85,0.6,0.4,0.5,0,0.95,1,0.9444444444444444,0.3,0.95,0.9,0.5555555555555556,0.55,0.8,0.5,0.85,0.5555555555555556,0.8,0.1,0.2777777777777778,0.1111111111111111,0.875,0.1,0.1,0.35,1,1,0.95,1,1,0.7,0.45,0.75,1,0.05555555555555555,0.16666666666666666,0.1,0.125,0.05555555555555555,0.1,0.0625,0,0.1111111111111111,0.15,0.1111111111111111,0.21428571428571427,0.0625,0.07142857142857142,0,0.1111111111111111,0.1,0.1,0.1875,0.14285714285714285,0.125,0.5,0.15,0.1,0.1,0.1,0.1111111111111111,0.1111111111111111,0.5,0.1,0.16666666666666666,0.05555555555555555,0.1,0.1,0.8333333333333334,0.1111111111111111,0,0.1,0.5,0.125,0.3888888888888889,0.4444444444444444,0.25,0.45,1,0.3888888888888889,1,0.4375,1,0.4444444444444444,0.3888888888888889,0.5,0.4,0.4,0.4444444444444444,0.3333333333333333,0.45,0.45,0.5,0.3333333333333333,0.5555555555555556,0.6,0.55,0.55,0.0625,0.1,0.05,0.1111111111111111,0.1111111111111111,1,1,1,1,1,0.6666666666666666,0.8125,0.85,0.7777777777777778,0.2,0.8888888888888888,1,1,1,1,0,0.2,1,0.95,1,0.85,0.6875,0.9444444444444444,0.9,0.95,0.9,0.8,0.85,0.9,0.5714285714285714,0.85
Wrights Road,35,38.7854,-120.21366,1643,8.6,1150,138,37.9,549,1.4,16.9,484,50,0,0,0,0,0,0,0,0,0,0.0625,0,1,0.1875,0.9285714285714286,0.9375,0.8125,0.875,0.8125,0.875,0.875,0.75,0.75,0.8125,0.75,0.75,0.75,0.75,0.875,0.8125,0.8125,0.8125,1,0.9375,0.9285714285714286,0.875,0.8571428571428571,0,0.5625,0.5,1,1,1,1,0.6428571428571429,0.8125,0.8571428571428571,0.9375,0.875,0.1875,0.1875,0.125,1,1,0.8125,0.875,0.9375,0.125,0.875,0.1875,0.125,0.875,0.875,0.14285714285714285,0.9375,0.875,1,0.25,0,0.07142857142857142,0.14285714285714285,0.875,0,0.9375,1,0,0,0,1,0.14285714285714285,0.125,0.25,0.5,0.8571428571428571,0.75,0.9375,0.9375,1,0.9375,0,0,0.7857142857142857,0,0.8571428571428571,0,0.6875,0.1875,0.07142857142857142,0.1875,1,0,0.25,0.8125,1,1,1,1,1,0.9375,0.07142857142857142,0.9375,1,0,0,0,0,0,0,0,0,0,0,0,0,0,0,0,0,0,0,0,0,0,0.14285714285714285,0,0,0,0,0.0625,0,0.25,0,0,0,0,0,0.6666666666666666,0,0,0,0.1875,0,0,0.1875,0,0,1,0,0.875,0,0.9375,0,0.1875,0.1875,0,0.25,0.1875,0.1875,0.14285714285714285,0,0,0.25,0.7142857142857143,0.4375,0.5,0.2857142857142857,0.25,0.0625,0.1875,0.14285714285714285,0.25,1,1,1,1,1,0.25,0.0625,0.6875,0.625,0.5,1,1,1,1,1,0.5,0.1875,0.9375,1,1,0.8125,0.875,1,1,1,1,1,1,1,1,0.8125
Creek to Rubicon,36,38.92881,-120.49947,1330,11.3,1447,58,40.7,604,3.9,19.8,690,36,0,0.05555555555555555,0.05555555555555555,0.1111111111111111,0.1111111111111111,0.1111111111111111,0.1111111111111111,0,0,0.05555555555555555,0.0625,1,0.5,0.8888888888888888,0.9444444444444444,0.6666666666666666,0.6875,0.8125,0.875,0.8125,0.6666666666666666,0.8125,0.75,0.875,0.875,0.7777777777777778,0.9285714285714286,0.5,0.5625,0.625,0.5625,0.6666666666666666,0.625,0.5555555555555556,0.5555555555555556,0.5555555555555556,0.16666666666666666,0.16666666666666666,0.16666666666666666,1,1,1,1,0.2222222222222222,0.8888888888888888,0.7777777777777778,0.8888888888888888,1,0,0,0,1,1,1,1,1,0,1,0.0625,0,1,1,0,1,1,1,0,0,0,0,1,0,0.25,0.8888888888888888,0,0,0,1,0.25,0.3333333333333333,0.3888888888888889,0.3333333333333333,0.9444444444444444,0.9444444444444444,0.8571428571428571,0.9375,0.6875,0.6428571428571429,0.6111111111111112,0.5555555555555556,0.5625,0.05555555555555555,0.4444444444444444,0.6111111111111112,0.5,0.6111111111111112,0.625,0.6875,0.6875,0.5555555555555556,0.5,0.7222222222222222,1,1,0.7142857142857143,1,1,1,0.3333333333333333,1,1,0,0,0,0,0,0,0,0,0,0,0,0,0,0,0,0,0,0,0,0,0,0.375,0,0,0,0,0,0,0.2,0,0,0,0,0,0.8571428571428571,0,0,0,0.375,0,0.3333333333333333,0.1875,0.3333333333333333,0.3333333333333333,1,0.2857142857142857,1,0.5,1,0.375,0.3125,0.4444444444444444,0.5,0.4375,0.3125,0.25,0.4375,0.25,0.2857142857142857,0.25,0.7222222222222222,0.5714285714285714,0.5555555555555556,0.6875,0.2,0.16666666666666666,0.1111111111111111,0.1111111111111111,0.1111111111111111,0.7777777777777778,0.8125,0.8333333333333334,0.9285714285714286,0.8888888888888888,0.4375,0.625,0.9375,0.9444444444444444,0.6111111111111112,0.6875,1,1,1,1,0,0.2777777777777778,1,0.9444444444444444,1,0.8333333333333334,0.5555555555555556,0.9444444444444444,0.9444444444444444,1,1,0.9444444444444444,0.9375,1,0.8333333333333334,0.8333333333333334
Duncan Creek,37,39.12205,-120.49242,1535,9.2,1639,171,38.9,551,1.7,17.7,779,41,0.16666666666666666,0.1,0.1,0.1,0.1,0.1,0.1111111111111111,0.1,0.05,0.42857142857142855,0.15,1,0.05555555555555555,1,1,1,0.7,0.65,0.7,0.85,0.75,0.75,0.7777777777777778,0.7,0.7,0.85,0.8,0.85,1,0.9,0.9,0.8,0.85,0.95,0.9,0.9444444444444444,0,0.1,0.1,1,1,1,1,0.1,0.3888888888888889,0.3888888888888889,0.5555555555555556,0.95,0.4444444444444444,0.2222222222222222,0.35,0.95,0.9444444444444444,0.9,0.9,0.8,0.2,0.8333333333333334,0.35,0.35,0.9,0.95,0.35,0.85,0.875,0.8888888888888888,0.2777777777777778,0.35,0.5555555555555556,0.6666666666666666,0.9,0.45,0.3,0.65,0,0,0,0.7222222222222222,0.85,0.6666666666666666,0.65,0.2222222222222222,1,0.85,1,1,1,1,0.5625,0.5625,0.5555555555555556,0.4,0.75,0.55,0.8333333333333334,0.9166666666666666,1,0.95,0.95,0.8,0.75,0.9,1,1,0.2222222222222222,1,1,1,0.25,1,1,0.35,0.45,0.4,0.3333333333333333,0.35,0.35,0.4444444444444444,0.3888888888888889,0.3333333333333333,0.3888888888888889,0.5,0.4,0.35,0.4444444444444444,0,0.3333333333333333,0.45,0.3,0.4444444444444444,0.5,0.5,0.5,0.3888888888888889,0.375,0.3,0.4444444444444444,0.45,0.125,0.4,0.45,0.3,0.35,0.4,0.3888888888888889,0.75,0.21428571428571427,0.25,0.375,0.4,0.3125,0.0625,0.05555555555555555,0.05555555555555555,0.05,1,0.05555555555555555,1,0.5,1,0.4,0.45,0.4,0.5,0.45,0.3888888888888889,0.5,0.4375,0.55,0.4,0.4,0.35,0.375,0.5555555555555556,0.5,0.42857142857142855,0.5,0.4,0.3333333333333333,0.4,0.6428571428571429,0.7222222222222222,0.7,0.7222222222222222,0.7142857142857143,0.65,0.7222222222222222,0.65,0.6666666666666666,0.8,1,1,1,1,1,0.1,0,1,1,1,0.8,0.95,0.95,0.95,1,0.9444444444444444,0.95,1,1,0.2857142857142857,0.35
Fiddle Creek,38,39.5204,-120.99815,700,13.2,1676,34,42.8,713,5.4,21.7,832,32,0,0.25,0.25,0.5,0.5,0.5,0.5,0,0.25,1,0.25,1,0,1,1,1,0.5,0.25,0.25,0.25,0.25,0.25,0.25,0.5,0.25,0.25,0,0.5,0.5,0.5,0.5,0.5,0.5,0.5,0.5,0.5,0.25,1,1,1,1,1,1,0,1,1,1,0.75,0.25,0.25,0.25,1,0.75,0.75,0.75,1,0.25,0.75,1,0.25,0.75,0.75,0.25,0.75,0.75,1,0.25,0.5,0.5,0.75,0.75,0.75,0.5,1,0,0,0,1,0,0,0,0.25,1,1,1,1,1,1,0.25,0.25,1,0,1,0.5,1,0,0,0,1,0,0,0.5,1,1,1,1,1,1,1,1,1,0.25,0.25,0.25,0.5,0.5,0.5,0.25,0.25,0.5,0.25,0.25,0.25,0.25,0,0.5,0.25,0.25,0.5,0.25,0.25,0,0.5,0.5,0.5,0,0.25,0.5,0.5,0.5,0.25,0.5,0.5,0.5,0.25,1,0.25,0.25,0.25,0.25,0.5,0.25,0.25,0,0.5,1,0.25,1,0.5,0.75,0.5,0.25,0.25,0.25,0.25,0.25,0.25,0.25,0.5,0.25,0,0.5,0.5,0.5,0.5,1,0.75,0.75,0.5,0.5,1,1,1,1,1,1,1,0.75,0.5,0.75,1,1,1,1,1,0,0,1,1,1,1,1,0.5,0.5,0.5,0.5,0.5,0.5,0.5,0.5,1
Cherokee Creek,39,39.55384,-120.98785,1297,11.7,1863,57,40,584,4.6,20,908,41,0.2222222222222222,0.4444444444444444,0.3333333333333333,0.45,0.3,0.3,0.25,0.2222222222222222,0.5,0.6666666666666666,0.45,0.9,0.25,0.8,0.7222222222222222,0.7,0.45,0.4,0.3888888888888889,0.35,0.35,0.3888888888888889,0.4375,0.4,0.4,0.5,0.45,0.65,0.65,0.5,0.5555555555555556,0.5555555555555556,0.5,0.8,0.625,0.5,0.4,0.6666666666666666,0.6666666666666666,1,1,1,1,0.2,0.6,0.6,0.65,0.55,0.5,0.45,0.5,0.85,0.7142857142857143,0.55,0.55,0.6,0.5,0.5,0.5,0.5,0.55,0.6,0.5,0.6,0.55,0.8888888888888888,0.45,0.5,1,0.95,0.6,0.75,0.45,0.7,0.15,0.2,0.1875,0.8,0.5,0.35,0.4444444444444444,0.3888888888888889,1,0.95,0.85,0.95,0.85,0.85,0.7,0.625,0.875,0.2,0.85,0.65,0.95,0.5,0.7222222222222222,0.45,0.7,0.35,0.45,0.7,1,1,0.8333333333333334,0.95,0.95,1,0.25,0.65,0.9,0.25,0.3,0.3,0.3125,0.3888888888888889,0.3333333333333333,0.3125,0.3125,0.3333333333333333,0.3888888888888889,0.35,0.3333333333333333,0.2777777777777778,0.35,0.3333333333333333,0.3333333333333333,0.3,0.3,0.3888888888888889,0.3125,0.2777777777777778,0.35,0.3333333333333333,0.3333333333333333,0.3,0.3,0.3,0.3888888888888889,0.3888888888888889,0.25,0.3333333333333333,0.3,0.3,0.3333333333333333,0.9285714285714286,0.25,0.3,0.2777777777777778,0.35,0.3,0.25,0.25,0.25,0.25,0.8125,0.2222222222222222,1,0.35,0.55,0.2,0.3888888888888889,0.35,0.3888888888888889,0.3888888888888889,0.35,0.35,0.3888888888888889,0.35,0.3888888888888889,0.35,0.35,0.3888888888888889,0.2777777777777778,0.3888888888888889,0.6111111111111112,0.6111111111111112,0.65,0.7,0.65,0.9,0.9444444444444444,0.9,0.9444444444444444,1,0.5,0.5,1,0.95,0.75,0.65,0.8888888888888888,0.85,0.95,1,0.16666666666666666,0.35,1,0.95,0.8,0.8888888888888888,0.9,0.5,0.5,0.5,0.5,0.45,0.55,0.45,0.5,0.75
Little North Fork Middle Fork Feather,40,39.71209,-121.27485,955,13,1804,31,41.4,626,5.9,21.3,899,38,0,0.5,0.4,0.5,0.5,0.5,0.5,0,0.4,0.7,0.5,1,0.625,0.8,0.8,0.3,0.7,0.8,0.8,0.6,0.8,0.6,0.6,0.6,0.6,0.6,0.5,0.6,0.7,0.5,0.5,0.5,0.5,0.6,0.5,0.5,0.125,0.2,0.2,1,1,1,1,0.6,0.8,0.8,0.8,0.4,0.7,0.75,0.6,0.8,0.25,0.6,0.5,0.7,0.6,0.5,0.8,0.7,0.375,0.6,0.5,0.5,0.5,1,0.6,0.6,0.5,0.75,0.7,0.4,0.4,0.5,0.4,0.4,0.4,0.8,0.625,0.5,0.6,0.7,0.8,0.7,0.9,0.9,0.9,1,0.2,0.2,0.6,0,0.6,0.3,0.8,0.7,0.6,0.7,0.7,0.6,0.6,0.5,1,1,1,0.9,0.9,1,0.625,0.8,0.9,0.2,0.3,0.125,0.3,0.3,0.3,0.25,0.3,0.3,0.3,0.2,0.2,0.375,0.2,0.2,0.1,0.2,0.2,0.3,0.2,0.3,0.4,0.3,0.375,0.125,0.125,0.25,0.4,0.4,0.4,0.3,0.1,0.1,0.1,0.875,0.3,0,0.2,0.2,0.16666666666666666,0.3,0.3,0.375,0.2,1,0,0.9,0.2,0.6,0,0,0.2,0.125,0.375,0.25,0.375,0.6,0.25,0.4,0.3,0.125,0.25,0.3,0.125,0.25,0.3,0.25,0.4,0.4,1,1,1,1,1,0.5,0.5,0.7,0.6,0.6,0.7,1,1,1,0.8,0.125,0.5,0.8,0.9,0.9,0.6,0.9,0.3,0.3,0.3,0.4,0.3,0.3,0.375,1,1
South Fork,41,39.74001,-123.63228,407,11.9,2022,27,39.8,557,6.7,17.6,1013,30,0,0,0,0,0,0,0,0,0,0.25,0,1,0.5,0.875,0.8333333333333334,0.625,0.375,0.3333333333333333,0.25,0.25,0.25,0.25,0.25,0.375,0.375,0.5,0.25,0.875,1,1,1,1,1,1,1,1,0.25,0.125,0.125,1,1,1,1,0.625,0.5,0.5,0.5,1,0.625,0.625,0.625,1,1,1,1,0.6666666666666666,0.6666666666666666,0.875,0.625,0.625,1,1,0.625,1,0.75,0.75,0.75,0.75,0.5,0.625,0.75,0.375,0.625,1,1,0.875,0.875,1,0.25,0.3333333333333333,0.25,0,0.6666666666666666,0.875,0.25,1,0.375,0.25,0.25,0.16666666666666666,0.375,0,0.25,0.125,1,0.375,0.875,0.5,0.625,0.375,0.5,0.75,1,0.625,0.5,1,0.6666666666666666,0.875,0.625,0.75,1,0,0,0,0,0,0,0,0,0,0,0,0,0,0,0,0,0,0,0,0,0,0,0,0,0,0,0,0,0,0,0,0,0,0,1,0,0,0,0,0,0,0,0,0,1,0,1,0,0,0,0,0,0,0,0,0,0,0,0,0,0,0,0,0,1,1,1,1,1,0.875,0.75,0.8333333333333334,0.75,0.75,0.6666666666666666,0.625,0.625,0.625,0.625,0.875,1,1,1,1,0,1,1,1,0.6666666666666666,0.25,0.875,0,0,0,0,0,0,0,0.125,0.125
North Feather (Chip's Creek),42,39.99982,-121.26988,677,11.7,1181,43,41.6,701,4,20.4,565,35,0.4,0.5555555555555556,0.5555555555555556,0.45,0.4444444444444444,0.4444444444444444,0.5,0.4444444444444444,0.4,0.9375,0.4444444444444444,1,0,0.75,0.75,0.8125,0.55,0.375,0.35,0.3888888888888889,0.4,0.3333333333333333,0.2777777777777778,0.5,0.45,0.3888888888888889,0.45,0.1111111111111111,0.25,0.25,0.2,0.25,0.1111111111111111,0.9,0.2777777777777778,0.15,0.2,0.3,0.16666666666666666,1,1,1,1,0.6,1,1,1,0.5,0.6875,0.65,0.65,1,1,0.3888888888888889,0.4,0.45,0.65,0.4,0.7777777777777778,0.7,0.5,0.5555555555555556,0.65,0.35714285714285715,0.5,1,0.65,0.7,0.7142857142857143,0.7222222222222222,0.3,0.2,0.05,0.7,0.375,0.2777777777777778,0.25,1,0,0,0,0,1,1,1,1,1,1,0.7777777777777778,0.7222222222222222,0.95,0,1,0.7,1,0.7222222222222222,0.7222222222222222,0.6666666666666666,0.95,0.7,0.65,0.75,1,0.8888888888888888,0.3333333333333333,1,0.9,1,0.3,1,1,0.1111111111111111,0.2,0.2,0.14285714285714285,0.16666666666666666,0.16666666666666666,0.125,0.15,0.15,0.2222222222222222,0.2222222222222222,0.5,0.2,0.25,0.15,0.15,0.1111111111111111,0.15,0.15,0.125,0.15,0.16666666666666666,0.2222222222222222,0.2222222222222222,0.2,0.15,0.25,0.1875,0.2,0.125,0.15,0.15,0.15,0.2,0.95,0.15,0.0625,0.2,0.2,0.2,0.15,0.15,0.15,0.2,1,0.25,1,0.15,0.16666666666666666,0.1111111111111111,0.15,0.2,0.15,0.15,0.1111111111111111,0.2,0.16666666666666666,0.1,0.15,0.15,0.15,0.1,0.2,0.2,0.8125,0.6,0.55,0.65,0.65,0.9,0.9,1,0.9,0.9,0.15,0.15,0.7777777777777778,0.7222222222222222,1,1,1,1,1,1,0.5,0.8125,1,1,1,0.2,0.8888888888888888,0.6666666666666666,0.7222222222222222,0.65,0.65,0.6,0.8,0.65,1,1
Bear Creek,43,40.43141,-123.98378,29,12.2,1266,10,36.9,508,7.8,16.6,606,26,0,0.3,0.375,0.5,0.3,0.3,0.3,0,0.3,0.3,0.3,1,0,0.9,0.8,0.7,0,0,0,0,0,0,0,0,0,0,0,0.9,1,0.9,1,0.9,0.9,0.9,1,0.9,0.4,0.6,0.5,1,1,1,1,0.5,0.5,0.4,0.5,0.5,1,1,1,0.7,0.8,0.8,0.6,0.7,1,0.7,1,1,0.7,0.8,1,0.6,0.6,1,1,1,1,1,0.1,0.6,0.25,1,0.6,0.4,0.4,1,0.7,0.7,0.8,0,0.9,0.6,0.6,1,0.6,0.4,0,0,0,0,0,0,0.3,0.5,1,0.5,0.5,0.5,0.375,0.625,1,0.6,0.4,1,0.6,0.9,0.8,0.9,1,0,0,0,0,0,0,0,0,0,0,0,0,0,0,0,0,0,0,0,0,0,0.1,0,0,0,0,0,0,0,0,0,0,0,0.1,1,0,0,0,0,0,0,0,0,0,1,0,1,0,0,0,0,0,0,0,0,0,0,0,0,0,0,0,0,0,1,1,1,1,1,1,1,1,1,1,1,1,1,1,0.4,0.9,1,1,1,1,0,0.8,1,0.7,0.9,0.3,1,0,0,0,0,0,0,0,0.8333333333333334,0.8
Trinity,44,40.65827,-122.91334,502,12.2,914,30,42.6,824,4.3,20.9,443,28,0,0,0,0,0,0,0,0,0,0.5,0,1,0,1,1,1,1,0.75,0.75,0.75,0.5,0.75,0.75,0.75,0.75,0.75,1,1,1,1,1,1,0.75,1,1,1,0.5,0.5,0.5,1,1,1,1,0,1,1,1,0.75,1,1,1,1,1,0.5,1,0.5,1,0.5,1,1,0.75,1,1,0.75,0.5,0.75,1,1,1,1,0.5,1,0.5,0.5,0.5,0.5,0.5,1,0.5,0.5,0.5,0.75,1,1,1,1,1,1,0,0,0,0,0,0,1,1,1,1,0,1,1,1,1,0,0,1,0,1,0,0.75,1,1,0.75,0.75,1,0.5,1,0.75,0.75,0.75,0.75,1,0.5,1,0.75,0.5,0.75,0.75,0.75,1,0.75,0.5,0.75,0.75,1,0.75,0.75,0.75,1,1,1,0.75,0.5,0.5,0.75,1,0.75,0.75,1,0.75,1,1,1,0.75,0.75,1,0.75,1,0.75,1,0.75,0.75,0.75,0.75,0.75,0.75,0.75,0.75,0.75,0.75,0.75,0.75,0.75,0.75,0.75,0.75,0.75,0.75,0.75,0.75,1,1,1,1,1,0,0,0,0,1,0.5,1,1,1,1,0.25,1,0.75,1,0.75,0,1,0.25,0,0.25,0.25,0.25,0.5,0.5,1,1
Slate Creek,45,41.25024,-123.64343,334,13.6,1457,17,43.6,726,6.7,21.1,692,38,0,0.25,0.3333333333333333,0.375,0.25,0.25,0.25,0,0.375,0.25,0.25,1,0,0.75,0.75,0.75,0.75,0.75,0.625,0.625,0.625,0.75,0.75,0.625,0.625,0.625,0.5,0.875,1,0.875,0.75,0.8333333333333334,0.625,0.8333333333333334,0.75,0.75,0.25,0.25,0.25,1,0.875,0.875,0.875,0.5,0.875,0.75,0.75,0.75,0.875,0.875,0.875,1,0.75,0.875,0.75,0.5,0.875,0.5,0.875,0.875,0.875,1,1,0.875,0.625,1,0.875,1,0.875,1,0.5,0.875,0.75,0.875,0.875,0.75,0.75,1,0,0.16666666666666666,0.125,0.25,0.625,0.875,1,1,0.75,0.75,0.5,0.5,0.75,0,0.75,0.5,0.75,0.875,0.875,0.75,0.25,0.875,0.875,1,1,0,0.3333333333333333,1,0.25,1,0.16666666666666666,0.875,1,0,0,0,0,0,0,0,0,0,0,0,0,0,0,0,0,0,0,0,0,0,0,0,0,0,0,0,0,0,0,0,0,0,0,1,0,0,0,0,0,0,0,0,0.16666666666666666,1,0,1,0,0,0,0,0,0,0,0,0,0,0.125,0,0,0,0,0,0,1,1,1,1,1,1,1,1,1,1,0.5,0.5,1,1,0.375,0.75,1,1,1,1,0,1,1,0.75,1,0.625,0.875,0.375,0.3333333333333333,0.25,0.6666666666666666,0.5,0.375,0.375,1,1
Salmon River 2,46,41.2969,-123.36034,332,13.6,1182,26,44.5,802,5.2,22.4,582,29,0.5833333333333334,0.5625,0.625,0.75,0.5,0.5,0.5,0.6875,0.5625,0.8333333333333334,0.5625,1,0.25,0.5625,0.4375,0.2857142857142857,0.875,0.8125,0.8125,0.8125,0.8571428571428571,0.875,0.8571428571428571,0.8125,0.8125,0.875,0.8125,0.875,1,0.875,0.875,0.875,0.875,0.875,0.875,0.8125,0.0625,0.1875,0.1875,0.9375,0.9375,0.9375,0.9375,0.625,0.8125,0.875,0.8125,0.8125,0.9375,0.875,0.9375,0.875,0.8571428571428571,0.75,0.8125,0.5,0.875,0.5,0.9375,0.875,0.875,0.8125,0.9285714285714286,0.8125,0.25,0.625,0.9285714285714286,0.9375,0.875,0.8125,0.5625,0.9285714285714286,0.1875,1,0.8125,0.75,0.8125,1,0.0625,0.07142857142857142,0.0625,0.125,0.875,0.625,0.8125,1,0.875,0.875,0.375,0.35714285714285715,0.6875,0.25,0.8125,0.42857142857142855,0.9375,0.875,0.9375,0.9375,0.1875,0.875,1,1,1,0.4375,0.1875,1,0.3125,1,0.375,1,1,0.4375,0.4375,0.4375,0.5,0.375,0.4166666666666667,0.5,0.35714285714285715,0.375,0.5,0.4375,0.375,0.5,0.3125,0.5,0.375,0.4375,0.3125,0.5,0.375,0.5,0.25,0.42857142857142855,0.42857142857142855,0.4375,0.375,0.5,0.4375,0.42857142857142855,0.4375,0.375,0.3125,0.35714285714285715,0.4375,1,0.4375,0.375,0.375,0.375,0.5,0.375,0.625,0.3125,0.4375,1,0.4375,1,0.3125,0.875,0.375,0.5,0.4375,0.4375,0.4375,0.375,0.3125,0.35714285714285715,0.625,0.3125,0.375,0.35714285714285715,0.75,0.3125,0.3125,0.8125,0.8125,0.7142857142857143,0.8125,0.875,1,1,1,1,1,0.3125,0.375,0.875,1,0.3125,0.8125,1,1,0.9375,1,0.07142857142857142,0.7142857142857143,0.8571428571428571,0.875,0.9375,0.4375,0.875,0.3125,0.35714285714285715,0.21428571428571427,0.21428571428571427,0.25,0.25,0.35714285714285715,0.5,0.875
Smith River,47,41.87876,-123.82774,320,11.6,2004,52,41,581,4.9,19.3,941,54,0,0,0,0,0,0,0,0,0,0,0,1,0,0.125,0.3,0.2,0.9,0.9,1,1,1,0.9,0.9,1,0.9,0.9,0.9,0.9,1,1,1,1,1,1,1,1,0.2,0.1,0.1,1,1,1,1,0.7,0.9,0.9,0.9,0.8,0.3,0.25,0.4,0.9,0.6,0.7,0.7,0.7,0.3,0.875,0.5,0.3,0.7,0.7,0.3,0.7,0.7,1,0.4,0.3,0.4,0.2,0.7,0.3,0.3,0.4,0.7,0.7,0.7,1,0.3,0.2,0.2,0,1,0.4,0.9,0.9,0.7,0.9,0.5,0.5,0.6,0,0.75,0.4,1,0,0.4,0,1,0,0,0.5,1,1,1,1,1,1,1,0.8,1,0.2,0.2,0.2,0.3,0.3,0.25,0.2,0.25,0.2,0.3,0.2,0.25,0.3,0.2,0.2,0.3,0.2,0.2,0.1,0.2,0.375,0.2,0.3,0.2,0.4,0.1,0.3,0.3,0.4,0.2,0.16666666666666666,0.3,0.3,0.2,1,0.2,0.3,0.1,0.2,0.125,0.3,1,0.1,0.2,1,0.1,1,0.1,0.4,0.2,0.375,0.1,0.2,0.2,0.3,0.3,0.125,0.5,0.2,0.125,0.375,0.3,0.3,0.125,1,1,1,1,1,1,1,1,1,1,0.8333333333333334,0.7,0.8,0.9,0.625,0.8,1,1,1,1,0.4,0.875,0.7,1,1,0.375,0.875,0.5,0.5,0.375,0.4,0.75,0.4,0.25,1,1
Carberry Creek,48,42.05383333,-123.1629,685,10.5,760,36,39.7,652,3.3,18.6,344,54,0,0,0,0,0,0,0,0,0,0.07142857142857142,0,1,0.6428571428571429,0.6666666666666666,0.6666666666666666,0.5714285714285714,0.9166666666666666,0.7857142857142857,0.7142857142857143,0.7857142857142857,0.7142857142857143,0.9285714285714286,0.8571428571428571,0.8571428571428571,0.7857142857142857,0.7857142857142857,0.7857142857142857,1,1,1,1,1,1,1,1,1,0.35714285714285715,0.16666666666666666,0.16666666666666666,1,1,1,1,0,0.5,0.25,0.42857142857142855,1,0.42857142857142855,0.5714285714285714,0.42857142857142855,1,1,1,1,0.6666666666666666,0.6428571428571429,0.9285714285714286,0.5,0.35714285714285715,1,1,0.35714285714285715,1,0.8333333333333334,0.7142857142857143,0.3,0.3,0.7142857142857143,0.5,0.8571428571428571,0.5833333333333334,0.21428571428571427,0.14285714285714285,0.2857142857142857,0.2857142857142857,0.35714285714285715,1,0.25,0.21428571428571427,0.3333333333333333,0,1,0.14285714285714285,1,1,1,1,0.5,0.4166666666666667,0.5,0,0.42857142857142855,0.42857142857142855,0.5714285714285714,0.6,1,0.5,0.5,0.5,0.9166666666666666,1,0.7142857142857143,0.5,0.3333333333333333,0.7142857142857143,0.5714285714285714,1,0.8571428571428571,0.8571428571428571,1,0.16666666666666666,0.14285714285714285,0.14285714285714285,0.1,0.16666666666666666,0.16666666666666666,0.14285714285714285,0.16666666666666666,0.14285714285714285,0.21428571428571427,0.2,0.14285714285714285,0.21428571428571427,0.08333333333333333,0.1,0.21428571428571427,0.21428571428571427,0.25,0.14285714285714285,0.14285714285714285,0.25,0.14285714285714285,0.21428571428571427,0.14285714285714285,0.07142857142857142,0.14285714285714285,0.14285714285714285,0.2,0.07142857142857142,0.21428571428571427,0.21428571428571427,0.14285714285714285,0.07142857142857142,0.21428571428571427,0.6666666666666666,0.14285714285714285,0.16666666666666666,0.21428571428571427,0.21428571428571427,0.3,0.14285714285714285,0.2857142857142857,0.14285714285714285,0.21428571428571427,1,0.14285714285714285,1,0.21428571428571427,0.7142857142857143,0.14285714285714285,0.3333333333333333,0.07142857142857142,0.14285714285714285,0.16666666666666666,0.2857142857142857,0.21428571428571427,0.14285714285714285,0.35714285714285715,0.21428571428571427,0.21428571428571427,0.14285714285714285,0.3333333333333333,0.14285714285714285,0.25,0.75,0.7857142857142857,0.5,0.5833333333333334,0.7142857142857143,1,1,1,1,1,0.5833333333333334,0.5,1,1,0.7857142857142857,0.4166666666666667,1,1,1,1,0,0.7857142857142857,0.5,0.42857142857142855,1,0.8571428571428571,1,0.5714285714285714,0.9166666666666666,0.9285714285714286,0.9285714285714286,0.8571428571428571,0.8571428571428571,0.8571428571428571,0.75,0.6428571428571429
North Fork Silver Creek,49,42.53529,-123.73016,920,10,1656,75,37.9,444,4,17.2,734,63,0,0,0,0,0,0,0,0,0,0,0,1,0,0,0,0,0.35,0.3,0.3,0.25,0.3,0.25,0.375,0.3,0.3,0.3,0.25,1,1,1,1,1,1,1,1,1,0,0,0,0.6666666666666666,0.75,0.8,0.65,0.45,0.75,0.8,0.85,0.95,0.25,0.375,0.25,1,0.95,0.9444444444444444,0.95,0.7,0.25,0.75,0.2222222222222222,0.3,0.9,0.95,0.3,0.95,0.7777777777777778,0.85,0.3,0.25,0.25,0.25,1,0.2,0.1,0.3,0.6,0.6,0.625,1,0,0,0,0,0.7777777777777778,0.5,0.9,1,0.85,0.9285714285714286,0.1,0.1,0.35,0.1,0.4444444444444444,0.05,0.85,0.5833333333333334,0.6666666666666666,0.55,0.65,0.6,0.6,0.7,1,0.65,0.7,1,0.65,1,0.9,0.45,1,0,0,0,0,0,0,0,0,0,0,0,0,0,0,0,0,0,0,0,0,0,0.05,0,0,0,0,0.05,0,0,0,0,0,0,0,1,0,0,0,0.05,0,0,0.05,0,0,1,0,0.95,0,0.05,0,0.1,0.05555555555555555,0,0.16666666666666666,0.1,0.1,0.05555555555555555,0,0,0.05,0.05,0.05555555555555555,0.05,0.1,0.95,0.95,0.95,0.95,0.95,0.95,0.95,0.95,0.95,0.95,0.5,0.5,1,1,0.1,1,1,1,1,1,0,0.9,0.6666666666666666,1,1,0.65,0.5,0.5,0.5,0.6666666666666666,0.5,0.45,0.5,0.45,1,1
Shasta Costa Creek,50,42.57281,-124.04742,289,12.5,2180,30,41,510,6.5,19.1,1035,61,0,0,0,0,0,0,0,0,0,0,0,1,0,0,0,0,0,0,0,0,0,0,0,0,0,0,0,1,1,1,1,1,1,1,1,1,0,0,0,1,1,1,1,1,1,1,1,1,0,0,0,1,1,1,1,1,0,1,0,0,1,1,0,1,1,1,0,0,0,0,1,0,0,0,0.8333333333333334,0.5,0.75,1,0,0,0,0,0.3333333333333333,0.3333333333333333,0.6666666666666666,1,0.5,0.8333333333333334,0,0,1,0,1,0,1,0,0.3333333333333333,0,1,0,0,0.16666666666666666,1,1,1,1,1,1,0.8333333333333334,0.3333333333333333,1,0,0,0,0,0,0,0,0,0,0,0,0,0,0,0,0,0,0,0,0,0,0,0,0,0,0,0.16666666666666666,0,0,0,0,0,0,0,1,0,0,0,0,0,0,0,0,0,1,0,1,0,0,0,0,0,0,0,0,0,0,0,0,0,0,0,0,0,1,1,1,1,1,1,0.6666666666666666,0.6666666666666666,0.6666666666666666,0.8333333333333334,0.6666666666666666,0.6666666666666666,1,1,0.16666666666666666,1,1,1,1,1,0,1,0.16666666666666666,1,1,0,1,0,0,0,0,0,0,0,1,1
Cow Creek,51,42.92653,-123.48479,884,10.8,1046,32,39.3,515,4.7,17.9,461,55,0,0,0,0,0,0,0,0,0,0,0,1,0,0,0,0,1,0.5,1,1,0.5,1,0.5,0,0,1,0.5,1,1,1,1,1,1,1,1,1,0,0,0,1,1,1,1,0,1,0.5,0.5,1,0.5,0.5,0.5,1,1,1,1,0.5,0,1,0.5,0.5,1,1,1,1,0.5,1,0.5,1,0.5,0.5,1,1,0,0.5,0.5,0.5,1,1,0,0,0,0,0,0.5,1,1,0.5,1,0,0,1,0,1,0,1,0,0,0,1,0,0,0.5,1,1,1,1,1,1,1,0,1,0,0,0,0,0,0,0,0,0,0,0,0,0,0,0,0,0,0,0,0,0,0,0,0,0,0,0,0,0,0,0,0,0,0,1,0,0,0,0,0,0,0,0,0,1,0,1,0,0,0,0,0,0,0,0,0,0,0,0,0,0,1,0,0,1,1,1,1,1,1,1,1,1,1,0,0,1,1,0,1,1,1,1,1,0,1,0.5,1,1,0,1,0,0,0,0,0,0,0,1,1
Honey Creek,52,43.30581667,-122.95505,273,10.9,1351,42,39.6,489,4.4,18.2,565,81,0,0,0,0,0,0,0,0,0,0,0,1,0,0,0,0,0,0,0,0,0,0,0,0,0,0,0,1,1,1,1,1,1,1,1,1,0,0,0,0.25,0.25,0.5,0,0,1,1,1,1,0.75,0.75,0.75,1,1,1,1,0.25,0.75,0.5,0.5,0.5,1,1,0.75,1,0,0.75,0.75,1,0.75,0.75,1,0.75,0,0.25,1,1,1,1,0,0,0,0,0.75,0.25,1,1,0.75,0.5,0,0,1,0,1,0,1,0,0,0,1,0,0,0,1,1,1,1,1,1,1,0,1,0.25,0.5,0.5,0.25,0.5,0.25,0.5,0.5,1,0.25,0.25,0.25,0.25,0.5,0,0.25,0.5,0.25,0.75,0.5,0.25,0,0.5,0.75,0.25,0.25,0.5,0.5,0.25,0.25,0.5,0.25,0.25,0.25,1,0.25,0.25,0.25,0.25,0.5,0.25,0.5,0.25,0.25,1,0.5,1,0.5,0.25,0.25,0.25,0.25,0.25,0.5,0.25,0.25,0.25,0.25,0,0,0.25,0,0.5,0,1,1,1,1,1,1,1,1,1,1,0,0,1,1,0.25,1,1,1,1,1,0,1,0,0.5,1,0.5,1,0,0,0,0,0,0,0,1,1
North Fork Umpqua,53,43.3282,-123.0154,225,11.1,1245,35,40.1,523,4.6,18.2,526,73,0,0,0,0,0,0,0,0,0,0,0,1,0,0,0,0.25,0.5,0.5,0.3333333333333333,0.3333333333333333,0.5,0.25,0.25,0.3333333333333333,0.3333333333333333,0.3333333333333333,0.5,1,1,1,1,1,1,1,1,1,0,0,0,0.6666666666666666,0.75,0.5,0.6666666666666666,0.5,0.8333333333333334,1,1,1,0.8333333333333334,1,0.8333333333333334,1,1,1,1,0.16666666666666666,0.8333333333333334,0.16666666666666666,0.8333333333333334,0.8333333333333334,1,1,0.8333333333333334,1,0.16666666666666666,0.16666666666666666,0.8333333333333334,1,0.8333333333333334,1,1,0.8333333333333334,0.25,0.8333333333333334,0.3333333333333333,0.3333333333333333,0.25,1,0,0,0,0,0.8333333333333334,0.3333333333333333,0.8333333333333334,1,0.8333333333333334,1,0,0,1,0,1,0,1,0,0.25,0,1,0,0,0.3333333333333333,1,1,1,1,1,1,1,0,1,0.5,0.3333333333333333,0.5,0.3333333333333333,0.16666666666666666,0.3333333333333333,0.5,0.3333333333333333,0.16666666666666666,0.3333333333333333,0.5,0.3333333333333333,0.3333333333333333,0.3333333333333333,0.3333333333333333,0.5,0.5,0.3333333333333333,0.3333333333333333,0.16666666666666666,0.16666666666666666,0.3333333333333333,0.75,0.3333333333333333,0.5,0.5,0.3333333333333333,0.16666666666666666,0.3333333333333333,0.3333333333333333,1,0.3333333333333333,0.3333333333333333,0.5,1,0.3333333333333333,0.3333333333333333,0.5,0.3333333333333333,0.25,0.5,0.5,0.25,0.5,1,0.3333333333333333,1,0.3333333333333333,0.3333333333333333,0.3333333333333333,0.3333333333333333,0.3333333333333333,0.5,0.5,0.5,0.3333333333333333,0.3333333333333333,0.25,0.5,0.3333333333333333,0.25,0.5,0.5,0.3333333333333333,1,1,1,1,1,1,1,1,1,1,0,0,1,1,0.16666666666666666,1,1,1,1,1,0,1,0.16666666666666666,1,1,0.75,0.25,1,0.8333333333333334,0.5,0.16666666666666666,0.8333333333333334,0.5,0.5,1,1
Susan Creek,54,43.4137,-122.78043,495,10.4,1464,58,39.3,445,3.8,17.8,601,90,0,0,0.5,0.5,0,0,0,0,0,0,0,1,0,0.5,0.5,0.5,1,1,1,0.5,0,0.5,1,0.5,0.5,0.5,0.5,0.5,1,0.5,1,1,1,0.5,0.5,1,0,0.5,0.5,1,1,1,1,0.5,1,1,1,0.5,1,1,1,1,1,0,0.5,0,1,0,1,1,1,0.5,1,1,0,0.5,1,1,1,1,0.5,1,1,1,0.5,0.5,0.5,1,0.5,0.5,0,0.5,0,0.5,0.5,1,0.5,0.5,1,1,1,1,1,1,1,0,1,0,1,0.5,0.5,0.5,0.5,1,1,1,1,1,0.5,1,0.5,0,0.5,1,0.5,0.5,0.5,0,0.5,0.5,0,0.5,0.5,0,0.5,0.5,0.5,1,0,0.5,0,1,0.5,0.5,0.5,0.5,0.5,0.5,0,0.5,0.5,0.5,0.5,0.5,1,1,0.5,1,0.5,0,0,0.5,0.5,0,0.5,1,0.5,1,0.5,0,0,0.5,0.5,0,0.5,0.5,0.5,0,0.5,0.5,0,0.5,1,0.5,0.5,1,0.5,0.5,1,1,1,1,1,1,1,0.5,0.5,1,1,0.5,1,1,1,1,1,0,1,0,0.5,0.5,0.5,1,0,0.5,0,0,0,0,0,1,1
Coast Fork Willamette,55,43.66,-123.0799667,252,10.7,1292,36,38.9,437,4.6,17.4,538,81,0,0.1111111111111111,0.1111111111111111,0.1111111111111111,0.05,0.05,0.05,0,0.05555555555555555,0.1,0.1,0.75,0.15,0.3333333333333333,0.25,0.4,0.65,0.7,0.7,0.65,0.65,0.7,0.7,0.65,0.65,0.7,0.7222222222222222,0.95,1,0.8888888888888888,0.95,1,0.95,0.9,0.95,1,0.35,0.4,0.3,1,1,1,0.95,0.45,1,0.9,0.9,0.8888888888888888,0.8,0.8,0.85,0.8,0.9,0.5714285714285714,0.85,0.3333333333333333,0.9,0.3888888888888889,0.9,0.7222222222222222,0.6875,0.8333333333333334,0.8,0.8,0.2777777777777778,0.55,0.8,0.9444444444444444,0.85,0.9,0.85,0.85,0.2777777777777778,0.8888888888888888,0.6,0.8125,0.7222222222222222,1,0.3888888888888889,0.4,0.5,0,0.7222222222222222,0.7,0.55,0.95,0.6666666666666666,0.6,0.2777777777777778,0.3,0.5,0.1,0.6,0.35,1,0.1111111111111111,0.8,0.05,0.95,0.1111111111111111,0.05555555555555555,0.35,0.95,1,0.95,0.8888888888888888,1,0.95,0.2222222222222222,0.6875,1,0.35,0.4444444444444444,0.35,0.2777777777777778,0.2777777777777778,0.3888888888888889,0.45,0.4,0.5,0.5,0.4444444444444444,0.4375,0.6111111111111112,0.375,0.35714285714285715,0.2777777777777778,0.35,0.4444444444444444,0.3333333333333333,0.3333333333333333,0.35,0.3333333333333333,0.4444444444444444,0.3888888888888889,0.35,0.35,0.4,0.3333333333333333,0.45,0.3,0.4444444444444444,0.35,0.3888888888888889,0.4375,0.9444444444444444,0.3888888888888889,0.35714285714285715,0.4,0.35,0.3125,0.3125,0.5625,0.35,0.35,1,0.4444444444444444,0.9,0.4,0.55,0.3888888888888889,0.6,0.3888888888888889,0.3125,0.5,0.3888888888888889,0.5,0.375,0.4,0.4,0.375,0.35,0.45,0.3888888888888889,0.45,1,0.9,0.9,0.9,0.9,1,1,1,1,1,0.7222222222222222,0.7,0.95,0.95,0.25,0.9,0.95,0.95,0.95,1,0.1111111111111111,0.75,0.5555555555555556,1,0.85,0.4,0.85,0.2,0.15,0.15,0.1875,0.15,0.15,0.16666666666666666,0.8888888888888888,0.95
