"","MASTER.ID","DATASET","PRESABS","ID","YEAR","Latitude","Longitude","Elevation","Tmax01","Tmax02","Tmax03","Tmax04","Tmax05","Tmax06","Tmax07","Tmax08","Tmax09","Tmax10","Tmax11","Tmax12","Tmin01","Tmin02","Tmin03","Tmin04","Tmin05","Tmin06","Tmin07","Tmin08","Tmin09","Tmin10","Tmin11","Tmin12","Tave01","Tave02","Tave03","Tave04","Tave05","Tave06","Tave07","Tave08","Tave09","Tave10","Tave11","Tave12","PPT01","PPT02","PPT03","PPT04","PPT05","PPT06","PPT07","PPT08","PPT09","PPT10","PPT11","PPT12","bio1","bio2","bio3","bio4","bio5","bio6","bio7","bio8","bio9","bio10","bio11","bio12","bio13","bio14","bio15","bio16","bio17","bio18","bio19"
"1","RoA","occ",1,"RoA",2010,43.39749,-122.930893,352,8.141935484,10.73548387,12.90967742,16.12258065,20.53870968,23.71612903,28.3483871,28.32258065,25.3,18.19354839,11.06774194,7.812903226,0.612903226,0.919354839,1.941935484,3.487096774,6.048387097,8.987096774,11.17096774,11.09354839,9.006451613,5.619354839,2.661290323,0.712903226,4.370967742,5.835483871,7.429032258,9.8,13.30322581,16.35483871,19.76451613,19.71290323,17.1483871,11.9,6.864516129,4.261290323,245.6129032,185.6451613,180.516129,142.3548387,95.90322581,51.80645161,17.74193548,19.16129032,48.93548387,130.9354839,293.8064516,320.3548387,11.39462366,12.41236559,3.81226135704261,580.4275103,28.3483871,0.612903226,27.73548387,5.168279571,18.87365592,2.9639142009621,4.822580645,7.45776749589625,320.3548387,2.90372309085883,71.37966279,859.7741935,85.83870967,85.83870967,751.6129032
"2","RoB","occ",1,"RoB",2010,43.38255,-122.944588,336,8.058064516,10.64193548,12.86451613,16.09032258,20.52258065,23.6516129,28.25483871,28.25806452,25.22903226,18.16451613,10.97419355,7.8,0.593548387,0.822580645,1.816129032,3.390322581,5.903225806,8.848387097,10.96774194,10.87741935,8.461290323,5.338709677,2.529032258,0.661290323,4.329032258,5.725806452,7.338709677,9.74516129,13.20967742,16.2516129,19.60322581,19.57741935,16.84193548,11.75483871,6.741935484,4.238709677,225.4193548,169.4193548,166.7741935,134.8064516,91.51612903,52.58064516,16.4516129,18.61290323,45.61290323,116.7419355,262.2580645,287.4516129,11.27997312,12.525,3.82372942946354,576.0027819,28.25806452,0.593548387,27.66451613,5.102688172,18.67473118,2.95359332785909,4.762903225,7.3703220488384,287.4516129,2.83036298564156,69.46665208,775.1290322,80.67741936,80.67741936,682.2903225
"3","1433A","occ",0,"1433A",2010,42.99589,-122.371078,1104,5.577419355,7.883870968,10.40645161,13.14193548,17.33548387,21.3516129,27.67419355,27.37741935,23.90645161,16.80967742,8.890322581,5.596774194,-4.390322581,-3.964516129,-2.393548387,-0.525806452,2.274193548,4.922580645,7.419354839,6.693548387,4.080645161,0.625806452,-1.925806452,-4.096774194,0.6,1.951612903,4.009677419,6.309677419,9.809677419,13.11935484,17.53548387,17.03870968,14,8.719354839,3.483870968,0.75483871,191.6129032,149.1612903,150.8064516,131.5806452,88.90322581,55.35483871,21.58064516,23.03225806,39.96774194,102.8064516,219.7419355,234.5806452,8.111290322,14.76935484,3.84077118873026,619.2677572,27.67419355,-4.390322581,32.06451613,1.608602151,16.19193548,2.81492569739713,1.101075269,7.25108185088356,234.5806452,3.09470144018492,62.87827709,645.9354839,84.58064516,84.58064516,575.3548387
"4","1450A","occ",0,"1450A",2010,41.68811,-122.055344,1521,4.725806452,6.461290323,9.474193548,13.12258065,17.96774194,22.35483871,28.22258065,27.69677419,24.10322581,17.21935484,8.75483871,4.696774194,-4.303225806,-3.161290323,-1.75483871,0.312903226,3.941935484,7.641935484,11.52258065,10.94193548,7.580645161,2.977419355,-1.241935484,-3.980645161,0.216129032,1.64516129,3.858064516,6.725806452,10.95806452,14.99354839,19.87741935,19.32580645,15.8483871,10.09354839,3.751612903,0.358064516,71.09677419,64.70967742,54.93548387,36.70967742,47.16129032,31.25806452,12.74193548,10.03225806,14.38709677,32.48387097,69.35483871,75.67741935,8.969892474,12.86021506,3.68984141977657,724.6222707,28.22258065,-4.303225806,32.52580646,1.441935484,18.34462366,2.9362276562358,0.739784947,6.25584291095337,75.67741935,2.35444274380255,53.88433321,216.1290323,37.16129031,37.16129031,211.483871
"5","1455A","occ",0,"1455A",2010,40.53598,-121.571587,1791,5.767741935,6.429032258,8.129032258,10.98064516,15.88064516,20.67096774,26.16451613,25.40322581,21.93870968,15.70322581,8.94516129,6.119354839,-5.419354839,-5.193548387,-4.261290323,-1.987096774,1.577419355,5.55483871,8.432258065,8.058064516,6.116129032,1.641935484,-2.412903226,-4.341935484,0.180645161,0.619354839,1.935483871,4.493548387,8.729032258,13.10967742,17.30322581,16.72258065,14.03225806,8.677419355,3.264516129,0.887096774,157.5806452,158.3870968,151.8709677,100.4193548,81.70967742,43.22580645,7.709677419,10.74193548,31.29032258,76.09677419,142.1612903,186.9677419,7.495698925,13.69731183,3.78118647212054,647.2875057,26.16451613,-5.419354839,31.58387097,0.560215054,16.01881721,2.80450016807198,0.560215054,7.04635244761949,186.9677419,2.10531363146221,65.31848099,502.9354839,49.74193548,49.74193548,502.9354839
"6","1876A","occ",0,"1876A",2010,41.69232,-122.087936,1533,4.967741935,6.693548387,9.5,12.99354839,17.81290323,22.22258065,28.07419355,27.51935484,23.98709677,17.09354839,8.690322581,4.809677419,-4.196774194,-3.083870968,-1.8,0.377419355,4.016129032,7.664516129,11.47096774,10.80967742,7.535483871,3.074193548,-1.219354839,-3.929032258,0.387096774,1.803225806,3.85483871,6.683870968,10.91935484,14.93548387,19.77096774,19.16129032,15.76774194,10.08064516,3.738709677,0.441935484,70.29032258,60.51612903,54.90322581,35.80645161,50.38709677,31.93548387,13.74193548,10.09677419,14.77419355,30.96774194,65.58064516,76.25806452,8.961827957,12.80376344,3.69326473345575,716.095655,28.07419355,-4.196774194,32.27096774,1.520430107,18.2327957,2.93027576853145,0.87688172,6.24563778828088,76.25806452,2.36054963310466,52.79000557,212.1290323,38.61290322,38.61290322,207.0645161
"7","230A","occ",0,"230A",2010,44.46558,-122.676941,306,7.4,9.525806452,11.8483871,15.24516129,18.87419355,21.81290323,26.32903226,26.66129032,23.42258065,17.13870968,10.36451613,6.925806452,0.406451613,0.44516129,1.706451613,3.429032258,5.941935484,8.732258065,10.3,9.890322581,8.1,5.112903226,2.512903226,0.548387097,3.896774194,4.983870968,6.783870968,9.335483871,12.41935484,15.27741935,18.31612903,18.27419355,15.77419355,11.12903226,6.435483871,3.738709677,191.2580645,166.9677419,159.4516129,133.0967742,100.6774194,77.83870968,24.29032258,23.29032258,52.5483871,115.0645161,234.1612903,209.6129032,10.5280914,11.53521506,3.79404044766855,545.543609,26.66129032,0.406451613,26.25483871,4.693010753,17.45053764,2.88762006657487,4.208602151,7.30569753727953,234.1612903,3.16927888370171,56.61994367,635.032258,100.1290323,100.1290323,567.8387096
"8","23A","occ",0,"23A",2010,44.40013,-122.432022,311,7.148387097,9.196774194,11.53225806,15.62903226,19.39032258,22.4483871,26.98064516,27.26451613,24.47741935,17.15806452,10.06129032,7.090322581,-0.016129032,0.312903226,1.351612903,3.151612903,5.787096774,8.735483871,10.79354839,10.51290323,8.693548387,5.432258065,2.212903226,0.467741935,3.570967742,4.751612903,6.441935484,9.387096774,12.59677419,15.59677419,18.89354839,18.88709677,16.58709677,11.30967742,6.141935484,3.780645161,246.3225806,185.3225806,197.2903226,165.9354839,131.6451613,89.74193548,23.64516129,26.74193548,65.87096774,149.483871,289.1612903,278.7741935,10.65887097,11.74516129,3.77398070215576,581.0319358,27.26451613,-0.016129032,27.28064516,4.494086021,18.12043011,2.92425937093767,4.033333334,7.52317628712766,289.1612903,3.18408399936118,58.60674846,814.2580644,116.2580645,116.2580645,710.4193547
"9","241A","occ",0,"241A",2010,44.28896,-122.029732,707,4.732258065,6.948387097,9.832258065,13.69677419,18.17741935,22.22258065,27.32580645,27.32903226,23.57741935,16.35483871,8.058064516,4.348387097,-2.270967742,-2.158064516,-1.003225806,0.867741935,3.8,6.761290323,8.912903226,8.561290323,6.158064516,2.812903226,-0.032258065,-2.077419355,1.24516129,2.393548387,4.422580645,7.3,10.97096774,14.49677419,18.11935484,17.9483871,14.8516129,9.587096774,4.012903226,1.141935484,283.6774194,217.9032258,186.5806452,140.7419355,99.90322581,71.09677419,23.12903226,22.93548387,54.61290323,141.3548387,310.483871,331.4193548,8.872311828,12.68924731,3.76974671597998,637.1501401,27.32903226,-2.270967742,29.6,2.126344086,16.97741935,2.86090972488899,1.587096774,7.54133222135531,331.4193548,3.1542512784839,69.37387828,925.5806452,100.6774194,100.6774194,833
"10","260A","occ",0,"260A",2010,44.03526,-122.207787,614,6.725806452,8.84516129,11.19677419,14.63548387,18.86129032,22.38064516,27.41290323,27.9,24.20645161,17.08387097,9.825806452,6.577419355,-0.941935484,-0.838709677,0.209677419,2.006451613,4.683870968,7.625806452,9.774193548,9.658064516,7.693548387,4.203225806,1.203225806,-0.661290323,2.890322581,3.996774194,5.709677419,8.312903226,11.78064516,14.99677419,18.58064516,18.77741935,15.9516129,10.64193548,5.516129032,2.951612903,249,188.0322581,191.9354839,148.7419355,109.9354839,79.83870968,24.32258065,27.77419355,61.96774194,136.9677419,286.6451613,292,10.01115591,12.58629032,3.78734045373166,597.2555975,27.9,-0.941935484,28.84193548,3.788172043,17.77419355,2.90548987607118,3.284408602,7.4942418157505,292,3.21175374898872,62.29417369,827.6451613,114.0645161,114.0645161,729.0322581
"11","263A","occ",0,"263A",2011,43.90115,-122.618591,373,8.467741935,10.30645161,12.42580645,15.3483871,19.16774194,22.41290323,26.92258065,27.2,24.55483871,17.56451613,11.26774194,8.264516129,0.658064516,1.058064516,2.096774194,3.8,6.280645161,9.477419355,11.62903226,11.64516129,9.932258065,6.606451613,2.990322581,1.016129032,4.567741935,5.680645161,7.25483871,9.567741935,12.71935484,15.95483871,19.27741935,19.43225806,17.24516129,12.09354839,7.122580645,4.641935484,191.6451613,152.2903226,162.0967742,136.3548387,98.93548387,68.90322581,20.58064516,22.48387097,46.12903226,104.4193548,231.2258065,205.0322581,11.29556452,11.39274194,3.77100200633362,561.7533657,27.2,0.658064516,26.54193548,5.444086022,18.64731183,2.95216233136071,4.961827956,7.27281273310804,231.2258065,3.04835532851792,58.94500659,627.9032259,89.19354839,89.19354839,548.967742
"12","265A","occ",0,"265A",2010,43.79784,-122.553398,359,8.209677419,10.54516129,12.7483871,16.56129032,20.12580645,23.19354839,27.90645161,27.95483871,25.31290323,18.67741935,11.40322581,8.116129032,0.44516129,0.793548387,1.84516129,3.603225806,6.125806452,9.048387097,11.09354839,11.08064516,9.225806452,5.796774194,2.658064516,0.748387097,4.319354839,5.677419355,7.287096774,10.08064516,13.11290323,16.12903226,19.49677419,19.52258065,17.26451613,12.23225806,7.022580645,4.435483871,195.3548387,154.0645161,142.6774194,123.2258065,90.80645161,62.4516129,17,20.03225806,43.58064516,106.8387097,220.1612903,225.7419355,11.38413979,12.35752688,3.81596692516923,572.8683835,27.95483871,0.44516129,27.50967742,5.263440861,18.76236559,2.95815322281527,4.809677419,7.24596563562577,225.7419355,2.86220088092947,62.27998001,641.2580645,80.61290322,80.61290322,575.1612903
"13","40A","occ",0,"40A",2010,44.19042,-122.22403,536,6.735483871,9.141935484,11.90322581,16.07741935,20.13225806,23.93225806,28.60967742,28.70645161,24.96129032,17.11290323,9.716129032,6.364516129,-0.558064516,-0.541935484,0.512903226,2.403225806,5.05483871,7.748387097,9.535483871,9.267741935,7.14516129,4.074193548,1.232258065,-0.641935484,3.1,4.293548387,6.216129032,9.238709677,12.6,15.84193548,19.08064516,18.99354839,16.04516129,10.58709677,5.477419355,2.867741935,287.6129032,229.2903226,203.7741935,165.2903226,115.9354839,78.25806452,21.03225806,25.35483871,61.48387097,155.5483871,320.1935484,320.6451613,10.3594086,13.18010753,3.81571335219662,607.5398641,28.70645161,-0.641935484,29.34838709,3.808064516,18.03763441,2.91980295814579,3.416666667,7.59333356509195,320.6451613,3.06955218557952,65.32963998,928.4516129,107.8709677,107.8709677,837.5483871
"14","470A","occ",0,"470A",2010,44.39887,-122.136223,1274,4.777419355,5.961290323,7.670967742,10.27096774,14.14516129,18.16451613,23.45806452,23.39032258,19.72258065,13.08709677,6.54516129,4.809677419,-2.987096774,-2.974193548,-2.35483871,-0.54516129,2.087096774,5.174193548,7.777419355,7.896774194,6.222580645,2.635483871,-1.441935484,-2.748387097,0.896774194,1.493548387,2.661290323,4.867741935,8.122580645,11.67419355,15.61935484,15.63870968,12.98064516,7.858064516,2.548387097,1.035483871,329.7419355,273.6451613,254.1290323,208.0967742,183.0645161,123.3548387,29.25806452,30.4516129,83.64516129,177.7419355,398.6774194,362.9354839,7.114381721,11.10510753,3.74933855070241,567.8608683,23.45806452,-2.987096774,26.44516129,1.492473118,14.74462366,2.72422689400891,1.139784946,7.8059805836419,398.6774194,3.39310017155962,60.3192167,1091.354839,143.3548387,143.3548387,966.3225807
"15","498A","occ",0,"498A",2010,43.77494,-122.5252,343,8.248387097,10.58387097,12.83225806,16.73225806,20.29032258,23.35483871,28.1,28.14516129,25.46774194,18.82580645,11.49032258,8.151612903,0.441935484,0.796774194,1.861290323,3.629032258,6.135483871,9.022580645,11.09354839,11.0516129,9.106451613,5.803225806,2.670967742,0.738709677,4.348387097,5.683870968,7.34516129,10.19032258,13.20967742,16.18387097,19.60967742,19.60967742,17.28709677,12.30967742,7.077419355,4.44516129,194.1935484,150.4516129,140,119.7096774,88.35483871,60.77419355,16.87096774,20.35483871,42.35483871,105.5483871,218,222.7741935,11.4405914,12.48924731,3.81951916209548,574.7780059,28.14516129,0.441935484,27.70322581,5.290322581,18.82741936,2.96152477991042,4.826881721,7.22975696103621,222.7741935,2.85480029199988,62.62758175,634.9677419,79.58064516,79.58064516,567.4193548
"16","501A","occ",0,"501A",2010,43.68512,-122.251091,664,6.970967742,8.835483871,10.87096774,13.97096774,18.51290323,21.53870968,26.91935484,27.40967742,23.97419355,16.70967742,9.832258065,6.890322581,-1.267741935,-1.032258065,0.05483871,1.732258065,4.370967742,7.412903226,9.767741935,9.767741935,7.783870968,4.083870968,0.919354839,-0.85483871,2.851612903,3.896774194,5.470967742,7.848387097,11.43870968,14.48709677,18.34193548,18.58387097,15.88064516,10.39354839,5.361290323,3.022580645,176.9354839,129.2903226,147.2580645,135.7096774,110.516129,83.83870968,21.32258065,27.32258065,48.12903226,109.1612903,215.7741935,189.2580645,9.798924732,12.47473118,3.78419389481827,590.3417354,27.40967742,-1.267741935,28.67741936,3.748387097,17.60376344,2.89611984152028,3.256989247,7.2406612561958,215.7741935,3.08294524334743,53.41797853,581.9677419,96.77419356,96.77419356,495.483871
"17","568A","occ",0,"568A",2010,42.38955,-122.426964,1088,5.693548387,7.580645161,9.683870968,13.37096774,17.8516129,21.60322581,27.53870968,27.32258065,23.55483871,17,9.261290323,5.838709677,-3.293548387,-2.819354839,-1.596774194,0.348387097,3.783870968,6.658064516,10.46774194,9.993548387,7.229032258,3.409677419,-0.258064516,-2.474193548,1.203225806,2.380645161,4.041935484,6.861290323,10.81290323,14.13225806,18.99677419,18.66129032,15.39354839,10.2,4.506451613,1.674193548,107.0322581,86.4516129,99.87096774,87.4516129,73.22580645,34.70967742,11.67741935,16.03225806,31.29032258,58.03225806,132.8709677,141,9.072849463,12.90430108,3.7460450849834,655.6075037,27.53870968,-3.293548387,30.83225807,2.461290323,17.6844086,2.90056455660135,1.754301075,6.78008684989123,141,2.49958336380658,58.68172218,380.9032258,58.99999999,58.99999999,334.483871
"18","638A","occ",0,"638A",2010,41.00719,-121.644363,917,7.680645161,10.43548387,13.68387097,17.37096774,22.77419355,27.4,32.63225806,31.97419355,28.14193548,21.15806452,12.5483871,7.761290323,-3.541935484,-2.590322581,-0.85483871,1.558064516,5.080645161,8.367741935,11.12580645,9.635483871,6.64516129,2.290322581,-1.019354839,-2.935483871,2.067741935,3.935483871,6.403225806,9.448387097,13.93225806,17.88387097,21.88387097,20.8,17.4,11.72580645,5.75483871,2.416129032,92.61290323,98.48387097,93.19354839,51.70967742,40.83870968,20.32258065,3.483870968,5.64516129,18,38.96774194,83.80645161,107.6129032,11.13844086,16.65,3.84003896478034,717.3161966,32.63225806,-3.541935484,36.17419354,2.801612903,20.02580645,3.02961411168536,2.801612903,6.48490606811713,107.6129032,1.38225395164766,69.69066534,298.7096774,27.12903226,29.45161291,298.7096774
"19","688A","occ",0,"688A",2010,39.92048,-121.646553,972,10.11612903,11.09032258,13.49032258,16.86774194,21.57419355,26.39032258,31.17741935,30.54193548,27.59354839,21.23548387,14.06451613,10.41290323,0.793548387,1.05483871,2.019354839,3.996774194,7.319354839,11.01612903,13.94516129,13.42258065,11.38387097,7.506451613,3.406451613,1.390322581,5.467741935,6.074193548,7.75483871,10.43225806,14.43548387,18.7,22.56129032,21.97419355,19.48064516,14.38064516,8.732258065,5.903225806,320.1290323,278.0322581,245.516129,129.9354839,70,24.48387097,2.548387097,5.161290323,30.83870968,89.64516129,216.3225806,343.9032258,12.99206989,13.10833333,3.77602931984689,645.4724376,31.17741935,0.793548387,30.38387096,5.80967742,21.08225806,3.08393022220561,5.80967742,7.47137226799698,343.9032258,1.11461263008862,86.65811341,942.0645162,32.19354839,38.5483871,942.0645162
"20","918A","occ",0,"918A",2010,43.91996,-122.035767,1356,3.767741935,5.093548387,7.077419355,9.558064516,13.47419355,16.89677419,22.27741935,22.44516129,18.96774194,12.39677419,6.241935484,4.051612903,-3.558064516,-3.55483871,-2.687096774,-1.083870968,1.583870968,4.396774194,7.338709677,7.4,5.809677419,1.896774194,-1.64516129,-3.316129032,0.103225806,0.770967742,2.196774194,4.219354839,7.532258065,10.64516129,14.81290323,14.92903226,12.39354839,7.14516129,2.296774194,0.377419355,240.8064516,170.516129,181.2903226,151.6774194,113.5483871,76.67741935,23.83870968,24.35483871,53.64516129,126.6129032,264.8709677,268.6129032,6.451209677,10.80564516,3.73897871318746,560.7900158,22.44516129,-3.558064516,26.00322581,0.923655914,14.03978495,2.67688868176216,0.413978495,7.43658875156902,268.6129032,3.19206807382879,61.4738326,774.2903225,101.8387097,101.8387097,679.9354838
"21","922A","occ",0,"922A",2010,43.59406,-122.095772,1582,2.170967742,3.648387097,5.7,8.970967742,13.16451613,17.11935484,22.97419355,22.59032258,19.08709677,12.04193548,4.880645161,2.25483871,-5.274193548,-5.361290323,-4.367741935,-2.716129032,-0.029032258,3.064516129,6.116129032,6.038709677,4.112903226,0.296774194,-3.106451613,-5.051612903,-1.558064516,-0.864516129,0.674193548,3.138709677,6.570967742,10.08709677,14.53870968,14.31290323,11.59677419,6.174193548,0.893548387,-1.396774194,251.9354839,184.0967742,195.3870968,152.7096774,116.2580645,80.06451613,27.19354839,30.16129032,58.38709677,130.4516129,285.0322581,303.5483871,5.346908602,11.74005376,3.73605734546023,608.3548334,22.97419355,-5.361290323,28.33548387,-0.687634409,13.48655914,2.63809680703253,-1.268817204,7.5042405604267,303.5483871,3.32119947595722,62.51038306,840.5161291,115.7419355,115.7419355,739.5806452
"22","929A","occ",0,"929A",2010,42.88621,-122.328087,1602,3.603225806,5.106451613,7.096774194,9.712903226,13.58064516,17.77096774,24.40967742,24.13225806,20.49354839,13.73548387,6.087096774,3.34516129,-4.512903226,-4.432258065,-3.425806452,-1.677419355,1.235483871,4.609677419,8.303225806,8.035483871,5.983870968,2.096774194,-1.793548387,-4.048387097,-0.45483871,0.335483871,1.841935484,4.012903226,7.403225806,11.19677419,16.36451613,16.09032258,13.23225806,7.916129032,2.148387097,-0.351612903,204,174.2258065,164.4516129,121.8064516,85.48387097,49.29032258,16.09677419,16,31.61290323,86.4516129,229.5806452,263.8709677,6.643682795,11.55833333,3.70038818389385,631.849715,24.40967742,-4.512903226,28.92258065,0.446774193,15.22634409,2.75533727365553,-0.156451613,7.27473660681527,263.8709677,2.80336038090653,70.96315766,697.4516129,63.70967742,63.70967742,642.0967742
"23","366A","occ",1,"366A",2011,42.94444,-123.718964,315,8.990322581,11.07419355,13.82258065,14.1516129,17.98387097,20.21612903,25.48387097,25.61612903,23.68387097,17.57419355,11.79032258,8.532258065,1,1.106451613,1.958064516,3.116129032,6.029032258,9.067741935,11.62258065,11.47096774,8.987096774,5.558064516,3.15483871,1.109677419,4.993548387,6.087096774,7.883870968,8.638709677,12.00322581,14.63870968,18.5516129,18.5516129,16.33548387,11.56451613,7.474193548,4.819354839,171.3870968,126.4516129,121.3548387,88.87096774,61.90322581,30.80645161,8.548387097,11.80645161,30.09677419,77.67741935,184.483871,210.3225806,10.9625,11.22822581,3.83110114946698,507.2732848,25.61612903,1,24.61612903,5.762903226,17.81075269,2.90748846597913,5.302150538,7.02483555842988,210.3225806,2.20258652050256,73.31799506,566.1935484,50.4516129,50.4516129,508.1612903
"24","438A","occ",1,"438A",2010,39.87476,-123.734283,277,12.0483871,13.82258065,15.4483871,15.75483871,19.37096774,23.20322581,27.22258065,27.61290323,26.72258065,20.8483871,15.07096774,11.43548387,2.196774194,2.729032258,3.158064516,4.335483871,6.516129032,8.874193548,10.66129032,10.49354839,8.951612903,6.361290323,3.848387097,2.480645161,7.125806452,8.264516129,9.303225806,10.04516129,12.9483871,16.03870968,18.94193548,19.0516129,17.84193548,13.59677419,9.45483871,6.948387097,328.3548387,280,243.3225806,131.5483871,61.83870968,15.5483871,3.387096774,7.387096774,20.64516129,101.9032258,232.5806452,372.8064516,12.46532258,13.16290323,3.95679687143984,457.0816534,27.61290323,2.196774194,25.41612904,7.452150539,18.01129032,2.95025114470834,7.452150539,7.49544337291519,372.8064516,1.35766254839577,89.54367251,981.1612903,26.32258065,31.41935484,981.1612903
"25","58B","occ",1,"58B",2010,42.50834,-124.295609,25,10.58064516,12.30967742,14.08064516,15.93548387,19.66129032,23.06774194,26.00967742,25.25806452,25.48064516,19.78064516,12.90322581,10.53548387,3.709677419,3.867741935,4.058064516,5.012903226,6.961290323,9.583870968,11.32580645,11.18709677,10.03548387,8.016129032,5.574193548,3.993548387,7.135483871,8.093548387,9.080645161,10.46774194,13.31290323,16.33548387,18.66774194,18.22580645,17.7516129,13.90322581,9.248387097,7.25483871,401.4516129,320.9354839,311.9677419,215.5483871,130.6129032,77.41935484,13.22580645,23.09677419,56.16129032,173.2258065,378,471.0322581,12.45537634,11.02311828,3.91064252660557,444.8861901,26.00967742,3.709677419,22.3,7.882795699,18.21612903,2.92938566708151,7.499462365,7.85289676404365,471.0322581,2.61927774341077,73.81696658,1250.483871,92.48387096,92.48387096,1193.419355
"26","700A","occ",1,"700A",2011,38.9953,-123.549362,209,13.44193548,14.99677419,16.4,17.15483871,21.53870968,24.12580645,27.67419355,27.59677419,27.22580645,23.86129032,16.79354839,13.10645161,2.880645161,3.138709677,3.532258065,4.65483871,6.767741935,8.909677419,10.31612903,10.35483871,9.251612903,6.777419355,4.329032258,2.932258065,8.167741935,9.074193548,9.958064516,10.90967742,14.15483871,16.51290323,18.98387097,18.97741935,18.23548387,15.31612903,10.56451613,8.019354839,234,204.0645161,190.9032258,79.16129032,35.19354839,8.419354839,1.838709677,3.709677419,14.41935484,70.96774194,159.483871,244.3870968,13.24005376,14.17258064,4.05460484883816,427.1603976,27.67419355,2.880645161,24.79354839,8.416129031,18.16290322,2.95681259036664,8.416129031,7.12853474765377,244.3870968,0.849599357196172,91.52217313,682.4516129,13.96774194,19.96774194,682.4516129
"27","702A","occ",1,"702A",2011,38.99341,-123.434517,146,13.71290323,15.19032258,16.66774194,19.20322581,23.13548387,27.08387097,31.32258065,31.87419355,29.71935484,25.3,17.31935484,13.62903226,2.990322581,3.229032258,3.670967742,4.783870968,6.961290323,8.974193548,10.21290323,10.26129032,9.174193548,6.741935484,4.435483871,2.964516129,8.35483871,9.209677419,10.16774194,11.99032258,15.05806452,18.02903226,20.76451613,21.06451613,19.43870968,16.01935484,10.88387097,8.306451613,203.5483871,177.1290323,168.2580645,72.74193548,31.22580645,6,1.064516129,2.870967742,10.74193548,58.19354839,143.1612903,216.2903226,14.10658602,15.81317204,4.01093653989074,488.5333415,31.87419355,2.964516129,28.90967742,8.61935484,19.95483871,3.04106023024158,8.61935484,6.99551503136903,216.2903226,0.447576593437673,92.16579404,596.967742,9.935483871,14.67741935,596.967742
"28","139A","occ",0,"139A",2010,39.36264,-123.507507,196,14.16774194,15.35806452,16.35806452,16.83225806,20.58709677,24.17096774,28.19032258,28.76451613,27.62580645,22.34516129,17.09032258,13.86451613,2.841935484,3.616129032,3.709677419,4.941935484,6.832258065,8.641935484,9.635483871,9.687096774,8.796774194,6.467741935,4.603225806,3.025806452,8.503225806,9.483870968,10.02903226,10.89354839,13.71290323,16.40967742,18.91612903,19.23548387,18.21612903,14.40322581,10.84516129,8.45483871,219.2903226,189.9677419,169.6129032,88.03225806,40.29032258,8.258064516,1.741935484,3.870967742,13.32258065,68.64516129,153.516129,233.2580645,13.25645161,14.37956989,4.02483750267026,410.5088544,28.76451613,2.841935484,25.92258065,8.812365593,18.18172043,2.95924116479872,8.812365593,7.08196607564137,233.2580645,0.807339548143154,88.95234099,642.516129,13.87096774,18.93548388,642.516129
"29","160A","occ",0,"160A",2011,38.57751,-123.331009,39,13.71612903,14.95483871,16.42903226,15.3516129,16.78387097,18.52258065,19.27741935,19.50967742,20.00645161,18.71612903,17.05806452,13.98709677,4.406451613,4.906451613,5.64516129,6.293548387,7.848387097,9.4,9.809677419,9.919354839,9.783870968,8.309677419,6.235483871,4.564516129,9.051612903,9.925806452,11.01935484,10.81935484,12.30967742,13.96451613,14.5483871,14.70967742,14.88709677,13.51612903,11.65483871,9.287096774,182.1935484,152.0645161,144.8387097,62.51612903,23.29032258,7.419354839,2.258064516,4.35483871,11.51612903,52.93548387,128.5806452,186.483871,12.14314516,9.765860215,4.14474720422154,215.2958305,20.00645161,4.406451613,15.6,9.422580644,14.40645161,2.72246197940315,9.422580644,6.8658406179275,186.483871,1.01452917141078,90.95658721,520.7419355,14.03225807,18.12903226,520.7419355
"30","231A","occ",0,"231A",2010,44.46795,-123.504883,393,8.183870968,9.970967742,11.82903226,13.95806452,17.76774194,20.87741935,25.13870968,25.36129032,22.69354839,16.40645161,11.11290323,8.04516129,1.267741935,2.167741935,2.732258065,4.235483871,6.283870968,9.529032258,11.14193548,11.45483871,10.06774194,7.112903226,3.796774194,1.838709677,4.712903226,6.077419355,7.277419355,9.087096774,12.03548387,15.21935484,18.13870968,18.40645161,16.37419355,11.76129032,7.448387097,4.941935484,341.5483871,269.4516129,227.4516129,139.7419355,79.83870968,43.4516129,11.38709677,14.77419355,45.48387097,129.8064516,337.9354839,403.2903226,10.95725806,9.976344087,3.73544579670981,508.5545395,25.36129032,1.267741935,24.09354839,5.707526882,17.25053763,2.89828540390287,5.245698925,7.62298742639715,403.2903226,2.47545350679146,81.90955112,1082.774194,69.61290322,71.64516129,1014.290323
"31","259A","occ",0,"259A",2011,43.87395,-123.43264,193,8.741935484,11.10967742,13.32258065,15.9516129,19.58709677,22.75483871,27.11290323,27.47741935,24.42258065,17.67741935,11.93225806,8.293548387,1.274193548,1.438709677,2.451612903,4.016129032,6.467741935,9.15483871,10.87096774,10.86129032,8.964516129,6.44516129,3.380645161,1.332258065,5.016129032,6.270967742,7.887096774,9.983870968,13.02580645,15.9483871,19.00645161,19.17741935,16.7,12.05806452,7.661290323,4.803225806,199.5483871,157.4516129,157.9032258,105.3870968,71.03225806,39.77419355,12.77419355,14.41935484,34.90322581,90.96774194,225.0967742,239,11.46008064,11.81048387,3.81930738877197,529.7440991,27.47741935,1.274193548,26.2032258,5.825806451,18.28494624,2.93305581716397,5.365053764,7.20693949616522,239,2.58582181575348,72.08678875,663.6451613,62.0967742,62.0967742,596
"32","271A","occ",0,"271A",2011,43.83151,-123.404343,209,8.687096774,10.92903226,13.19032258,15.92903226,19.48709677,22.62580645,27.00645161,27.3483871,24.31935484,17.51935484,11.86129032,8.296774194,1.303225806,1.593548387,2.567741935,4.070967742,6.419354839,9.167741935,10.92903226,10.90322581,8.974193548,6.506451613,3.470967742,1.303225806,4.990322581,6.261290323,7.877419355,10,12.9516129,15.9,18.95806452,19.12903226,16.64516129,12,7.651612903,4.806451613,196.3870968,155.2258065,156.8709677,105.8064516,72.74193548,39.77419355,12.96774194,14.80645161,36.25806452,94.09677419,226.8387097,234.5483871,11.43373656,11.66586021,3.81310596525646,528.0928174,27.3483871,1.303225806,26.04516129,5.820430107,18.24677419,2.93102169441529,5.352150538,7.20550345355563,234.5483871,2.60029734014109,71.13376476,657.7741936,64.03225807,64.03225807,586.1612904
"33","280A","occ",0,"280A",2011,43.77644,-123.423843,250,8.609677419,10.74516129,13.03870968,15.6483871,19.42903226,22.56129032,26.89032258,27.16129032,24.08064516,17.47741935,11.82258065,8.264516129,1.187096774,1.422580645,2.474193548,4.119354839,6.464516129,9.474193548,11.2516129,11.3516129,9.593548387,7.035483871,3.470967742,1.264516129,4.912903226,6.083870968,7.761290323,9.877419355,12.93870968,16.02258065,19.07741935,19.26774194,16.83225806,12.26451613,7.651612903,4.758064516,197.3225806,156.0322581,158.516129,107.0322581,74.93548387,40.77419355,12.83870968,15.4516129,37.80645161,99.5483871,230.3870968,233.1290323,11.4516129,11.38494624,3.79170135539025,538.322169,27.16129032,1.187096774,25.97419355,5.769892474,18.38817204,2.93853590817036,5.248924731,7.21837784019533,233.1290323,2.59067031017207,70.23510009,660.8387097,66.09677419,66.09677419,586.483871
"34","415A","occ",0,"415A",2010,41.32712,-124.015694,90,11.55806452,13.45483871,14.86129032,15.57096774,18.52258065,21.26451613,22.70967742,22.60645161,23.20645161,19.39677419,14.42903226,11.52580645,2.616129032,3.15483871,3.593548387,4.632258065,6.835483871,9.090322581,10.84193548,10.65483871,8.825806452,6.5,4.616129032,2.864516129,7.093548387,8.306451613,9.235483871,10.1,12.66451613,15.17741935,16.78064516,16.62580645,16.01290323,12.93870968,9.519354839,7.2,258.8064516,218.9032258,215.5806452,146.3548387,85.64516129,34.25806452,6.548387097,10.35483871,25.32258065,102.8387097,246.3225806,320.4193548,11.80551075,11.24005376,4.00895028592915,368.8915729,23.20645161,2.616129032,20.59032258,7.934946237,16.47419355,2.83169416421607,7.529032259,7.42168897109577,320.4193548,1.95279881008254,78.45247538,825.548387,42.22580646,42.22580646,798.1290322
"35","434A","occ",0,"434A",2010,40.34666,-124.024727,111,12,13.71612903,15.58064516,18.27741935,21.91612903,25.76451613,29.80322581,29.78709677,28.29677419,21.99354839,14.89354839,12.04516129,3.25483871,3.448387097,3.835483871,4.532258065,6.832258065,8.916129032,10.16129032,10.42903226,9.167741935,7.025806452,4.9,3.670967742,7.625806452,8.577419355,9.706451613,11.41612903,14.37096774,17.3483871,19.99032258,20.10645161,18.73548387,14.51612903,9.906451613,7.867741935,267.7741935,228.2903226,207.0322581,117.5806452,63.22580645,16.38709677,2.516129032,8.935483871,19.12903226,86.38709677,206.5483871,307.8387097,13.3436828,13.99166667,3.97410559692536,478.2123598,29.80322581,3.25483871,26.5483871,8.022580645,19.14354839,3.00109421660982,8.022580645,7.33442409842276,307.8387097,1.10397423172393,85.99879289,803.9032258,27.83870967,30.58064516,803.9032258
"36","647A","occ",0,"647A",2010,40.75639,-124.050179,41,11.80967742,13.63225806,15.11290323,14.55483871,16.61290323,18.47096774,19.88709677,20.42580645,20.63225806,18.4483871,14.6483871,11.06129032,3.141935484,3.780645161,4.309677419,5.258064516,7.287096774,9.719354839,10.98064516,10.84193548,8.738709677,6.609677419,4.787096774,3.329032258,7.480645161,8.7,9.703225806,9.903225806,11.9483871,14.1,15.43548387,15.64193548,14.69032258,12.53548387,9.709677419,7.196774194,188.6451613,162,160.3548387,97.29032258,53.77419355,20.61290323,4.838709677,7.838709677,16.38709677,66.32258065,162.5806452,232.0322581,11.42002688,9.709408602,4.0255844018701,304.6250508,20.63225806,3.141935484,17.49032258,8.129569893,15.25107527,2.75690863405239,7.792473117,7.06747108956041,232.0322581,1.67498399025342,81.2373127,583.2580646,29.06451612,29.06451612,582.6774194
"37","64A","occ",0,"64A",2010,42.01896,-124.111023,71,10.31612903,12.67419355,14.61612903,16.2483871,20.02580645,23.40322581,26.29354839,24.96129032,25.62580645,20.29354839,12.85483871,10.10967742,2.703225806,2.996774194,3.251612903,4.461290323,6.503225806,8.870967742,10.51612903,10.36774194,8.738709677,6.241935484,4.361290323,2.593548387,6.509677419,7.832258065,8.922580645,10.3483871,13.27096774,16.14516129,18.4,17.66774194,17.18387097,13.25483871,8.612903226,6.348387097,317.6774194,255.8387097,254.9677419,176.0967742,101.5483871,56.32258065,10.83870968,15.32258065,41.16129032,133.6129032,306.0645161,371,12.04287634,12.15134409,3.94683968948909,450.5231535,26.29354839,2.593548387,23.7,7.156451613,17.75053763,2.90419453877267,6.898924731,7.62117145503249,371,2.42822250699317,74.81929869,994.7419355,67.32258065,67.32258065,944.5161291
"38","6A","occ",0,"6A",2010,44.49914,-123.568741,724,7.283870968,8.770967742,10.01935484,12.80322581,16.79677419,19.60322581,24.17741935,24.2516129,21.82258065,15.6,9.941935484,7.5,0.980645161,1.751612903,2.193548387,3.780645161,5.890322581,9.248387097,11.14193548,11.58387097,10.38709677,7.122580645,3.374193548,1.567741935,4.132258065,5.258064516,6.112903226,8.293548387,11.3483871,14.41612903,17.65806452,17.91935484,16.1,11.3516129,6.658064516,4.522580645,417.0967742,331.8709677,315.2903226,200,113.9677419,65,17.80645161,22.4516129,69.80645161,181.2258065,459.0645161,507.2580645,10.31639785,9.129032259,3.68208835722673,519.3397241,24.2516129,0.980645161,23.27096774,5.108064516,16.66774193,2.87511255675681,4.642473118,7.90150274763355,507.2580645,2.90725354471182,77.70383999,1383.419355,105.2580645,110.0645161,1256.225806
"39","71A","occ",0,"71A",2010,40.35395,-124.007523,114,11.85483871,13.07741935,14.58709677,17.02580645,20.81612903,24.56129032,28.39677419,28.35483871,26.9,21.07096774,14.70645161,11.57096774,3.35483871,3.561290323,4.019354839,4.890322581,7.058064516,9.393548387,10.8,10.91612903,9.335483871,7.229032258,5.041935484,3.696774194,7.596774194,8.319354839,9.312903226,10.95806452,13.9483871,16.97096774,19.59354839,19.63548387,18.12580645,14.1483871,9.874193548,7.629032258,261.7096774,225.9354839,206.8387097,113.2258065,63.96774194,17.61290323,2.516129032,8.387096774,17.03225806,83.70967742,201.6129032,302.6451613,13.00913978,12.80215054,3.94396435937094,466.3172982,28.39677419,3.35483871,25.04193548,7.852688171,19.1172043,2.97640695162948,7.852688171,7.31700890026967,302.6451613,1.10397423172393,86.10207788,790.2903226,27.93548387,27.93548387,790.2903226
"40","73A","occ",0,"73A",2010,43.65381,-123.511543,82,9.416129032,11.67419355,13.73548387,16.85483871,20.54193548,23.61612903,28.00645161,28.01935484,25.46451613,18.47741935,12.43225806,9.106451613,1.94516129,2.209677419,3.077419355,4.409677419,6.677419355,9.14516129,10.76774194,10.57741935,8.732258065,6.422580645,4.083870968,2.161290323,5.690322581,6.938709677,8.406451613,10.63225806,13.60322581,16.38387097,19.39032258,19.29677419,17.10322581,12.43548387,8.258064516,5.632258065,197.4193548,152.9677419,142.5806452,100.516129,66.25806452,34.41935484,10.58064516,13.19354839,32,82.35483871,213.9677419,246.0967742,11.98145161,12.26129032,3.86124788329248,514.0224076,28.01935484,1.94516129,26.07419355,6.524193548,18.59462366,2.94940681165896,6.085483871,7.16460810564812,246.0967742,2.40519990706081,75.27289882,657.4838709,55.77419355,55.77419355,596.4838709
"41","99A","occ",0,"99A",2010,43.43457,-123.587067,109,9.541935484,11.88064516,14.12258065,16.58387097,20.21935484,23.32903226,27.6516129,27.81935484,25.01290323,18.40322581,12.53870968,9.032258065,1.509677419,1.735483871,2.661290323,4.019354839,6.429032258,9.1,10.86129032,10.5,8.303225806,5.806451613,3.577419355,1.75483871,5.512903226,6.8,8.396774194,10.3,13.32258065,16.21290323,19.25806452,19.16774194,16.65483871,12.10322581,8.058064516,5.403225806,183.3548387,136.6774194,124.6129032,90.5483871,59.19354839,28.25806452,9.225806452,11.80645161,29.32258065,75.29032258,190.4516129,224.1612903,11.76639785,12.48978495,3.8706218557299,512.0764368,27.81935484,1.509677419,26.30967742,6.325806452,18.21021505,2.93694064839727,5.909139785,7.05910480437981,224.1612903,2.2747828117219,76.00063274,597.9677419,49.29032258,50.35483871,544.1935484
"42","1413A","occ",0,"1413A",2010,43.80964,-121.813339,1375,3.741935484,5.438709677,7.735483871,11.0483871,15.51612903,19.23548387,25.14516129,24.93548387,20.97419355,13.94193548,7.161290323,3.34516129,-6.677419355,-6.05483871,-4.519354839,-2.270967742,0.696774194,3.767741935,6.196774194,5.251612903,2.338709677,-0.619354839,-3.4,-5.938709677,-1.464516129,-0.319354839,1.606451613,4.383870968,8.103225806,11.50322581,15.67096774,15.10322581,11.65483871,6.661290323,1.880645161,-1.287096774,116.8387097,84.64516129,81.61290323,64.16129032,48.58064516,33.06451613,16.67741935,16.32258065,24.35483871,53.41935484,121.7419355,132.3548387,6.124596774,14.12069892,3.80384084444847,625.8287444,25.14516129,-6.677419355,31.82258065,-0.294623656,14.14032258,2.68377954244342,-1.024193549,6.67742873362369,132.3548387,2.82272207024331,61.68278195,370.9354839,57.35483871,57.35483871,333.8387097
"43","1493A","occ",0,"1493A",2010,43.76999,-121.625099,1308,4.170967742,6.106451613,8.687096774,12.35483871,17.0516129,20.9516129,26.92258065,26.5516129,22.52903226,15.77419355,8.180645161,3.948387097,-6.964516129,-6.051612903,-4.519354839,-2.293548387,0.761290323,3.935483871,6.119354839,5.141935484,1.938709677,-1.316129032,-3.722580645,-6.387096774,-1.406451613,0.022580645,2.077419355,5.035483871,8.912903226,12.43548387,16.51935484,15.84516129,12.23225806,7.232258065,2.232258065,-1.212903226,81.87096774,57.03225806,46.29032258,34.12903226,29.80645161,28.19354839,16.61290323,15.64516129,18.03225806,31.09677419,75.67741935,94.74193548,6.661290323,15.54892473,3.83696533962737,650.6915869,26.92258065,-6.964516129,33.88709678,-0.129032258,14.8672043,2.73677349388512,-0.862903226,6.27217682222905,94.74193548,2.78162039425015,60.29147871,252.2903226,50.29032258,60.45161291,233.6451613
"44","1551A","occ",0,"1551A",2010,42.26472,-122.158821,1489,4.222580645,6.164516129,8.441935484,11.38387097,15.93225806,20.07096774,25.97419355,25.53225806,21.51935484,15.22258065,7.296774194,3.5,-5.806451613,-5.503225806,-4.293548387,-2.458064516,0.874193548,3.677419355,7.04516129,6.316129032,3.712903226,0.329032258,-3.061290323,-5.241935484,-0.787096774,0.322580645,2.064516129,4.467741935,8.412903226,11.87419355,16.50322581,15.93225806,12.61290323,7.777419355,2.109677419,-0.861290323,119.6774194,94.48387097,100.7741935,85.87096774,66.61290323,35.32258065,14.41935484,14.09677419,28.03225806,60.77419355,147.2580645,156.5806452,6.702150538,14.13924731,3.80644292011111,638.5806481,25.97419355,-5.806451613,31.78064516,0.151612903,15.01666667,2.74191471526979,-0.444086022,6.82914836800902,156.5806452,2.68080055841174,62.83699494,423.5161291,56.54838709,56.54838709,370.7419356
"45","1644A","occ",0,"1644A",2010,40.66239,-120.81649,1595,4.9,6.74516129,9.658064516,13.10322581,18.36451613,23.55806452,29.39032258,28.6516129,24.35483871,17.26129032,9.925806452,5.077419355,-7.880645161,-6.425806452,-4.235483871,-1.438709677,2.083870968,5.377419355,7.951612903,6.74516129,3.651612903,-0.490322581,-4.058064516,-6.964516129,-1.503225806,0.158064516,2.716129032,5.832258065,10.23225806,14.48387097,18.68709677,17.70322581,14.00645161,8.383870968,2.935483871,-0.951612903,90,91.16129032,69.03225806,34.77419355,31.67741935,18.58064516,8.774193548,5.741935484,16.90322581,37.74193548,70.22580645,102.6129032,7.721102151,16.38951613,3.79490358897782,726.0228236,29.39032258,-7.880645161,37.27096774,-0.758064516,16.79086021,2.85909313803797,-0.758064516,6.35909937272598,102.6129032,1.83129030800536,70.68016759,283.7741935,31.41935484,33.09677419,283.7741935
"46","1875A","occ",0,"1875A",2010,42.27489,-122.109062,1611,3.54516129,5.261290323,7.738709677,10.88387097,15.40967742,19.63225806,25.66451613,25.13225806,21.08064516,14.66129032,6.45483871,2.922580645,-5.638709677,-5.251612903,-4.012903226,-2.216129032,1.135483871,4.122580645,7.609677419,7.096774194,4.483870968,0.829032258,-2.922580645,-5.087096774,-1.051612903,0.006451613,1.864516129,4.329032258,8.264516129,11.86129032,16.63225806,16.10967742,12.78709677,7.738709677,1.770967742,-1.077419355,131.8709677,111.3225806,108.2903226,82.16129032,61.22580645,29.77419355,11.93548387,11.06451613,27.41935484,57.03225806,159.6451613,177.6129032,6.605645161,13.18655914,3.75244657664349,656.0054522,25.66451613,-5.638709677,31.30322581,-0.120967742,15.17795699,2.75225571242816,-0.708064516,6.87714640937078,177.6129032,2.44794145563821,69.84983442,469.1290322,50.41935484,50.41935484,420.8064515
"47","1886A","occ",0,"1886A",2010,40.96778,-120.81601,1749,4.119354839,5.396774194,7.883870968,11.59677419,16.62258065,21.92258065,27.73870968,27.23870968,22.75483871,15.95806452,8.467741935,4.361290323,-5.912903226,-5.24516129,-3.612903226,-0.932258065,2.612903226,6.35483871,10.03225806,9.141935484,6.351612903,1.764516129,-2.45483871,-5.106451613,-0.896774194,0.067741935,2.138709677,5.335483871,9.616129032,14.1516129,18.88387097,18.19032258,14.56129032,8.861290323,2.996774194,-0.370967742,56.12903226,56.80645161,62.38709677,39.80645161,45.22580645,26.93548387,8.35483871,9.258064516,21,34.09677419,59.4516129,71.61290323,7.793951613,13.42231183,3.69848536130365,728.8252442,27.73870968,-5.912903226,33.65161291,0.579032258,17.20967742,2.87411123706081,-0.397849462,6.1975931946555,71.61290323,2.18096405650087,50.61014888,187.1935484,38.61290323,38.61290323,184.5483871
"48","386A","occ",1,"386A",2010,42.29813,-123.730957,346,9.019354839,11.67096774,13.93225806,17.60645161,22.43548387,26.77096774,31.67741935,31.27741935,27.85483871,20.58064516,12.04193548,8.712903226,0.238709677,0.525806452,1.012903226,2.506451613,5.203225806,8.167741935,10.48064516,9.683870968,7.525806452,4.332258065,2.267741935,0.461290323,4.632258065,6.103225806,7.490322581,10.07096774,13.82580645,17.48064516,21.05806452,20.47096774,17.69032258,12.45483871,7.14516129,4.583870968,271.7419355,220.7741935,184.8709677,111.0645161,56.4516129,21.61290323,6.258064516,8.774193548,22.35483871,99.09677419,249.3870968,319.5483871,11.91612903,15.09784946,3.88204039775376,611.9563259,31.67741935,0.238709677,31.43870967,5.456989247,19.67634408,3.00815479355255,5.10483871,7.36038096006998,319.5483871,1.91073653485795,85.94972924,840.6774194,36.64516129,37.38709677,812.0645161
"49","388A","occ",1,"388A",2010,42.57239,-124.045898,102,10.46451613,12.50645161,14.5516129,18.13225806,22.32258065,26.06129032,30.82903226,30.64193548,28.19354839,19.96129032,13.00967742,10.04193548,2.816129032,2.993548387,3.409677419,4.641935484,6.851612903,9.35483871,11.08709677,10.86129032,9.141935484,7.090322581,4.725806452,2.970967742,6.632258065,7.74516129,8.980645161,11.38709677,14.58387097,17.70645161,20.96451613,20.7483871,18.67419355,13.53225806,8.861290323,6.509677419,375.8387097,273.8387097,239.6451613,157.9677419,91.22580645,34.19354839,6.516129032,13.25806452,41.58064516,141.4516129,324.2903226,384.2903226,13.02755376,13.39758064,3.87797928744042,544.8103056,30.82903226,2.816129032,28.01290323,7.338172043,19.80591398,3.0265430320624,6.965591397,7.64233072176493,384.2903226,1.94821164600681,81.13939698,1084.419355,53.96774194,61.35483871,1033.967742
"50","404A","occ",1,"404A",2010,41.87669,-123.802078,330,8.990322581,11.66451613,13.99354839,17.16774194,21.76774194,25.80645161,30.96774194,30.36774194,26.81935484,19.4,12.06129032,8.858064516,-0.077419355,0.522580645,0.993548387,2.406451613,5.048387097,7.816129032,10.04516129,9.5,7.125806452,4.083870968,1.84516129,0.064516129,4.44516129,6.090322581,7.496774194,9.783870968,13.41612903,16.80645161,20.5,19.94193548,16.96129032,11.73225806,6.948387097,4.474193548,328.0967742,264.8387097,256.4516129,167.6129032,95.41935484,39.29032258,5.709677419,12.03225806,30.67741935,116.0645161,292.8387097,419.6451613,11.5516129,14.87419355,3.87973679638378,589.3880838,30.96774194,-0.077419355,31.0451613,5.29032258,19.13763441,2.97744784811592,5.003763441,7.61538577759987,419.6451613,1.82610894918555,82.36037259,1040.580645,48.41935483,48.41935483,1012.580645
"51","585A","occ",1,"585A",2011,42.27261,-123.567909,421,8.493548387,11.85483871,14.90645161,17.99677419,22.93870968,27.23225806,32.07419355,31.86774194,28.33225806,21.02258065,11.90645161,7.983870968,-0.409677419,-0.070967742,1.025806452,2.435483871,5.216129032,8.096774194,10.39354839,9.606451613,6.683870968,3.383870968,1.4,-0.416129032,4.04516129,5.887096774,7.970967742,10.21935484,14.07096774,17.66774194,21.23870968,20.73548387,17.50645161,12.19032258,6.658064516,3.780645161,246.9677419,194,171.516129,96.77419355,57.96774194,27.5483871,11.96774194,7.935483871,22.29032258,87.06451613,209.4516129,268.483871,11.83145161,15.77204301,3.89271414014744,635.487747,32.07419355,-0.416129032,32.49032258,4.826344086,19.82634409,3.01448015951192,4.572580645,7.24598863677583,268.483871,2.13244707902366,81.71333737,724.9032258,42.19354839,47.45161291,709.4516129
"52","589A","occ",1,"589A",2011,42.27662,-123.365784,901,8.096774194,9.583870968,11.15806452,14.2,18.76774194,22.81290323,27.63225806,27.45483871,24.22903226,17.33870968,10.7483871,8.24516129,0.567741935,0.316129032,0.809677419,2.193548387,4.977419355,8.14516129,11.64516129,11.49354839,9.980645161,6.416129032,2.132258065,0.367741935,4.338709677,4.94516129,5.987096774,8.190322581,11.87419355,15.49032258,19.63225806,19.46774194,17.11612903,11.87741935,6.448387097,4.309677419,218.6451613,169.1935484,157.8064516,89.4516129,69.87096774,31.25806452,10.09677419,9.064516129,28.29032258,82.67741935,201.516129,250.7741935,10.8047043,11.76854839,3.77466216983752,591.2381305,27.63225806,0.316129032,27.31612903,5.026344087,18.73924731,2.95695232337044,4.529569892,7.18473920049049,250.7741935,2.25806001394926,77.67734533,670.9354838,47.4516129,47.4516129,638.6129032
"53","598A","occ",1,"598A",2010,42.11517,-123.08786,504,8.283870968,11.47096774,14.5,17.5516129,22.07419355,25.86451613,31.15483871,30.67419355,27.15806452,20.07419355,12.23548387,8.15483871,-1.174193548,-0.477419355,0.919354839,2.94516129,5.922580645,8.806451613,11.63225806,10.87741935,7.890322581,4.129032258,1.158064516,-0.838709677,3.548387097,5.496774194,7.719354839,10.24193548,13.99677419,17.32903226,21.39677419,20.77419355,17.52903226,12.10967742,6.7,3.661290323,94.64516129,70.32258065,67.38709677,48.48387097,36.74193548,24.32258065,8.35483871,11.4516129,17.93548387,39.16129032,89.96774194,122.4193548,11.7077957,14.78387097,3.83361585831261,646.6815367,31.15483871,-1.174193548,32.32903226,4.63655914,19.89784946,3.01542947666579,4.23655914,6.44840438477667,122.4193548,2.18096405650087,68.13943426,307.032258,37.74193548,37.74193548,287.3870967
"54","613A","occ",1,"613A",2010,41.6682,-123.110481,707,7.94516129,10.76129032,13.41290323,17.83548387,22.86451613,27.29677419,32.90322581,32.32580645,28.47419355,21.26451613,12.30322581,7.95483871,-1.174193548,-0.658064516,0.903225806,2.909677419,5.619354839,9.493548387,14.03870968,13.25806452,10.44193548,5.951612903,1.493548387,-0.935483871,3.387096774,5.05483871,7.161290323,10.37096774,14.23870968,18.39032258,23.47419355,22.8,19.45483871,13.60645161,6.9,3.522580645,29.5483871,12.80645161,6.677419355,8.548387097,16.83870968,15.83870968,8.870967742,5.612903226,6.225806452,10.06451613,33.58064516,29.19354839,12.36182796,14.5,3.76236618882177,736.8888749,32.90322581,-1.174193548,34.07741936,4.597849463,21.90698925,3.10937293028214,3.982258064,5.21659987003161,33.58064516,1.810401820069,61.39516737,92.32258065,20.70967742,20.70967742,71.5483871
"55","698A","occ",1,"698A",2010,39.23211,-122.655853,1080,9.606451613,10.59354839,12.75483871,15.39354839,20.36451613,25.45483871,30.13548387,29.41612903,26.96451613,21.38709677,13.64193548,10.09032258,1.774193548,1.664516129,2.935483871,4.209677419,8.25483871,12.40645161,15.98709677,15.56129032,13.38064516,10.20322581,4.187096774,2.541935484,5.677419355,6.129032258,7.84516129,9.790322581,14.31290323,18.92903226,23.05483871,22.48709677,20.16451613,15.79354839,8.919354839,6.316129032,277.9032258,214.9032258,126.2903226,62.41935484,37.70967742,12.25806452,3.096774194,3.193548387,14.70967742,63.06451613,131.1290323,236.0967742,13.28790323,11.05806452,3.67223651376029,664.1646121,30.13548387,1.664516129,28.47096774,6.045161291,21.49354839,3.10939692384701,6.045161291,7.07604061565106,277.9032258,1.28003738654059,98.31562635,728.9032258,18.5483871,21,728.9032258
"56","77A","occ",1,"77A",2010,40.82426,-121.932663,628,11.5483871,13.25806452,15.94193548,19.18709677,24.66774194,29.22903226,34.55483871,33.70967742,30.33870968,23.51612903,15.71290323,11.88709677,1.619354839,2.241935484,3.477419355,5.74516129,9.287096774,13.12903226,15.80645161,15.3,13.22580645,8.874193548,4.329032258,2.44516129,6.587096774,7.74516129,9.703225806,12.47419355,16.97096774,21.18064516,25.16774194,24.49677419,21.78387097,16.19354839,10.02903226,7.167741935,257.3225806,249.1290323,224.0967742,128.1290323,92.4516129,34.35483871,4.387096774,8.064516129,29.70967742,98.5483871,214.2580645,304.8709677,14.95967742,14.00591398,3.76178836101545,692.4581283,34.55483871,1.619354839,32.93548387,7.166666667,23.82258065,3.19140516372175,7.166666667,7.40599558745664,304.8709677,1.58659842042467,78.28405485,811.3225806,42.16129032,42.16129032,811.3225806
"57","OnA","occ",1,"OnA",2010,41.8093,-123.119667,528,8.1,11.16774194,14.01935484,18.02580645,22.71290323,26.87419355,32.30322581,31.90322581,28.08064516,20.65483871,12.11612903,8.096774194,-0.65483871,-0.525806452,0.719354839,2.474193548,5.261290323,8.535483871,12.53225806,11.91290323,9.05483871,5.035483871,1.503225806,-0.425806452,3.719354839,5.325806452,7.380645161,10.25806452,13.97096774,17.70322581,22.41290323,21.89677419,18.56129032,12.84516129,6.819354839,3.841935484,148.0322581,102.7419355,90.25806452,56.87096774,32.67741935,18.5483871,7.612903226,8.35483871,14.12903226,48.77419355,128.6451613,175.1290323,12.06155914,14.88602151,3.82136613671893,686.3779605,32.30322581,-0.65483871,32.95806452,4.789247311,20.96451613,3.06640115914432,4.293010753,6.7241619462639,175.1290323,2.0934557850785,83.07533758,451.8064517,30.0967742,30.0967742,425.9032259
"58","102A","occ",0,"102A",2010,40.65132,-122.66748,510,9.251612903,12.33548387,15.22580645,18.49677419,24.30967742,28.86774194,33.99677419,33.22258065,29.78709677,22.99354839,13.08064516,8.683870968,-0.04516129,0.448387097,1.212903226,3.04516129,6.393548387,9.783870968,12.88387097,11.79677419,9.122580645,5.141935484,2.312903226,0.174193548,4.609677419,6.387096774,8.212903226,10.76774194,15.3483871,19.33548387,23.44516129,22.50967742,19.4516129,14.06451613,7.696774194,4.429032258,235.0967742,227.516129,195.6774194,100.6451613,72.35483871,27.03225806,5.322580645,4.612903226,25.35483871,67.12903226,173.3225806,253.4193548,13.02177419,15.66505376,3.83981634138055,695.0217233,33.99677419,-0.04516129,34.04193548,5.141397849,21.8016129,3.10465900320484,5.141397849,7.23560752068223,253.4193548,1.63176738887004,81.9409048,716.032258,35.29032258,35.29032258,716.032258
"59","126A","occ",0,"126A",2011,39.82788,-123.144089,457,12.29677419,14.38709677,16.83548387,20.11935484,24.94516129,29.93548387,34.99032258,34.56774194,32.01612903,24.84193548,16.2,11.97096774,0.05483871,0.670967742,2.051612903,3.206451613,5.896774194,8.409677419,10.52903226,10.00645161,8.229032258,5.2,2.132258065,0.432258065,6.167741935,7.532258065,9.451612903,11.67096774,15.42258065,19.17096774,22.76129032,22.27419355,20.12258065,15.01612903,9.164516129,6.209677419,189.8387097,179.2580645,149.6774194,83.41935484,43.74193548,14.12903226,0.612903226,0.967741935,12.96774194,62.19354839,151.0322581,203.7741935,13.7469086,18.02392473,3.95301192956688,621.9019346,34.99032258,0.05483871,34.93548387,6.63548387,21.72311828,3.10113311099888,6.63548387,6.99586954198601,203.7741935,0.106972119726081,85.94153507,572.8709677,14.5483871,14.5483871,572.8709677
"60","134A","occ",0,"134A",2011,39.4648,-123.273064,542,11.58709677,13.37741935,15.01935484,16.97419355,21.05806452,25.28064516,29.59677419,29.41290323,27.54193548,22.09354839,14.9,11.11612903,0.883870968,1.125806452,1.938709677,3.148387097,5.65483871,8.264516129,10.0516129,9.880645161,8.280645161,5.564516129,2.535483871,0.961290323,6.238709677,7.261290323,8.493548387,10.0516129,13.35483871,16.76451613,19.82903226,19.6516129,17.90645161,13.82903226,8.716129032,6.032258065,251.1935484,224.7096774,201.1612903,94.03225806,45.5483871,10,1.451612903,3.580645161,15.03225806,74.64516129,180.8709677,270.6129032,12.3436828,14.97231183,3.96356917954892,521.7303211,29.59677419,0.883870968,28.71290322,6.508602149,18.74784946,2.97692753505113,6.508602149,7.22500006871634,270.6129032,0.668656160435947,90.42145844,746.516129,15.03225806,20.06451612,746.516129
"61","1443A","occ",0,"1443A",2010,42.06643,-122.690826,1730,3.390322581,4.55483871,6.538709677,9.632258065,14.03225806,17.60645161,23.36774194,22.78709677,19.52580645,13.26129032,6.551612903,3.74516129,-2.606451613,-2.461290323,-1.909677419,-0.683870968,3.006451613,6.396774194,11.51612903,11.4516129,8.912903226,4.783870968,0.222580645,-1.619354839,0.393548387,1.048387097,2.325806452,4.470967742,8.516129032,12.00645161,17.43870968,17.11290323,14.21290323,9.012903226,3.393548387,1.041935484,129,105.1612903,90.03225806,60.70967742,51.90322581,27.06451613,11.83870968,16.90322581,21.58064516,45.29032258,123.6451613,162.4193548,7.583467741,8.998655914,3.55947102893755,637.2010461,23.36774194,-2.606451613,25.97419355,1.613978495,16.26021505,2.8190079261172,0.833870968,6.74057655312431,162.4193548,2.51274144899059,70.53633324,415.0645161,50.32258065,50.32258065,396.5806451
"62","1524A","occ",0,"1524A",2010,42.42068,-122.775482,438,8.529032258,11.81935484,14.63870968,18.39677419,22.86774194,26.61935484,32.05483871,31.60645161,27.9483871,20.53548387,12.19354839,8.125806452,-0.261290323,0.283870968,1.596774194,3.412903226,6.258064516,9.05483871,11.71290323,11.05483871,7.777419355,3.987096774,1.564516129,-9.23e-19,4.125806452,6.051612903,8.106451613,10.9,14.56774194,17.83225806,21.87419355,21.32258065,17.85806452,12.26129032,6.874193548,4.05483871,72.09677419,57.25806452,54.41935484,41.61290323,36.51612903,20.09677419,7.870967742,11.61290323,17.19354839,36.74193548,87.29032258,99.41935484,12.15739247,14.9077957,3.84226835736308,648.2767865,32.05483871,-0.261290323,32.31612903,5.025268818,20.35913979,3.03779221142609,4.749462366,6.29642590469097,99.41935484,2.1247694981285,64.50931129,258.8064516,36.67741936,36.67741936,228.7741936
"63","1554A","occ",0,"1554A",2011,42.14722,-122.953209,602,7.364516129,10.71290323,13.42258065,16.67741935,21.24193548,25.10967742,30.37419355,29.92258065,26.51935484,19.4,11.79032258,7.277419355,-2.103225806,-1.435483871,0.290322581,2.251612903,5.229032258,8.319354839,11.4,10.87096774,7.606451613,3.687096774,0.541935484,-1.693548387,2.622580645,4.635483871,6.864516129,9.470967742,13.22903226,16.71612903,20.87419355,20.39032258,17.05806452,11.55806452,6.174193548,2.783870968,85.90322581,62.32258065,67.70967742,50.32258065,41.58064516,23.93548387,9.612903226,12.61290323,17.90322581,38.19354839,95.48387097,109.7419355,11.03239247,14.57069893,3.81472084164044,661.6276282,30.37419355,-2.103225806,32.47741936,3.862903226,19.44892473,2.9931752436377,3.353763442,6.42295890370411,109.7419355,2.31381215560697,64.02199071,291.1290323,40.12903227,40.12903227,257.967742
"64","1564A","occ",0,"1564A",2010,42.1871,-122.717163,629,7.667741935,10.56451613,13.36451613,16.7483871,21.15483871,24.95483871,30.39354839,29.73548387,25.99032258,18.96129032,11.63225806,7.516129032,-1.412903226,-0.796774194,0.593548387,2.587096774,5.670967742,8.5,11.73870968,11.06774194,8.003225806,4.1,1.129032258,-0.922580645,3.129032258,4.9,6.974193548,9.670967742,13.41935484,16.72258065,21.05806452,20.40645161,17.00322581,11.52903226,6.377419355,3.303225806,67.74193548,53.64516129,55.16129032,47.83870968,44.64516129,21.93548387,10.67741935,12.93548387,17.5483871,36.93548387,80.58064516,90.58064516,11.20591398,14.03548387,3.79835673764259,648.1319816,30.39354839,-1.412903226,31.80645162,4.268279569,19.48817204,2.99514070060922,3.769354839,6.29291232300934,90.58064516,2.41389561371191,57.13222586,238.9032258,41.16129032,41.16129032,211.9677419
"65","1583A","occ",0,"1583A",2010,41.84087,-122.892929,526,7.619354839,11.05806452,14.42903226,18.38064516,23.14193548,27.08387097,32.72903226,32.13870968,27.9516129,20.91935484,12.09677419,7.480645161,-1.648387097,-0.916129032,0.55483871,2.658064516,5.54516129,9.067741935,12.60967742,11.86129032,8.632258065,4.290322581,0.822580645,-1.270967742,2.996774194,5.077419355,7.493548387,10.52258065,14.3516129,18.07419355,22.67419355,21.99677419,18.29354839,12.59354839,6.461290323,3.103225806,106.0967742,75.87096774,60.96774194,38.25806452,29.80645161,15.4516129,7.451612903,9.193548387,13.5483871,37.83870968,98.12903226,123.9354839,11.96814516,15.23521505,3.80259883295635,712.0979852,32.72903226,-1.648387097,34.37741936,4.183333333,20.98709677,3.06745260473882,3.720430108,6.42494744400711,123.9354839,2.0733747889692,78.05702372,328.1612904,30.19354839,30.19354839,305.9032258
"66","357A","occ",0,"357A",2011,43.09056,-123.636307,347,8.909677419,10.95483871,13.57096774,15.06774194,18.82903226,21.84193548,26.6516129,26.84193548,24.27741935,17.95806452,11.62580645,8.587096774,1.090322581,1.070967742,1.993548387,3.038709677,5.609677419,8.461290323,10.50967742,10.20967742,8.335483871,5.161290323,3.077419355,1.206451613,4.996774194,6.012903226,7.770967742,9.048387097,12.21612903,15.16774194,18.58387097,18.51612903,16.31935484,11.56774194,7.34516129,4.909677419,190,143.9677419,130.6774194,89.51612903,55.80645161,23.51612903,6.387096774,10.48387097,28.06451613,78.51612903,201.2903226,230.483871,11.03669355,12.11263441,3.86075254930612,510.6655114,26.84193548,1.070967742,25.77096774,5.749462365,17.41935484,2.90713606337942,5.303225807,7.08104422849413,230.483871,1.92964962815543,78.90957016,621.7741936,40.38709677,44.93548387,564.4516129
"67","402B","occ",0,"402B",2010,41.90234,-123.770401,439,8.825806452,11.41612903,13.60967742,17.19677419,21.80967742,25.69032258,30.46774194,29.93870968,26.23870968,19.03870968,11.8483871,8.641935484,-0.332258065,0.125806452,0.65483871,2.022580645,4.725806452,7.532258065,9.677419355,9.012903226,6.606451613,3.5,1.538709677,-0.222580645,4.25483871,5.758064516,7.125806452,9.609677419,13.26774194,16.60967742,20.06774194,19.47419355,16.42580645,11.27419355,6.693548387,4.209677419,312.2258065,247.5806452,245.2258065,156,88.67741935,35.48387097,4.387096774,10.61290323,28.19354839,106.7096774,277.9032258,407.4193548,11.23185484,14.99005376,3.89526345994626,583.1788811,30.46774194,-0.332258065,30.80000001,5.050000001,18.65698925,2.95594580883347,4.742473118,7.56055918114814,407.4193548,1.58659842042467,83.85381943,997.5483871,43.19354839,50.48387097,967.2258065
"68","410A","occ",0,"410A",2010,41.49911,-123.520401,305,10.15483871,13.46451613,16.57419355,20.52580645,25.09354839,29.18709677,34.39032258,34.28064516,31.36451613,23.36774194,14.50967742,10.16774194,-0.006451613,0.774193548,1.590322581,3.080645161,5.912903226,8.806451613,11.59677419,11.17419355,8.467741935,5.067741935,2.34516129,0.306451613,5.077419355,7.119354839,9.087096774,11.80967742,15.51290323,18.97741935,22.98709677,22.71935484,19.92258065,14.22580645,8.435483871,5.238709677,244.6129032,197.8387097,172.0322581,97.22580645,55.35483871,19.12903226,5.35483871,8.387096774,18.19354839,88.4516129,224.1612903,309.9677419,13.42486559,16.99704301,3.91031439738841,660.0435727,34.39032258,-0.006451613,34.39677419,6.24623656,21.87903226,3.10812446066198,5.810215055,7.27323809339483,309.9677419,1.76726844927486,87.37231989,778.7419354,31.93548387,31.93548387,752.4193548
"69","424A","occ",0,"424A",2010,40.86909,-123.565483,374,10.49032258,12.81612903,15.3483871,19.46451613,24.40967742,28.99677419,33.89677419,33.58387097,29.98387097,22.64193548,14.1516129,10.56129032,1.451612903,2.019354839,2.683870968,3.890322581,6.4,9.183870968,11.29354839,10.93548387,8.880645161,6.206451613,3.651612903,1.916129032,5.970967742,7.412903226,9.025806452,11.68064516,15.40322581,19.09032258,22.6,22.26129032,19.42580645,14.42258065,8.903225806,6.248387097,225.1612903,200.0967742,173.7419355,93,54.70967742,17.48387097,4.483870968,6.677419355,14.16129032,59.83870968,178.5483871,289.2580645,13.53575269,15.65268817,3.88657228420103,618.9015893,33.89677419,1.451612903,32.44516129,6.542473117,21.42903226,3.08781143286513,6.542473117,7.18361369417502,289.2580645,1.60620689190443,89.32947006,714.516129,25.32258064,25.32258064,714.516129
"70","435A","occ",0,"435A",2011,40.15915,-123.399223,709,10.50967742,11.63225806,14.27741935,17.4,22.90645161,27.72258065,32.83548387,32.47741935,29.46129032,22.32258065,13.98709677,10.5483871,0.025806452,-0.138709677,1.348387097,2.441935484,5.851612903,9.264516129,11.90322581,11.19032258,9.148387097,6.141935484,2,0.509677419,5.264516129,5.748387097,7.809677419,9.922580645,14.38064516,18.48709677,22.37741935,21.83870968,19.30322581,14.23225806,8,5.529032258,263.2258065,232.1935484,197.6129032,106.6129032,59.67741935,17.06451613,2.032258065,6.193548387,16.5483871,83.16129032,196.9032258,296.1612903,12.74032258,15.5327957,3.86295702536501,652.2872915,32.83548387,-0.138709677,32.97419355,5.514516129,21.16935484,3.07589904307,5.514516129,7.29836870955111,296.1612903,0.929111420494299,87.35159259,791.5806452,24.77419355,24.77419355,791.5806452
"71","436A","occ",0,"436A",2011,39.94304,-123.348053,486,11.3483871,12.8516129,15.10645161,19.13225806,24.13870968,29.01935484,33.99354839,33.5483871,30.83225806,23.84193548,14.63870968,11.00967742,1.261290323,1.167741935,2.609677419,3.648387097,6.741935484,9.922580645,12.34193548,11.8,9.767741935,6.94516129,3.048387097,1.725806452,6.296774194,7.009677419,8.861290323,11.39354839,15.44193548,19.46774194,23.15806452,22.67419355,20.29354839,15.38387097,8.85483871,6.361290323,255.2580645,217.2258065,197.0645161,94.4516129,50.58064516,13.22580645,1.290322581,4.548387097,14.67741935,79.83870968,179.7741935,272.1612903,13.76841398,15.70672043,3.8784392571097,645.5821371,33.99354839,1.167741935,32.82580646,6.560752688,21.77096774,3.11561584953005,6.560752688,7.23027112960143,272.1612903,0.582395816465441,88.94422552,744.6451613,19.06451613,20.51612903,744.6451613
"72","510A","occ",0,"510A",2011,43.11397,-123.417511,158,9.935483871,12.10645161,14.63548387,17.39032258,21.27096774,24.62580645,28.98064516,29.21290323,26.3516129,19.43225806,12.73225806,9.225806452,1.75483871,1.761290323,2.887096774,4.25483871,6.729032258,9.509677419,11.52903226,11.20645161,8.512903226,5.693548387,3.777419355,1.787096774,5.835483871,6.935483871,8.767741935,10.81612903,14.00322581,17.06129032,20.25483871,20.20645161,17.43548387,12.56774194,8.251612903,5.506451613,143.6774194,106.2580645,96.83870968,74.51612903,51.12903226,24.70967742,8.677419355,11.03225806,24.22580645,64.51612903,153.7419355,178.2580645,12.30430107,13.04139785,3.87111126396409,544.0203331,29.21290323,1.75483871,27.45806452,6.53548387,19.29892473,2.98562762966018,6.09516129,6.84383592100349,178.2580645,2.21674604909881,73.48252639,475.6774194,43.93548387,43.93548387,428.1935484
"73","531A","occ",0,"531A",2010,42.89787,-122.932121,387,8.577419355,11.15483871,13.93870968,17.64516129,22.3,25.9516129,31.10322581,30.95483871,27.50645161,20.20645161,11.55483871,8.164516129,-0.070967742,0.303225806,1.361290323,2.967741935,5.809677419,8.758064516,11.30645161,10.73870968,7.961290323,4.361290323,2,0.174193548,4.258064516,5.729032258,7.648387097,10.30645161,14.04516129,17.36129032,21.20322581,20.83870968,17.73225806,12.29032258,6.783870968,4.170967742,140.4516129,108.7096774,106.9354839,93.64516129,70.06451613,37.32258065,13.06451613,14.25806452,28.87096774,71.61290323,168.8709677,187.8387097,11.86370968,14.44892473,3.84692951048109,631.2675507,31.10322581,-0.070967742,31.17419355,5.066666667,19.92849462,3.01693072133739,4.717204301,6.94903652259138,187.8387097,2.6074572749992,66.73575531,497.1612903,56.19354839,56.19354839,437
"74","582A","occ",0,"582A",2010,42.39133,-123.555321,442,8.490322581,11.49032258,14.25806452,17.75806452,22.44193548,26.45483871,31.36129032,31.04193548,27.51290323,20.33870968,11.5516129,8.267741935,0.306451613,0.609677419,1.438709677,3.012903226,5.729032258,8.677419355,11.27096774,10.53870968,8.206451613,4.635483871,2.238709677,0.593548387,4.396774194,6.048387097,7.835483871,10.39032258,14.08709677,17.56451613,21.30645161,20.79032258,17.86451613,12.49032258,6.890322581,4.422580645,209.7419355,176.6451613,152.9354839,88.09677419,54.03225806,20.41935484,7.225806452,8.774193548,22.32258065,83.22580645,205.516129,255.1612903,12.0094086,14.47580645,3.85256363118449,625.4795751,31.36129032,0.306451613,31.05483871,5.241397849,19.89086021,3.01987398711028,4.959677419,7.15820015353298,255.1612903,2.04456621241593,82.42036296,670.4193548,36.41935484,38.32258065,641.5483871
"75","595A","occ",0,"595A",2011,42.09167,-123.238457,876,8.558064516,10.33870968,11.63548387,13.98709677,18.46774194,22.59677419,27.52258065,27.50645161,24.20967742,17.40645161,11.89354839,8.970967742,-0.122580645,-0.493548387,0.125806452,1.535483871,4.258064516,7.287096774,11.27419355,11.22903226,9.583870968,5.870967742,1.809677419,0.006451613,4.229032258,4.919354839,5.880645161,7.770967742,11.35483871,14.93870968,19.39677419,19.35806452,16.90645161,11.63548387,6.85483871,4.483870968,144.2903226,112.2903226,108.8387097,73.03225806,54.80645161,35.09677419,8.967741935,12.19354839,25.67741935,56.93548387,147.1935484,189.7419355,10.64408602,12.56075269,3.81405741269348,579.278129,27.52258065,-0.493548387,28.01612904,5.186021506,18.55430108,2.94729285456628,4.543010753,6.87684701831701,189.7419355,2.2478904347319,72.25482206,481.2258065,46.83870968,46.83870968,446.3225807
"76","605A","occ",0,"605A",2010,41.76255,-123.419563,582,9.258064516,12.22580645,15.03548387,18.66774194,23.4,27.74193548,33.03225806,32.73870968,28.99354839,21.18064516,13.22903226,9.196774194,-0.503225806,0.077419355,0.719354839,2.277419355,5.216129032,8.290322581,11.48387097,10.87741935,8.293548387,4.612903226,1.635483871,-0.296774194,4.380645161,6.158064516,7.870967742,10.47419355,14.29354839,18.01612903,22.26129032,21.81612903,18.6483871,12.89354839,7.441935484,4.451612903,274.6129032,207.3548387,178.7419355,96.61290323,45.38709677,20.51612903,6.387096774,10.35483871,20.96774194,77.61290323,220.483871,325.3225806,12.39099462,16.00134409,3.87566324655952,657.5133734,33.03225806,-0.503225806,33.53548387,5.419892474,20.69408602,3.0635416494529,4.993010753,7.30307229494366,325.3225806,1.92964962815543,90.34985638,820.4193548,37.25806451,37.70967742,807.2903225
"77","620A","occ",0,"620A",2011,41.31045,-123.034882,1092,6.267741935,8.477419355,11.48064516,15.47096774,20.59032258,25.02903226,30.26451613,30,26.6,19.30645161,10.0516129,6.316129032,-1.451612903,-1.096774194,0.296774194,1.8,5.196774194,9.474193548,13.19032258,12.41935484,9.941935484,5.593548387,0.867741935,-1.396774194,2.416129032,3.690322581,5.890322581,8.629032258,12.89677419,17.2483871,21.72258065,21.20967742,18.27096774,12.45483871,5.458064516,2.458064516,185.5483871,151.2903226,142.1935484,84.74193548,49.41935484,22.51612903,7.935483871,10.41935484,18.90322581,71.06451613,166.0322581,252.4516129,11.02876344,12.91827957,3.71918910473808,725.8499852,30.26451613,-1.451612903,31.71612903,3.442473118,20.40268817,3.03987777127401,2.852688172,7.05877202086618,252.4516129,2.13244707902366,82.61555326,604.0322581,37.25806452,37.25806452,589.2903226
"78","622A","occ",0,"622A",2011,41.24618,-122.902977,1626,3.729032258,4.941935484,7.503225806,10.79354839,15.97741935,20.55806452,25.46451613,25.15806452,22.06451613,15.00645161,7.280645161,4.174193548,-2.951612903,-2.822580645,-1.135483871,-0.35483871,3.309677419,7.006451613,10.80645161,10.07419355,7.961290323,4.316129032,-0.019354839,-2.622580645,0.393548387,1.067741935,3.183870968,5.219354839,9.638709677,13.78709677,18.13548387,17.61935484,15.01290323,9.664516129,3.632258065,0.783870968,205.3225806,166.3225806,128.7096774,72.35483871,54.67741935,32.58064516,11.38709677,10.96774194,16.77419355,68.06451613,150.7096774,200.3870968,8.175806452,10.75698925,3.64689073287852,668.247825,25.46451613,-2.951612903,28.41612903,0.74139785,16.92150538,2.85770538445299,0.74139785,7.01997447760778,205.3225806,2.43953804515196,78.08280847,572.032258,39.12903226,39.12903226,572.032258
"79","629A","occ",0,"629A",2011,41.2125,-122.645042,965,7.016129032,9.512903226,12.6516129,16.3,21.91612903,26.13870968,31.45806452,31.03870968,27.53548387,19.87096774,11.04193548,7.251612903,-1.696774194,-1.04516129,0.080645161,1.867741935,5.170967742,8.967741935,11.48387097,10.56774194,8.251612903,4.638709677,0.729032258,-1.490322581,2.65483871,4.229032258,6.370967742,9.083870968,13.5483871,17.5516129,21.46774194,20.79677419,17.9,12.25483871,5.883870968,2.883870968,259.9354839,235.5483871,188.6451613,105.0967742,65.93548387,25.83870968,11.90322581,10.03225806,16.96774194,71.80645161,204.516129,250.9677419,11.21908602,14.5172043,3.79067041300263,698.2096883,31.45806452,-1.696774194,33.15483871,3.258064516,20.05591398,3.02314868445495,3.258064516,7.27772691242561,259.9354839,2.35444274380255,82.48513175,746.4516129,38.90322581,38.90322581,746.4516129
"80","631A","occ",0,"631A",2011,40.98391,-122.714394,775,7.838709677,10.81612903,14.29354839,17.89677419,23.71935484,28.24516129,33.26774194,32.73225806,29.29677419,21.79354839,12.00645161,7.674193548,-1.490322581,-0.893548387,0.290322581,2.048387097,5.429032258,9.009677419,11.66451613,10.68387097,8.374193548,4.441935484,0.861290323,-1.138709677,3.174193548,4.961290323,7.287096774,9.977419355,14.56451613,18.62903226,22.46774194,21.7,18.83548387,13.11612903,6.438709677,3.270967742,238.5806452,231.516129,190.1612903,103.5806452,64.83870968,25.06451613,9.870967742,8.516129032,19.87096774,69.16129032,175.1612903,242.8709677,12.0358871,15.85833333,3.83135300631513,715.5684219,33.26774194,-1.490322581,34.75806452,3.801075268,21.00322581,3.06820296155351,3.801075268,7.22961668682413,242.8709677,2.19901508808139,81.72471044,712.9677419,38.25806451,38.25806451,712.9677419
"81","644A","occ",0,"644A",2011,40.78086,-123.308769,362,9.203225806,13.02258065,16.67741935,20.36774194,25.59032258,30.49677419,35.5483871,35.30645161,31.91612903,23.98709677,13.49677419,8.690322581,-0.180645161,0.558064516,1.677419355,3.077419355,6.077419355,9.125806452,11.93870968,11.37096774,8.038709677,4.609677419,1.748387097,0.067741935,4.519354839,6.787096774,9.174193548,11.72258065,15.83870968,19.81935484,23.74516129,23.32903226,19.98064516,14.31290323,7.625806452,4.370967742,179.9677419,150.7741935,127.0967742,68.90322581,43.48387097,17.51612903,3.64516129,7.129032258,14.32258065,58.12903226,137.7096774,203.9677419,13.43387097,17.1827957,3.88345830367693,710.2806387,35.5483871,-0.180645161,35.72903226,5.226881721,22.35322581,3.12909228068036,5.226881721,6.92081479210687,203.9677419,1.42194169977231,84.2900702,534.7096773,25.0967742,25.0967742,534.7096773
"82","646A","occ",0,"646A",2011,40.75795,-122.8862,757,7.474193548,10.50322581,13.64516129,17.19032258,22.83225806,27.43225806,32.47096774,31.92258065,28.59354839,21.2483871,11.29032258,7.309677419,-1.425806452,-0.84516129,0.190322581,1.8,5.119354839,8.261290323,11.73870968,10.80645161,7.819354839,3.974193548,0.993548387,-0.980645161,3.016129032,4.822580645,6.922580645,9.487096774,13.96451613,17.84516129,22.10645161,21.37419355,18.20645161,12.61290323,6.135483871,3.161290323,174.9354839,172.1935484,130.483871,69.4516129,49.03225806,20.03225806,5.225806452,4.64516129,15.61290323,60.83870968,143.516129,210.8709677,11.64018817,15.37177419,3.82534863084682,701.7541586,32.47096774,-1.425806452,33.89677419,3.672580646,20.55860215,3.04730912985906,3.672580646,6.9635103791935,210.8709677,1.63805671767706,83.53050777,558,25.48387097,25.48387097,558
"83","650A","occ",0,"650A",2010,40.80085,-122.821312,764,7.34516129,10.4483871,13.72580645,17.19677419,22.92258065,27.4516129,32.57096774,31.86451613,28.41935484,21.21290323,11.33548387,7.274193548,-1.435483871,-0.825806452,0.122580645,1.819354839,5.125806452,8.258064516,11.53225806,10.46774194,7.609677419,3.777419355,0.941935484,-0.951612903,2.958064516,4.812903226,6.929032258,9.512903226,14.03225806,17.86129032,22.04516129,21.17741935,18.01612903,12.5,6.141935484,3.161290323,170.7741935,154.7419355,125.0967742,61.51612903,51.96774194,16.83870968,3.903225806,4.064516129,16.64516129,53.96774194,130.7741935,183.8387097,11.59206989,15.4438172,3.82677823252875,697.9161194,32.57096774,-1.435483871,34.00645161,3.642473119,20.41075269,3.040263509445,3.642473119,6.88205691880217,183.8387097,1.4823374100373,82.50759049,509.3548387,24.61290323,24.61290323,509.3548387
"84","659A","occ",0,"659A",2011,40.78387,-123.129463,440,8.512903226,11.94516129,15.34516129,18.82580645,24.1,28.97741935,34.09677419,33.69032258,30.42580645,22.74516129,12.59354839,8.112903226,-0.667741935,-0.041935484,0.941935484,2.309677419,5.461290323,8.664516129,11.54516129,10.68709677,7.338709677,3.767741935,1.416129032,-0.519354839,3.925806452,5.95483871,8.15483871,10.57419355,14.77741935,18.82258065,22.81290323,22.18709677,18.89032258,13.2516129,7.009677419,3.796774194,188.1935484,161.4193548,135.516129,68.03225806,47.12903226,17.74193548,4.322580645,6.032258065,15.25806452,60.29032258,146.516129,211.5806452,12.51142473,16.53897849,3.87274792818916,695.4148806,34.09677419,-0.667741935,34.76451613,4.556989247,21.29731183,3.08178665164121,4.556989247,6.96841026080829,211.5806452,1.57330918831215,84.66563561,561.1935484,25.61290323,25.61290323,561.1935484
"85","66A","occ",0,"66A",2010,41.76951,-124.013977,205,10.39677419,12.07096774,13.74193548,15.44516129,19.3516129,22.96129032,26.26129032,24.77741935,25.24516129,19.71935484,12.88709677,10.54516129,1.751612903,2.651612903,2.951612903,4.183870968,6.619354839,9.141935484,10.96451613,10.79032258,9.106451613,6.283870968,3.848387097,1.941935484,6.080645161,7.367741935,8.34516129,9.812903226,12.98709677,16.0516129,18.60645161,17.78064516,17.17741935,12.99677419,8.370967742,6.235483871,375.0322581,320.2903226,297.2580645,207.0967742,116.1612903,51.16129032,8.903225806,13.09677419,39.12903226,142.1935484,352.0322581,456.7741935,11.81827957,11.93064516,3.8954317991909,470.0595446,26.26129032,1.751612903,24.50967742,6.895161289,17.85752688,2.91003967459422,6.559677418,7.77469988560914,456.7741935,2.24105280125737,79.13060791,1183.83871,61.12903226,61.12903226,1152.096774
"86","74A","occ",0,"74A",2010,41.7776,-123.326477,402,9.141935484,12.36774194,15.58709677,19.5,24.16774194,28.4483871,33.76129032,33.44193548,29.58387097,21.62903226,13.13225806,8.996774194,-0.183870968,0.387096774,1.15483871,2.819354839,5.5,8.429032258,11.11935484,10.39032258,7.680645161,4.212903226,1.725806452,-0.083870968,4.496774194,6.377419355,8.377419355,11.16774194,14.84193548,18.43870968,22.44516129,21.90967742,18.63225806,12.92258065,7.416129032,4.441935484,233.5483871,179.3870968,155.4516129,84.93548387,41.48387097,20.38709677,6.709677419,8.806451613,19.61290323,69.32258065,194.1935484,272.8064516,12.62123656,16.38387097,3.88702727275152,658.4243052,33.76129032,-0.183870968,33.94516129,5.454838709,20.99623656,3.06787787609075,5.104301076,7.16018199144558,272.8064516,1.97542420951926,87.986086,700.5483871,35.12903226,35.12903226,685.7419355
"87","931A","occ",0,"931A",2010,41.9615,-123.605713,1161,7.74516129,8.838709677,9.712903226,12.88387097,17.59354839,21.82580645,27.10967742,27,24.56129032,17.49032258,10.26774194,8.267741935,-0.45483871,-0.629032258,-0.690322581,0.483870968,3.464516129,6.648387097,10.66451613,10.63225806,8.990322581,5.203225806,1.451612903,-0.109677419,3.64516129,4.096774194,4.509677419,6.693548387,10.53225806,14.24193548,18.88064516,18.83225806,16.77419355,11.34516129,5.861290323,4.064516129,319.5806452,230.7419355,228.9354839,150.9032258,86.16129032,38.06451613,10.32258065,12.48387097,33.4516129,140.2580645,310.0967742,402.5483871,9.956317204,12.30349462,3.80125176505323,596.2760323,27.10967742,-0.690322581,27.8,4.52795699,18.15967742,2.92636490802433,3.943010753,7.5827631255763,402.5483871,2.38163475237368,81.37017993,1032.225807,56.25806452,56.25806452,952.8709678
"88","932A","occ",0,"932A",2010,42.44101,-122.999329,358,8.435483871,11.97419355,14.96774194,18.71935484,23.15806452,27.00645161,32.2483871,31.80645161,28.01290323,20.47419355,12.02580645,8.006451613,-0.306451613,0.322580645,1.690322581,3.5,6.44516129,9.261290323,11.82258065,11.13225806,7.909677419,4.229032258,1.619354839,-0.022580645,4.064516129,6.148387097,8.332258065,11.10967742,14.80322581,18.14193548,22.04193548,21.47096774,17.95806452,12.35483871,6.835483871,3.987096774,70.64516129,50.74193548,46.25806452,37.87096774,32.12903226,18.06451613,6.935483871,9.935483871,15.51612903,32.16129032,76.93548387,95.83870968,12.26827957,14.93602151,3.83685915929718,655.7900697,32.2483871,-0.306451613,32.55483871,4.959677419,20.48870968,3.0467217583961,4.734946237,6.20158822269472,95.83870968,2.0062636579559,67.08129438,243.4193548,32.38709677,34.93548387,217.2258065
"89","CoWiA","occ",1,"CoWiA",2010,43.6519,-123.087547,260,8.325806452,10.73225806,13.04193548,15.49677419,19.13225806,22.10967742,26.67096774,26.89677419,24.30967742,17.82580645,11.53548387,8.109677419,0.741935484,1.119354839,2.148387097,3.767741935,6.235483871,8.983870968,10.90967742,10.65483871,8.629032258,5.825806452,3.035483871,1,4.535483871,5.919354839,7.603225806,9.622580645,12.68387097,15.5483871,18.78064516,18.78064516,16.45806452,11.83870968,7.280645161,4.551612903,182.6451613,144.0322581,143.5806452,120.1290323,88.74193548,46.16129032,14.35483871,20.19354839,39.83870968,94.67741935,200.2258065,221.1612903,11.13494624,11.76129032,3.8170073060602,532.0609887,26.89677419,0.741935484,26.15483871,5.458064516,18.01182796,2.91840987697685,5.004838709,7.18253593693369,221.1612903,2.69832565123193,63.94226097,604.0322581,74.38709678,74.38709678,547.8387097
"90","275A","occ",0,"275A",2011,43.92164,-122.695229,262,8.203225806,10.39032258,12.86129032,15.30967742,18.69354839,21.80967742,26.29354839,26.66129032,23.79032258,17.04193548,11.41612903,7.903225806,0.751612903,1.196774194,2.206451613,3.880645161,6.351612903,9.106451613,10.93225806,10.86451613,9.077419355,6.119354839,3.038709677,0.932258065,4.480645161,5.787096774,7.525806452,9.6,12.53870968,15.47419355,18.62258065,18.77096774,16.44516129,11.57741935,7.225806452,4.419354839,162.7096774,128.5806452,141.8709677,113.8064516,91.58064516,61.12903226,15.96774194,21.83870968,39.93548387,94.38709677,194.6129032,187.1290323,11.03467742,11.32634409,3.78905786573416,532.1128812,26.66129032,0.751612903,25.90967742,5.374193548,17.93655914,2.91433560310306,4.896236559,7.13413230657284,194.6129032,2.80140343339382,58.16321965,544.4516129,77.74193549,77.74193549,478.4193549
"91","281A","occ",0,"281A",2011,43.76545,-122.993919,224,8.616129032,10.93870968,13.19677419,15.45483871,19.11612903,22.17741935,26.6483871,27.02903226,24.27096774,17.64193548,11.76774194,8.270967742,1.041935484,1.193548387,2.332258065,3.864516129,6.290322581,9.003225806,10.75483871,10.54516129,8.516129032,5.874193548,3.132258065,1.1,4.812903226,6.070967742,7.774193548,9.664516129,12.70967742,15.58709677,18.69354839,18.78709677,16.39677419,11.75806452,7.458064516,4.693548387,163.4193548,127.3870968,137.5806452,110.9677419,83.06451613,45.06451613,15.32258065,18.16129032,37.03225806,89.93548387,191.4516129,188.2903226,11.19905914,11.79005376,3.82578680863597,522.476314,27.02903226,1.041935484,25.98709678,5.654838711,17.96075269,2.91564700234964,5.193548388,7.09686823774353,191.4516129,2.76143807482608,62.01065572,543.1612903,70.51612903,70.51612903,479.0967742
"92","284A","occ",0,"284A",2011,43.76186,-123.064056,211,8.767741935,11.14193548,13.36774194,15.5,19.22258065,22.28387097,26.7,27.09354839,24.37096774,17.74516129,11.91935484,8.419354839,1.090322581,1.203225806,2.358064516,3.906451613,6.34516129,9.067741935,10.82580645,10.63225806,8.619354839,5.983870968,3.14516129,1.119354839,4.925806452,6.180645161,7.870967742,9.703225806,12.78709677,15.67096774,18.77419355,18.87096774,16.48709677,11.85806452,7.541935484,4.764516129,169.3548387,131.2903226,135.4193548,107.4193548,81.25806452,44.58064516,15.5483871,17.41935484,36.03225806,89.19354839,192.3870968,193.3870968,11.28454301,11.85295699,3.8304363216033,521.9157751,27.09354839,1.090322581,26.00322581,5.743548387,18.04032258,2.91994795912335,5.29032258,7.10150324088686,193.3870968,2.77560835231451,63.2794932,555.1290323,69,69,494.0322581
"93","495A","occ",0,"495A",2011,44.0107,-122.98394,140,8.706451613,11.13870968,13.5,16.1516129,19.82580645,23.01935484,27.61935484,27.84516129,24.86451613,17.88709677,11.93870968,8.45483871,1.570967742,1.809677419,3.025806452,4.380645161,6.780645161,9.329032258,10.98387097,10.73548387,8.8,6.183870968,3.677419355,1.751612903,5.148387097,6.477419355,8.258064516,10.27419355,13.30645161,16.17096774,19.30967742,19.3,16.82903226,12.03548387,7.803225806,5.090322581,167.5806452,130.7741935,132.9354839,97.16129032,70.48387097,40.06451613,13.35483871,16.93548387,32.35483871,83.38709677,186.9354839,192.3870968,11.66586022,11.82688172,3.81800460389889,528.5646843,27.84516129,1.570967742,26.27419355,6.016666667,18.47473118,2.94310815611942,5.572043011,7.06035175651962,192.3870968,2.62863453696245,66.19349572,546.9032259,62.64516129,62.64516129,490.7419355
