Master.ID,Latitude,Longitude,Elevation,presabs,bio10,bio15,bio11,bio17,bio12,bio3,bio2
herb.10,39.45785,-121.061836,763,1,21.96666666666667,4.433345690809902,6.333333333333333,3.349904087274605,7.262979170653555,46.28243512974052,15.458333333333332
herb.101,38.645253,-118.777802,1466,1,20.883333333333336,3.1121716810629723,1.4666666666666668,3.449987545831587,5.096812990337308,43.95061728395062,17.8
herb.102,34.490713,-119.58181,600,1,21.96666666666667,4.659165116219471,10.799999999999999,0.4054651081081644,6.454412090629509,51.8414481897628,13.841666666666667
herb.103,34.677166,-119.309479,1222,1,21.083333333333332,4.553489334649677,5.8500000000000005,1.7047480922384253,5.917548864157814,52.40036231884058,19.283333333333335
herb.104,33.362711,-118.38147,330,1,20.833333333333332,4.505914202405881,12.85,1.5040773967762742,5.705447753975262,49.01433691756274,9.116666666666667
herb.105,39.170565,-120.389099,1694,1,16.633333333333333,4.383024574798689,0.75,3.7727609380946383,7.428036061518883,43.19620253164557,13.65
herb.106,33.3629,-118.413597,259,1,20.95,4.502883428410032,12.983333333333334,1.5040773967762742,5.69204721843778,48.62637362637363,8.85
herb.109,35.776952,-118.437881,826,1,25.566666666666666,4.406697643834616,7.883333333333333,2.3513752571634776,5.6577385361547945,42.83000949667616,15.033333333333333
herb.11,39.71216,-121.274796,575,1,22.233333333333334,4.448136329522959,6.583333333333333,3.5115454388310208,7.322840630467292,44.571865443425075,14.575000000000001
herb.110,42.337745,-123.774292,288,1,20,4.4658903783594885,5.25,3.1570004211501135,7.144801735465339,47.01453790238837,15.091666666666667
herb.112,34.381918,-119.302666,104,1,20.78333333333333,4.586126841993553,11.866666666666667,1.252762968495368,6.0390635259072605,57.6844262295082,14.075
herb.114,36.120833,-117.088608,1988,1,21.516666666666666,3.673260088608271,3.1999999999999997,3.5409593240373143,5.535363823031238,37.195767195767196,11.716666666666667
herb.119,42.271257,-123.37043,893,1,18.400000000000002,4.351801461999825,4.05,3.8815637979434374,7.214872264072525,43.11465721040189,12.158333333333333
herb.12,39.732049,-121.403351,805,1,22.149999999999995,4.446955179548079,6.616666666666667,3.5409593240373143,7.390490022581602,42.394822006472495,13.1
herb.120,34.390555,-117.777779,1633,1,20.966666666666665,4.319999730777602,4.55,3.2386784521643803,6.024657514463746,43.80733944954129,14.325
herb.121,43.993899,-122.982971,150,1,18.016666666666666,4.209703523020387,5.283333333333332,4.283586561860629,7.04882071926074,45.404411764705884,12.35
herb.122,38.796344,-119.786301,1593,1,18,4.197443113893183,0.7333333333333333,3.7954891891721947,6.160151912626133,46.62645218945487,17.391666666666666
herb.123,33.386629,-118.451096,157,1,20.599999999999998,4.513660534351863,13.283333333333333,1.5040773967762742,5.661222860237405,50.76628352490422,8.833333333333332
herb.124,42.924324,-123.498497,248,1,19.733333333333334,4.309122627835348,4.966666666666668,3.8394523125933104,6.895176496775277,45.79234972677596,13.966666666666667
herb.125,39.85418,-121.775841,362,1,24.8,4.454278877823183,8.633333333333333,3.1570004211501135,6.977747650802172,40.66455696202532,12.85
herb.134,33.803611,-117.355003,606,1,24.233333333333334,4.355567659301103,11.266666666666666,2.4423470353692043,5.705447753975262,51.99453551912569,15.858333333333334
herb.138,43.314463,-122.968826,281,1,18.066666666666666,4.2434731585966965,4.45,4.400603020246817,7.27897394836171,46.15384615384615,13.200000000000001
herb.139,42.552116,-123.931152,1163,1,16.616666666666667,4.318599224721993,3.6166666666666667,4.848116364598481,8.203714563920446,40.123456790123456,9.75
herb.14,43.4137,-122.780434,533,1,18.150000000000002,4.172570649969887,3.7999999999999994,4.516338972281476,7.2762105614564,44.109195402298845,12.791666666666666
herb.140,39.848863,-120.764084,1524,1,17.366666666666664,4.373170655537685,1.0166666666666666,3.7727609380946383,7.1510935375818665,44.754901960784316,15.216666666666667
herb.141,32.596615,-116.686737,464,1,23.583333333333332,4.421859776670191,10.600000000000001,2.4423470353692043,6.000176487710004,54.245780590717295,17.141666666666666
herb.142,37.631155,-118.081718,1560,1,21.45,3.37218011652247,1.2666666666666668,3.2386784521643803,4.930870325627393,44.69879518072289,18.55
herb.144,39.723333,-121.470558,281,1,24.28333333333333,4.4827457365205685,7.883333333333333,3.2386784521643803,7.172040773627522,41.197916666666664,13.183333333333332
herb.145,36.113052,-117.163284,1029,1,27.733333333333334,3.830104877079076,7.666666666666667,2.917770732084279,4.973279507552487,38.93480257116621,14.133333333333333
herb.15,43.378607,-122.952049,326,1,18.166666666666668,4.2464519436975054,4.3,4.448516375942715,7.351479099207392,45.48611111111111,13.1
herb.150,39.518521,-121.344032,329,1,24.333333333333332,4.461546593293745,7.883333333333334,3.1135153092103742,7.071148825890573,43.28358208955224,14.5
herb.151,37.081278,-121.895836,409,1,20.033333333333335,4.512412636775263,9.666666666666666,2.6741486494265287,6.977747650802172,52.81339031339032,12.358333333333334
herb.155,34.3065,-118.111198,1026,1,23.066666666666666,4.515877644671861,8.733333333333334,2.1400661634962708,6.424058322604399,44.31684334511189,12.541666666666666
herb.16,33.026971,-116.914955,413,1,23,4.4524474683899395,11.566666666666668,2.2512917986064953,5.980150787207709,57.69444444444444,17.308333333333334
herb.161,34.0111,-119.696297,28,1,17.95,4.590356627896143,11.850000000000001,0.9162907318741551,5.850764665004847,62.17592592592593,11.191666666666666
herb.163,35.494634,-118.698196,514,1,25.8,4.353684191197878,9.049999999999999,2.1400661634962708,5.661222860237405,43.32344213649852,14.600000000000001
herb.166,35.984053,-121.237961,304,1,21.633333333333336,4.548175157703126,8.533333333333333,1.252762968495368,6.227524323688738,57.10922787193974,20.216666666666665
herb.168,34.274173,-117.334923,1135,1,22.166666666666668,4.389452475142684,7.466666666666666,3.1135153092103742,6.387720716130836,46.413160733549084,14.341666666666667
herb.174,35.873486,-121.234627,335,1,20.55,4.527658013852023,8.6,1.252762968495368,6.114787763139981,57.861635220125784,18.400000000000002
herb.179,40.281176,-122.162796,127,1,25.45,4.360775068300969,8,3.1986731175506815,6.509514015963292,42.23973256924547,14.741666666666667
herb.183,34.306944,-117.625832,2379,1,17.683333333333334,4.426877424757256,1.7833333333333332,3.5409593240373143,6.725633702190849,38.39699074074074,11.058333333333334
herb.185,42.356254,-123.41394,295,1,20.25,4.382626265629836,4.583333333333333,3.3843902633457743,6.633976111699347,47.430139720558884,15.841666666666667
herb.186,43.474497,-123.540474,80,1,18.099999999999998,4.318194730542456,5.75,3.9982007016691985,7.063476153978913,46.87112763320942,12.608333333333333
herb.19,32.771444,-116.493721,1022,1,21.21666666666667,4.381632953692757,7.75,3.2386784521643803,6.279459070741808,54.166666666666664,17.333333333333332
herb.191,42.347898,-123.781311,283,1,19.95,4.43457039607587,5.2,3.449987545831587,7.258764201294243,47.25705329153605,15.075
herb.193,34.303628,-117.735405,1033,1,22.766666666666666,4.469131041741776,8.483333333333333,2.6741486494265287,6.622071209193029,46.47222222222222,13.941666666666666
herb.194,34.321832,-117.732666,1282,1,22.116666666666664,4.459225555750562,7,2.803360380906535,6.604621101971435,44.79503775620281,13.841666666666667
herb.196,34.179166,-117.662498,954,1,22.599999999999998,4.487391239059674,9.566666666666666,2.4423470353692043,6.486922693742851,48.446833930704905,13.516666666666667
herb.199,37.253,-122.043297,185,1,19.9,4.524938309409964,9.75,2.1400661634962708,6.560323202124582,55.204081632653065,13.525
herb.2,36.342629,-121.539619,678,1,21.033333333333335,4.543371468325631,8.700000000000001,2.2512917986064953,6.446513155404975,50.209832134292576,13.958333333333334
herb.200,37.279457,-122.087997,389,1,19.716666666666665,4.513346714112278,9.75,2.4423470353692043,6.743470084674281,52.256186317321685,11.966666666666667
herb.201,37.350548,-121.545135,622,1,22.45,4.481069089190874,7.266666666666667,1.5040773967762742,6.2075834834852275,47.02020202020202,15.516666666666667
herb.202,37.469434,-119.780144,929,1,22.983333333333334,4.4702980196822235,6.816666666666666,2.740840023925201,6.7493455422344955,46.33911368015414,16.033333333333335
herb.204,37.526,-119.918999,865,1,22.349999999999998,4.469409202332088,6.8,2.6026896854443837,6.770215864960075,47.2879684418146,15.983333333333333
herb.205,37.7427,-119.562103,1235,1,19.266666666666666,4.3914867723135425,2.9333333333333336,3.481240089335692,6.850655686941565,46.56432748538011,15.925
herb.206,37.797622,-122.150238,205,1,18.55,4.5281657975938545,8.950000000000001,2.1400661634962708,6.428912701069197,51.64373088685016,11.258333333333335
herb.207,37.8143,-120.131798,908,1,21.7,4.447790328318448,6.266666666666667,2.8622008809294686,6.835722076082305,47.554890219560875,15.883333333333333
herb.208,37.882935,-121.975372,179,1,20.5,4.510764057676181,8.65,1.7047480922384253,6.203547151062767,49.96867167919799,13.291666666666666
herb.209,38.097813,-120.106483,1435,1,19.483333333333334,4.354041627881947,3.5666666666666664,3.5409593240373143,6.946495107298068,46.4964964964965,15.483333333333333
herb.21,42.4263,-123.314499,287,1,20.25,4.36832409232784,4.55,3.417726683613366,6.680227129350103,47.121212121212125,15.549999999999999
herb.210,37.750386,-119.596642,1245,1,19.349999999999998,4.372647989965101,3.0499999999999994,3.56953269648137,6.844282856026563,46.1764705882353,15.7
herb.211,37.917132,-121.946205,206,1,20.71666666666667,4.505566435601477,8.583333333333334,1.7047480922384253,6.2075834834852275,48.56429463171037,12.966666666666667
herb.212,40.137455,-121.643936,1033,1,20.583333333333332,4.37914585090444,4.783333333333333,3.6506582412937387,7.2643802216708275,42.586750788643535,13.5
herb.214,42.175968,-123.749214,756,1,19.083333333333332,4.421047869548586,4.483333333333333,3.8815637979434374,7.4767554667992,45.588235294117645,13.950000000000001
herb.215,42.178085,-122.889404,940,1,18.45,4.122358992378326,2.3499999999999996,4.085976312551584,6.578556526327422,40.52183173588924,12.683333333333334
herb.216,42.53066,-123.788696,746,1,18.95,4.320681610651948,5.05,4.42484663185681,7.708186124761757,41.299019607843135,11.233333333333333
herb.217,43.572816,-122.974419,414,1,18.05,4.170313530829237,4.25,4.56954300834494,7.356599110392247,44.08212560386473,12.166666666666666
herb.218,34.316977,-118.568039,883,1,23.766666666666666,4.576356369524095,10.683333333333332,2.1400661634962708,6.271933165041461,43.20261437908497,11.016666666666667
herb.219,38.502596,-122.099625,147,1,23.183333333333334,4.5644617934554645,8.333333333333334,2.0149030205422647,6.4496802206016755,46.927083333333336,15.016666666666667
herb.221,37.823395,-119.863571,1424,1,18.71666666666667,4.399056925454548,3.65,3.1570004211501135,6.9122451842549895,47.4537037037037,15.375
herb.224,37.989727,-120.171898,856,1,21.549999999999997,4.428931365331984,5.7,2.970414465569701,6.877811402609065,46.666666666666664,15.633333333333333
herb.23,38.500579,-122.995735,12,1,18.25,4.553020828410984,8.683333333333334,2.4423470353692043,7.083807222762497,57.72849462365591,14.316666666666666
herb.230,38.558569,-122.730347,166,1,19.73333333333333,4.543180243155446,8.6,2.3513752571634776,6.889082013716516,54.21348314606742,14.475
herb.234,34.443816,-119.29615,193,1,21.566666666666666,4.622149018984796,11.633333333333333,1.5040773967762742,6.189290290437902,57.33830845771144,15.366666666666667
herb.238,39.225,-122.708336,1033,1,22.083333333333332,4.561416370012682,6.066666666666666,2.740840023925201,7.05142262879455,40.397350993377486,12.2
herb.239,39.25,-122.708336,1447,1,21.016666666666666,4.583729737087429,4.65,3.1135153092103742,7.154224655599844,36.4475201845444,10.533333333333333
herb.24,33.383331,-118.416672,496,1,21.099999999999998,4.4942847872870955,12.783333333333333,1.5040773967762742,5.72194977861165,46.376811594202906,8.533333333333333
herb.240,39.234869,-122.700867,1190,1,21.75,4.5703226852245065,5.566666666666666,2.970414465569701,7.084645445778885,38.68243243243243,11.45
herb.247,35.713836,-117.923813,1161,1,26.433333333333334,4.363777106453603,7.650000000000001,2.1400661634962708,5.090678001769792,37.885572139303484,12.691666666666666
herb.248,37.671313,-119.81881,529,1,23,4.479469213172475,7.116666666666667,2.6026896854443837,6.7074733968111895,45.883233532934135,15.325
herb.249,42.648796,-123.711754,217,1,20.216666666666665,4.37370388276632,5.533333333333334,3.7013019741124933,7.111104202968168,48.23468328141225,15.483333333333333
herb.25,38.41078,-122.046883,120,1,23.349999999999998,4.56983508914814,8.416666666666666,1.7047480922384253,6.438551329906966,47.07556935817806,15.158333333333333
herb.252,34.217233,-118.175827,423,1,23.516666666666666,4.4825103976757905,12.616666666666667,2.4423470353692043,6.209595556598647,53.29457364341084,13.75
herb.253,43.2451,-122.375298,909,1,16.733333333333334,4.124215966404649,2.5166666666666666,4.620058798481842,7.21340005180809,45.7244008714597,13.991666666666667
herb.255,39.882778,-122.53389,217,1,26.150000000000002,4.421221296403511,8.166666666666666,2.803360380906535,6.3690444517266105,39.16906820365033,13.591666666666667
herb.26,42.441308,-122.999054,350,1,20.266666666666666,4.175826524239838,4.083333333333333,3.56953269648137,6.199494460612144,45.857988165680474,15.5
herb.260,32.852704,-116.753754,683,1,23.349999999999998,4.394108091281392,11.083333333333334,2.917770732084279,6.1323128556953614,54.109977324263035,15.908333333333333
herb.268,34.413589,-118.65757,272,1,24.099999999999998,4.59947295390514,12.133333333333335,1.5040773967762742,6.002651736498547,54.109589041095894,15.799999999999999
herb.285,34.234343,-118.306076,420,1,23.916666666666668,4.52226287464803,12.583333333333334,2.0149030205422647,6.0879104453762345,52.75712515489467,14.191666666666666
herb.286,39.382222,-122.551666,349,1,23.766666666666666,4.5465237673171535,7.066666666666666,2.4423470353692043,6.260537030310592,46.92982456140351,16.941666666666666
herb.287,39.807222,-121.436668,410,1,22.46666666666667,4.449357857885212,6.366666666666667,3.5115454388310208,7.334655667810367,43.16305469556243,13.941666666666666
herb.295,32.9652,-116.577789,1502,1,20.233333333333334,4.336833967302873,5.550000000000001,3.676300671907076,6.715989263360183,46.7948717948718,13.991666666666667
herb.3,38.872,-122.426201,658,1,22.933333333333334,4.531199681529091,7.366666666666667,2.6026896854443837,6.590987625635259,43.333333333333336,13.866666666666667
herb.302,34.143516,-117.708702,505,1,23.483333333333334,4.491695652392501,11.816666666666668,2.2512917986064953,6.181051314893349,53.309265944645,14.766666666666666
herb.304,42.053494,-123.162582,711,1,18.65,4.269704893121565,3.283333333333333,4.0163830207523885,6.619406317542652,44.713541666666664,14.308333333333334
herb.305,42.114997,-123.061249,602,1,19.3,4.177013955952646,3.6333333333333333,3.8394523125933104,6.476202836110654,45.096544715447145,14.791666666666666
herb.307,43.3125,-122.908401,448,1,18.183333333333334,4.224388546352192,4.4,4.516338972281476,7.339862318036722,44.828605200945624,12.641666666666666
herb.308,43.328333,-123.014717,230,1,18.166666666666668,4.228363011709276,4.533333333333333,4.324132656254979,7.165107001626084,46.75925925925926,13.466666666666667
herb.309,43.3741,-122.957001,326,1,18.150000000000002,4.249033337989372,4.3,4.436751534363128,7.352761561710834,45.54398148148148,13.116666666666667
herb.310,43.6485,-123.082703,259,1,17.516666666666666,4.16117571069053,4.5,4.400603020246817,7.164333606382584,45.17220172201722,12.241666666666667
herb.311,43.66,-123.079803,255,1,17.45,4.149921795240932,4.5,4.412798293340635,7.155786545804125,45.04920049200492,12.208333333333334
herb.312,42.2752,-123.639503,392,1,19.783333333333335,4.420339513244354,4.6000000000000005,3.676300671907076,7.337912999680673,48.092369477911646,15.966666666666667
herb.314,39.176432,-119.808044,1595,1,17.333333333333332,4.224576040224359,0.06666666666666658,3.3843902633457743,5.881928660039675,47.229551451187334,17.9
herb.319,34.8983,-118.837997,1105,1,23.233333333333334,4.414879410794021,7.383333333333333,1.8718021769015913,5.763622475012218,42.50814332247557,13.05
herb.324,38.596428,-122.103928,356,1,22.46666666666667,4.549515301378187,8.016666666666666,2.1400661634962708,6.506531165131227,46.18736383442266,14.133333333333333
herb.325,34.46538,-118.952423,365,1,23.433333333333334,4.591339621444501,11,1.252762968495368,6.178980920779041,51.555164319248824,14.641666666666666
herb.329,37.6895,-119.699799,1589,1,18.833333333333332,4.448811752582077,3.716666666666667,3.0204248861443626,6.911249168236393,45.619658119658126,14.233333333333334
herb.33,39.92794,-123.590057,785,1,19.816666666666666,4.478867520756548,6.033333333333334,3.417726683613366,7.616037347126352,45.86330935251799,12.75
herb.330,37.699,-119.755997,1321,1,19.900000000000002,4.449633898963963,5,2.917770732084279,6.843216757844566,47.222222222222214,15.158333333333333
herb.331,37.857,-119.863998,1359,1,19.150000000000002,4.374441072393874,3.85,3.2386784521643803,6.83249279448159,47.28150406504065,15.508333333333333
herb.333,36.520993,-118.893372,491,1,26.5,4.382662916416799,9.233333333333333,2.740840023925201,6.396095974467569,41.11940298507463,13.775
herb.334,37.203371,-119.413872,1232,1,22.116666666666664,4.470779331640515,6.266666666666667,2.8622008809294686,6.745824411835916,41.37096774193548,12.825
herb.335,37.261384,-119.355255,1429,1,20.53333333333333,4.466463811165212,5.083333333333333,3.068052935133617,6.824917000673133,43.1644880174292,13.208333333333334
herb.336,37.3592,-119.344978,1160,1,21.816666666666666,4.478697379762359,6.233333333333333,2.970414465569701,6.846411648741085,44.622833843017325,14.591666666666667
herb.337,37.366649,-119.540855,1397,1,20.333333333333332,4.48541380978973,4.883333333333334,3.068052935133617,6.957972995142755,44.82124079915878,14.208333333333332
herb.339,38.06962,-122.76329,30,1,17.849999999999998,4.561619966118343,9.299999999999999,2.2512917986064953,6.718409107251218,56.61993769470405,12.116666666666667
herb.340,38.24536,-120.266273,1347,1,20.216666666666665,4.400671509806658,4.283333333333334,3.5409593240373143,7.146378401144733,44.20634920634921,13.924999999999999
herb.341,38.265488,-120.279198,1244,1,20.466666666666665,4.409823863795207,4.55,3.481240089335692,7.1526603220778595,44.905956112852664,14.325
herb.343,38.32084,-120.226768,1384,1,19.3,4.3874240194139444,3.65,3.624340932976365,7.173575104576783,46.42489711934156,15.041666666666666
herb.345,38.680357,-120.417198,1439,1,19.849999999999998,4.34927731452018,3.3333333333333335,3.417726683613366,7.1604576325378915,44.70381526104418,14.841666666666667
herb.346,38.718776,-120.530579,1080,1,21.71666666666667,4.384842621480158,5.233333333333333,3.3843902633457743,7.094649697621226,43.930348258706466,14.716666666666667
herb.347,38.762865,-120.331161,1195,1,20.03333333333333,4.377928599725555,3.883333333333334,3.5409593240373143,7.199304862960407,45.68273092369477,15.166666666666666
herb.349,38.771749,-120.449234,987,1,21.73333333333333,4.382958724526176,4.966666666666666,3.5115454388310208,7.143222579985179,46.43874643874645,16.3
herb.350,38.776228,-120.264404,1371,1,19.333333333333332,4.336799893832598,3.533333333333333,3.676300671907076,7.097962330050082,46.59763313609468,15.75
herb.351,38.785585,-120.213585,1646,1,17.150000000000002,4.2786526917296355,1.5,3.9415818076696905,7.075386120366088,44.650205761316876,14.466666666666667
herb.355,38.98095,-120.539291,1368,1,20.083333333333332,4.395802617217033,3.8833333333333333,3.624340932976365,7.341159755779543,41.17647058823529,12.6
herb.357,39.00674,-120.747543,344,1,23.666666666666668,4.4164285758829065,6.883333333333333,3.1135153092103742,6.934883946370389,43.85572139303483,14.691666666666666
herb.358,39.01917,-120.518517,1256,1,19.816666666666666,4.401378966165593,3.6333333333333333,3.624340932976365,7.365496531655673,42.225772097976574,13.216666666666667
herb.359,39.023501,-120.721176,416,1,23.583333333333332,4.422186492869808,6.733333333333333,3.1135153092103742,6.975881108029737,43.768545994065285,14.75
herb.360,39.12205,-120.492416,1556,1,18.016666666666666,4.389459789488569,1.7666666666666666,3.7495040759303713,7.407621062511786,42.35015772870662,13.425
herb.361,39.29823,-121.087662,402,1,24.183333333333334,4.4395047462263335,8.233333333333333,3.0204248861443626,6.990716799696484,44.74474474474475,14.9
herb.362,39.3573,-120.748558,913,1,20.7,4.435700683703216,4.866666666666667,3.2771447329921766,7.33726238157054,46.153846153846146,15.6
herb.363,39.39442,-121.083023,454,1,23.633333333333336,4.458563094765812,7.6499999999999995,3.1135153092103742,7.217076526537399,45.748299319727884,15.691666666666666
herb.365,39.51642,-121.011383,699,1,21.583333333333332,4.444849295362653,5.566666666666666,3.449987545831587,7.394800374082724,46.911764705882355,15.95
herb.366,39.51892,-121.000351,717,1,21.616666666666664,4.443326232102008,5.6000000000000005,3.481240089335692,7.413065722060018,46.74556213017752,15.8
herb.367,39.56652,-120.745064,1039,1,19.833333333333332,4.372055631971099,4.466666666666668,3.7495040759303713,7.392339591542901,46.42497482376636,15.366666666666667
herb.368,39.74001,-123.632278,439,1,18.216666666666665,4.470493498090395,6.716666666666668,3.417726683613366,7.56190172219235,51.58428390367554,13.566666666666666
herb.369,39.99982,-121.269882,682,1,20.733333333333334,4.424625088311267,4.55,3.5409593240373143,7.27690212441619,43.630412890231625,14.441666666666666
herb.370,40.43141,-123.98378,68,1,17.116666666666667,4.421577227082033,7.833333333333333,3.2771447329921766,7.124075604948222,52.26190476190476,10.975
herb.371,40.48902,-123.980202,117,1,16.900000000000002,4.409275388287053,7.6000000000000005,3.3141860046725258,7.143222579985179,51.77133655394525,10.716666666666667
herb.372,40.769902,-123.126656,418,1,20.916666666666668,4.42142370325758,4.2,3.417726683613366,6.952250518868688,46.62417374881964,16.458333333333332
herb.373,41.228749,-123.651367,80,1,21.816666666666663,4.466331820970921,7.433333333333334,2.917770732084279,7.008957159491104,49.382716049382715,16
herb.374,41.296585,-123.359894,337,1,22.633333333333336,4.444272464048256,5.333333333333333,3.417726683613366,7.093819822054926,44.6064139941691,15.3
herb.375,41.378904,-123.464218,196,1,22.516666666666666,4.422503532417369,5.766666666666667,3.624340932976365,7.347621813807634,45.82096933728981,15.441666666666666
herb.377,41.668253,-123.109207,674,1,21.849999999999998,4.133220248961784,3.5666666666666664,2.5257286443082556,4.959341999708705,41.85446009389671,14.858333333333333
herb.379,41.878828,-123.826988,309,1,19.266666666666666,4.377058646439407,4.933333333333333,4.069026754237811,7.628274406337933,47.057291666666664,15.058333333333334
herb.380,42.57281,-124.047417,75,1,20.116666666666664,4.389188304226127,6.816666666666666,4.051784947803305,7.626813841326583,47.24157955865273,13.558333333333334
herb.386,33.413343,-117.215309,131,1,22.75,4.533591628001375,13.166666666666666,1.8718021769015913,5.951943788945699,55.19568151147099,13.633333333333333
herb.389,39.303944,-120.669746,1475,1,19.166666666666668,4.400292411793264,3.233333333333333,3.817712325956905,7.453272142538058,41.312636165577345,12.641666666666667
herb.396,34.347368,-117.910553,1981,1,19.916666666666668,4.463641060362893,4.083333333333333,3.0204248861443626,6.7074733968111895,38.427561837455826,10.875
herb.401,41.107439,-122.707184,787,1,20.866666666666664,4.371376621696364,3.0833333333333335,4.197201947661808,7.234537865055833,43.59869646182495,15.608333333333334
herb.402,43.3793,-123.269997,219,1,18.05,4.211504573459142,5.033333333333333,4.1666652238017265,6.961769867288376,45.93939393939394,12.633333333333333
herb.413,34.422027,-117.839249,1245,1,23.066666666666666,4.3485205104734685,6.3,2.740840023925201,5.600272098286537,45.568400770712906,15.766666666666666
herb.416,33.809861,-116.775276,1658,1,20.099999999999998,4.176827163980573,5.583333333333333,3.901972669574645,6.3894013887953545,49.31434599156118,15.583333333333334
herb.417,34.000361,-116.612526,646,1,27.116666666666664,4.417786481249122,11,2.2512917986064953,5.486869473092628,48.92857142857143,17.125
herb.420,39.807283,-121.723274,282,1,25.066666666666666,4.469804817525259,8.799999999999999,3.068052935133617,6.970260484333534,40.27777777777777,12.808333333333334
herb.422,38.510277,-122.232498,135,1,23.05,4.524660301899555,8.65,2.2512917986064953,6.3910792415379705,47.03703703703704,14.816666666666666
herb.43,37.2914,-118.23262,1702,1,20.400000000000002,3.6302507323210413,1.8333333333333333,3.5115454388310208,5.344723739362192,44.63350785340314,17.05
herb.430,37.64236,-119.925041,387,1,23.616666666666664,4.477947334469557,7.766666666666667,2.2512917986064953,6.528688644728503,45.82082082082081,15.258333333333333
herb.431,37.03393,-119.221024,1223,1,20.7,4.447275103000648,5.416666666666667,2.803360380906535,6.665046572173087,44.93769470404984,14.425
herb.433,40.062597,-121.196671,832,1,19.71666666666667,4.385846380195571,3.1,3.5115454388310208,7.003519900966516,44.82177263969171,15.508333333333333
herb.436,34.292687,-118.286644,453,1,23.883333333333336,4.516763864855125,12.033333333333333,2.0149030205422647,6.0764947962925575,51.58150851581508,14.133333333333333
herb.440,40.658949,-122.915573,504,1,20.96666666666667,4.40795391212999,4.45,3.2771447329921766,6.811794887836226,47.07977207977207,16.525
herb.441,39.22791,-123.364365,336,1,19.783333333333335,4.514929695103443,7.716666666666666,2.3513752571634776,7.063476153978913,53.431372549019606,15.441666666666666
herb.442,40.944082,-123.632233,141,1,21.51666666666667,4.432837844453533,6.883333333333333,3.417726683613366,7.253824177133645,47.92944785276073,15.625
herb.443,42.462809,-124.347702,30,1,17.900000000000002,4.284849866958658,7.7,4.61015772749913,7.684094050428847,50.90909090909091,11.2
herb.444,41.875902,-123.844688,257,1,19.433333333333334,4.379167659427225,5.05,4.069026754237811,7.64084406663503,47.06645898234684,15.108333333333334
herb.446,36.297836,-121.568611,1291,1,21.3,4.5512153095384065,6.633333333333333,2.6026896854443837,6.772508129574112,41.605839416058394,11.4
herb.447,38.511466,-122.097473,82,1,23.5,4.569927135855112,8.516666666666667,1.8718021769015913,6.410996912427582,47.256410256410255,15.358333333333333
herb.450,38.269104,-120.347374,1205,1,20.75,4.410468255840084,5.066666666666666,3.481240089335692,7.120848494442845,44.59388185654009,14.091666666666667
herb.452,37.98401,-120.205109,689,1,22.583333333333332,4.451844685040725,6.8,2.740840023925201,6.798498293045188,46.838235294117645,15.925
herb.453,36.15358,-118.732353,615,1,25.183333333333334,4.464258786542262,8.216666666666667,2.3513752571634776,6.292494637079263,41.74196787148595,13.858333333333333
herb.454,36.515372,-118.802338,622,1,25.53333333333333,4.362455392070102,8.483333333333334,2.8622008809294686,6.452837287154442,41.36455186304129,13.691666666666666
herb.455,34.772016,-119.943687,544,1,24.05,4.603099693224346,10.183333333333334,0.9162907318741551,6.380969635637417,46.29014396456257,13.933333333333334
herb.457,34.27427,-117.452347,830,1,23.566666666666666,4.470813421952304,9.616666666666667,2.740840023925201,6.457554277032581,48.02777777777778,14.408333333333333
herb.458,34.28497,-117.378616,1117,1,22.150000000000002,4.419992394653194,7.55,3.1986731175506815,6.459121675472594,46.362649294245394,14.233333333333334
herb.459,35.60615,-118.54895,956,1,24.566666666666666,4.378265917672956,7.333333333333333,2.5257286443082556,5.82452409235233,41.716122650840745,14.058333333333334
herb.462,34.06511,-118.932793,102,1,21.733333333333334,4.597037793412794,13.866666666666667,1.5040773967762742,5.94672865326659,56.28140703517588,11.200000000000001
herb.468,34.07808,-116.87558,1991,1,16.6,4.305356550242021,1.5166666666666668,3.624340932976365,6.6814818346589995,47.77951933124347,15.241666666666667
herb.469,36.589099,-118.826477,1450,1,19.73333333333333,4.38989178680744,3.75,3.3141860046725258,6.797382221500767,41.96047008547009,13.091666666666667
herb.47,37.870532,-121.915428,718,1,21.616666666666664,4.484659209590377,7.933333333333334,2.0149030205422647,6.3910792415379705,41.63473818646233,10.866666666666667
herb.470,37.581217,-119.956863,656,1,22.849999999999998,4.456720384247748,7.333333333333333,2.6026896854443837,6.630023537383524,46.676737160120844,15.450000000000001
herb.471,39.5537,-120.987968,1297,1,20.13333333333333,4.416648166379353,4.566666666666666,3.7495040759303713,7.537163618575075,43.09139784946237,13.358333333333334
herb.477,37.06235,-121.825333,483,1,20.066666666666666,4.520443613522381,9.666666666666666,2.4423470353692043,6.9172104377528925,50.76419213973799,11.625
herb.48,33.374648,-118.406746,311,1,21,4.498683932942692,12.933333333333332,1.5040773967762742,5.702114417555504,48.087431693989075,8.8
herb.480,34.174167,-118.486572,211,1,24.016666666666666,4.586250588702947,12.983333333333334,1.7047480922384253,5.884714177161102,54.31985294117647,14.775
herb.481,34.347439,-117.810402,2377,1,18.416666666666668,4.422939161481754,2.4166666666666665,3.1570004211501135,6.667592722498332,37.014134275618375,10.475
herb.482,43.437646,-123.095032,267,1,17.96666666666667,4.208574120288549,4.65,4.297285406218791,7.107834890697795,46.101190476190474,12.908333333333333
herb.50,37.369097,-121.643585,603,1,21.516666666666666,4.430733744950099,8.200000000000001,2.1400661634962708,6.3377102955561755,43.11193111931119,11.683333333333334
herb.52,32.777849,-117.05365,116,1,22.349999999999998,4.444682672514647,13.083333333333334,1.8718021769015913,5.715381610499553,53.50294985250738,12.091666666666667
herb.57,42.5632,-123.597603,215,1,20.233333333333334,4.387153735790522,4.783333333333333,3.624340932976365,7.022422353960263,47.41641337386019,15.6
herb.61,34.68497,-119.66597,1566,1,17.75,4.657019136037958,4.25,1.252762968495368,6.738744736247855,51.82539682539682,16.325
herb.63,32.788672,-116.668587,822,1,23.03333333333333,4.388064849819853,9.950000000000001,3.0204248861443626,6.153795959025435,53.952991452991455,16.833333333333332
herb.65,41.83909,-124.023125,132,1,17.933333333333334,4.338187976048045,6.616666666666667,4.269697449699962,7.7122201956740355,47.67206477732794,11.775
herb.72,38.965222,-119.843185,1487,1,17.933333333333334,4.100264998759002,0.5833333333333331,3.5409593240373143,5.738183901373533,48.40332458442695,18.441666666666666
herb.77,37.483888,-120.00444,642,1,23.88333333333333,4.461768464354917,7.6000000000000005,2.3513752571634776,6.563150059130735,46.13352545629202,16.008333333333333
herb.79,34.45191,-119.709328,185,1,19.066666666666666,4.630106625267102,12.016666666666666,0.9162907318741551,6.1452580202873985,57.656514382402705,11.358333333333334
herb.8,42.212838,-123.806412,1274,1,17.349999999999998,4.291090383750768,3.766666666666667,4.808111029984782,7.9815624487312755,40.920881971465626,10.516666666666666
herb.85,34.723,-119.964996,1238,1,22.916666666666668,4.64238792357206,7.8500000000000005,1.252762968495368,6.619406317542652,36.82098765432099,9.941666666666666
herb.86,42.606468,-124.06414,62,1,19.666666666666668,4.3471394658313685,7.166666666666667,3.7256934272366524,7.4416136018587,48.110285006195795,12.941666666666666
herb.87,42.6149,-124.067802,113,1,19.55,4.346656915276662,7.116666666666667,3.7954891891721947,7.4896915302060805,47.704402515723274,12.641666666666667
herb.88,33.807705,-116.726944,1888,1,18.599999999999998,4.192794413347151,4.016666666666667,3.8815637979434374,6.482342533064276,47.90996784565916,14.9
herb.90,41.250155,-123.304832,400,1,21.866666666666664,4.45614371326218,4.633333333333334,3.349904087274605,7.060047089324396,44.44444444444444,15.2
herb.92,39.726388,-121.707497,105,1,24.833333333333332,4.449778381413424,8.200000000000001,2.803360380906535,6.518409552753856,43.161764705882355,14.674999999999999
herb.93,34.514434,-119.832062,670,1,20.51666666666667,4.595607997663126,10.166666666666666,1.7047480922384253,6.384350873009287,53.838582677165356,13.674999999999999
herb.96,34.458023,-119.661736,329,1,19.483333333333334,4.668075416787185,11.633333333333335,1.252762968495368,6.26625133157403,56.410256410256416,11.733333333333333
herb.97,42.462071,-123.173981,312,1,20.233333333333334,4.324610845065172,4.416666666666667,3.56953269648137,6.6140551342047935,46.471471471471475,15.475
1001A,37.79816,-120.068153,894,1,21.416666666666668,4.448784712503528,6.166666666666667,2.917770732084279,6.831414045725414,47.67964071856288,15.924999999999999
1002B,37.89761,-121.945534,299,1,20.900000000000002,4.4985043370208375,8.533333333333333,1.8718021769015913,6.254789888055024,47.264150943396224,12.525
1051A,37.32274,-121.666481,661,1,21.03333333333333,4.430626877719105,8.433333333333334,2.1400661634962708,6.3638898011379466,41.66666666666667,10.208333333333334
1054A,37.10023,-121.472847,303,1,21,4.511451421584802,9,1.7047480922384253,6.365610971958719,49.45255474452555,13.55
1107A,36.35814,-120.786377,746,1,22.28333333333333,4.44943860295521,7,1.8718021769015913,6.1872369016260595,48.040674603174594,16.141666666666666
1132A,36.23088,-120.574333,492,1,22.766666666666666,4.5418275257949885,7.433333333333334,0.9162907318741551,6.0342845442909105,49.39478584729981,17.683333333333334
1134A,36.23716,-121.480148,245,1,21.916666666666668,4.493346443261191,9.516666666666667,0.4054651081081644,6.193384461970565,57.65357502517623,19.083333333333332
1141A,36.18827,-118.669678,1168,1,22.03333333333333,4.426408738464719,5.916666666666667,2.917770732084279,6.6612151498615315,41.79978700745473,13.083333333333332
1151A,36.01241,-121.516823,66,1,15.983333333333334,4.529502049324717,9.933333333333332,1.5040773967762742,6.2373475853916815,61.01694915254237,10.8
1170A,35.81593,-121.356796,120,1,16.45,4.529572126588762,10.25,0.9162907318741551,6.406054562993147,58.85416666666666,10.358333333333333
1198A,35.51782,-118.51651,959,1,24.016666666666666,4.38567162236706,6.966666666666666,2.1400661634962708,5.678464666671911,40.98484848484848,13.524999999999999
1210A,35.42347,-120.743446,333,1,18.283333333333335,4.540919967523367,9.866666666666667,1.5040773967762742,6.451259999761194,58.54885057471265,13.583333333333334
123A,39.8298,-122.632919,359,1,25.583333333333332,4.399626447902811,7.816666666666667,3.0204248861443626,6.508023702721733,39.21001926782274,13.566666666666666
1259B,34.75998,-119.953812,637,1,23.399999999999995,4.6146970729611905,9.533333333333333,0.9162907318741551,6.4559844179974615,44.49352179034158,12.591666666666667
1272A,34.52839,-120.172493,338,1,19.466666666666665,4.589115522015214,11.533333333333333,1.5040773967762742,6.243195555274104,58.01282051282051,12.066666666666666
1276B,34.45708,-119.653503,279,1,19.533333333333335,4.67145774155542,11.833333333333334,1.252762968495368,6.247075288559693,56.432038834951456,11.625
1283A,34.44371,-118.147499,947,1,23.666666666666668,4.43548030378949,8.049999999999999,2.1400661634962708,5.643678550586496,47.766064257028106,15.858333333333333
1286A,34.43958,-119.08149,368,1,22.650000000000002,4.626552345997157,11.6,1.7047480922384253,6.252866810539282,55.10455104551045,14.933333333333334
1287A,34.28378,-118.292549,434,1,23.916666666666668,4.51820278588347,12.233333333333334,2.0149030205422647,6.060290738037835,52.007299270073,14.25
1297A,34.07867,-118.699661,159,1,23.13333333333333,4.604781923594258,13.666666666666666,1.8718021769015913,6.074195944705447,52.99422799422799,12.241666666666667
1299A,33.97009,-116.899132,966,1,23.78333333333333,4.261738304447105,9.4,3.349904087274605,6.199494460612144,49.24242424242425,15.708333333333334
1300B,34.08467,-118.573463,244,1,23.25,4.6181101506720195,13.950000000000001,1.8718021769015913,6.166467723094256,52.3598820058997,11.833333333333332
1304A,33.67422,-117.544243,425,1,22.633333333333336,4.500939816845261,12.683333333333332,2.1400661634962708,6.03667688992953,52.31673582295989,12.608333333333334
1305A,33.78829,-116.886719,555,1,24.733333333333334,4.265988011923736,10.6,2.917770732084279,5.8126368795682835,53.13411078717202,18.225
1311B,33.68283,-116.682503,1373,1,21.71666666666667,4.15464559934318,7.066666666666666,3.8607297110405954,6.319868609079685,49.66356107660455,15.991666666666667
1313A,33.54106,-117.551338,123,1,22.53333333333333,4.48411347959545,13.166666666666666,1.7047480922384253,5.8185981490847825,56.98924731182795,14.133333333333333
1314A,33.45721,-116.970589,500,1,24.8,4.37339363026528,11.133333333333333,2.803360380906535,5.928258471204189,53.67573011077542,17.766666666666666
1315A,33.38498,-116.794968,844,1,23.333333333333332,4.285039062561486,8.616666666666667,3.2771447329921766,5.980150787207709,52.794117647058826,17.95
1316A,33.28895,-116.653641,896,1,22.383333333333336,4.232489518512246,7.816666666666666,3.5409593240373143,6.1366465569524795,53.05635148042025,18.516666666666666
1317A,33.41205,-117.239166,129,1,22.7,4.5348301444468495,13.049999999999999,1.8718021769015913,5.941486177301741,54.953145917001336,13.683333333333334
1328A,32.60863,-116.699692,267,1,23.666666666666668,4.43751784146993,10.799999999999999,2.0149030205422647,5.912150740388256,53.68895966029725,16.858333333333334
157A,38.79599,-120.775833,426,1,23.383333333333336,4.438024499498852,7.05,2.740840023925201,6.743470084674281,45.3757225433526,15.7
168A,38.5068,-120.848,287,1,23.399999999999995,4.439205722462775,7.766666666666667,2.1400661634962708,6.541751239754887,45.326409495548965,15.275
173A,38.5484,-122.722031,155,1,19.73333333333333,4.540122142751823,8.583333333333334,2.3513752571634776,6.879870075492601,54.104477611940304,14.5
1811A,37.15761,-118.333397,1437,1,23.2,4.105971557805907,4.066666666666666,3.0204248861443626,5.249652194566756,44.50854700854701,17.358333333333334
181A,38.49136,-120.503563,1131,1,21.366666666666664,4.425456345684003,5.083333333333333,3.3141860046725258,7.13528917859764,44.08358509566969,14.591666666666667
1828A,35.97921,-118.417709,1774,1,18.599999999999998,4.475138301203279,2.5833333333333335,3.3141860046725258,6.466922027036182,43.84057971014493,14.116666666666667
1835A,34.50208,-119.351387,419,1,21.866666666666664,4.643479542650532,10,1.5040773967762742,6.482342533064276,54.57906712172924,15.991666666666667
189A,38.25797,-120.578903,539,1,23.900000000000002,4.421329960755618,7.45,2.970414465569701,6.70502691241052,44.058408862034234,14.583333333333332
202B,37.63516,-119.933258,393,1,23.650000000000002,4.462354046955349,7.816666666666666,2.3513752571634776,6.496020557860377,45.68273092369478,15.166666666666668
210A,37.06745,-122.230797,46,1,17.083333333333332,4.468687595084274,9.716666666666667,2.917770732084279,6.640529215097739,59.674796747967484,12.233333333333334
213A,36.70656,-119.011353,1273,1,21.616666666666664,4.40580764464696,6.016666666666666,3.0204248861443626,6.709913910530146,42.74891774891775,13.166666666666666
216A,34.70284,-119.917542,705,1,23.099999999999998,4.636679780670069,10.116666666666667,1.252762968495368,6.508023702721733,45.833333333333336,12.375
218A,33.29533,-116.888748,920,1,23.266666666666666,4.390283510677152,9.066666666666666,3.2771447329921766,6.32704352775198,50.29761904761905,15.491666666666667
366A,42.94444,-123.718964,315,1,17.55,4.302689687459944,5.066666666666666,3.960813169597578,7.009860501919291,45.12516469038207,11.416666666666666
386A,42.29813,-123.730957,346,1,19.633333333333333,4.43675883588307,4.816666666666666,3.6506582412937387,7.361057716504462,47.429906542056074,15.225
388A,42.57239,-124.045898,102,1,20.03333333333333,4.3871324579327995,6.783333333333334,4.051784947803305,7.6345789859014666,47.22222222222223,13.458333333333334
404A,41.87669,-123.802078,330,1,19.116666666666667,4.385314359862539,4.75,4.051784947803305,7.629732841209959,46.98637316561845,14.941666666666666
438A,39.87476,-123.734283,277,1,18.466666666666665,4.454233723563383,7.183333333333333,3.3843902633457743,7.440440237101021,51.640926640926644,13.375
464A,38.91537,-120.499443,1434,1,20,4.3793032652095265,3.683333333333333,3.624340932976365,7.283104763185678,41.88172043010753,12.983333333333333
465A,38.6799,-120.416107,1477,1,19.733333333333334,4.346678853686188,3.3000000000000003,3.481240089335692,7.172808233373557,44.621212121212125,14.725
585A,42.27261,-123.567909,421,1,19.7,4.4025870838719685,4.283333333333333,3.817712325956905,7.252408247693544,47.997997997998,15.983333333333334
589A,42.27662,-123.365784,901,1,18.383333333333333,4.352838019687715,4.1000000000000005,3.8607297110405954,7.20228882638302,43.00118623962041,12.083333333333334
58B,42.50834,-124.295609,25,1,18.15,4.283888538495449,7.366666666666667,4.774912960575186,7.840509736886958,48.67256637168141,11
598A,42.11517,-123.08786,504,1,19.650000000000002,4.189663440614172,3.6333333333333333,3.7954891891721947,6.471573198211912,45.163690476190474,15.175
613A,41.6682,-123.110481,707,1,21.766666666666666,4.117255756037038,3.5,3.3141860046725258,5.249652194566756,41.73748819641171,14.733333333333334
698A,39.23211,-122.655853,1080,1,22.066666666666666,4.5843332970881425,5.866666666666667,2.8622008809294686,7.018849326487724,38.47457627118644,11.35
700A,38.9953,-123.549362,209,1,18.583333333333332,4.495999125594509,8.15,2.6741486494265287,7.070299208167417,57.096354166666664,14.616666666666667
702A,38.99341,-123.434517,146,1,20.333333333333332,4.512029188058029,8.383333333333333,2.3513752571634776,6.938769332511306,54.81418918918919,16.225
707A,38.53582,-120.347862,1583,1,19.8,4.366792608657338,3.6,3.7495040759303713,7.147952584862174,44.548286604361365,14.3
712A,38.16599,-120.076698,1477,1,19.349999999999998,4.331644121780146,3.4500000000000006,3.624340932976365,6.9172104377528925,46.64141414141414,15.391666666666666
717A,37.90245,-119.810463,1498,1,18.166666666666668,4.34850798953881,3,3.417726683613366,6.867453982208612,47.48717948717948,15.433333333333334
722A,37.4393,-119.634003,1309,1,20.900000000000002,4.452944231933894,5.183333333333333,3.068052935133617,6.915227293820838,45.412844036697244,14.85
725A,37.22764,-119.458656,1113,1,22.916666666666668,4.486670587780407,6.683333333333334,2.740840023925201,6.724433221854599,43.262411347517734,14.233333333333334
730A,36.30124,-121.573418,1200,1,21.266666666666666,4.549479527771537,6.883333333333333,2.6026896854443837,6.757513615651594,42.55189255189256,11.616666666666667
738A,34.24555,-117.028343,2285,1,16.683333333333334,4.269332499493574,1.3833333333333335,3.8394523125933104,6.508023702721733,47.01257861635221,14.95
740A,34.19556,-117.675941,862,1,23.016666666666666,4.4823647473774555,9.85,2.5257286443082556,6.494509983555011,48.22064056939502,13.55
77A,40.82426,-121.932663,628,1,23.53333333333333,4.347171232505741,6.6499999999999995,3.8607297110405954,7.327451969337026,42.78425655976677,14.674999999999999
799B,34.17675,-118.095367,289,1,23.666666666666668,4.48730409367438,12.783333333333333,2.5257286443082556,6.168564159920785,53.78787878787879,14.2
87A,39.74633,-121.538597,435,1,24.099999999999998,4.463721710617034,8.216666666666667,3.2771447329921766,7.194812156039999,40.755627009646304,12.675
93A,39.02876,-120.786057,771,1,23.21666666666667,4.420557707006713,6.6000000000000005,3.2771447329921766,7.08631978689838,41.90177638453501,13.366666666666667
944B,39.38229,-122.550987,352,1,23.766666666666666,4.5460192357484575,7.05,2.4423470353692043,6.271933165041461,46.83748845798708,16.908333333333335
CaA,37.80969,-119.856987,1377,1,18.900000000000002,4.405639623192644,3.7999999999999994,3.1986731175506815,6.920177798980694,47.11934156378601,15.266666666666666
CoWiA,43.6519,-123.087547,260,1,17.533333333333335,4.154729276045129,4.533333333333333,4.412798293340635,7.158124816549939,44.95694956949569,12.183333333333334
CuA,32.9001,-116.584702,1180,1,21.599999999999998,4.388300324755583,7.3500000000000005,3.2771447329921766,6.4622491213367885,50.107181136120055,15.583333333333334
FiA,39.520528,-120.997887,706,1,21.75,4.446654778428122,5.666666666666667,3.449987545831587,7.396641995229374,46.7156862745098,15.883333333333333
HaA,32.6575,-116.532356,799,1,21.933333333333334,4.3636867596135716,8.666666666666666,2.8622008809294686,5.922918004572872,56.017119838872105,18.541666666666668
KiA,32.77839,-116.442757,1287,1,20.166666666666668,4.337117301999044,6.516666666666667,3.5409593240373143,6.3690444517266105,53.30687830687831,16.791666666666668
LiA,39.71353,-121.276497,549,1,22.316666666666666,4.44789407737967,6.616666666666667,3.481240089335692,7.308207845266757,44.579533941236065,14.666666666666668
LiJaA,39.74279,-120.703941,1603,1,16.849999999999998,4.366127893751189,0.7500000000000001,3.901972669574645,7.1925582106830745,45.409181636726544,15.166666666666666
MiA,34.07737,-116.872589,2050,1,16.416666666666668,4.2995926000102305,1.3499999999999996,3.6506582412937387,6.6939430550968115,47.66771488469601,15.158333333333333
MoMeA,37.67214,-119.818092,538,1,22.95,4.476780935933549,7.116666666666667,2.6026896854443837,6.711131937477322,45.970970970970974,15.308333333333334
NfTuA,37.98643,-120.201859,717,1,22.433333333333334,4.44657864766562,6.683333333333334,2.740840023925201,6.808487277323468,46.853490658800396,15.883333333333333
OnA,41.8093,-123.119667,528,1,20.8,4.390968710878862,3.783333333333333,3.597312260588446,6.765615511821014,44.29824561403508,15.15
OrA,39.39664,-121.082336,455,1,23.616666666666664,4.458963481671897,7.6499999999999995,3.1135153092103742,7.218543340148393,45.796890184645285,15.708333333333334
PaA,36.51774,-118.759064,926,1,23.066666666666666,4.374074804488283,6.3999999999999995,3.1570004211501135,6.673929879321067,41.04361370716511,13.175
RAINA,37.81879,-120.007378,876,1,21.183333333333334,4.4384639959269565,5.8999999999999995,2.970414465569701,6.822741904655181,47.77944111776448,15.958333333333334
ReA,36.69096,-118.909607,1727,1,17.833333333333332,4.397785166305777,2.35,3.1986731175506815,6.847474348097207,43.7767094017094,13.658333333333333
RoA,43.39749,-122.930893,352,1,18.383333333333333,4.267793282325434,4.316666666666666,4.483002552013883,7.444541004417659,44.73379629629629,12.883333333333333
RoB,43.38255,-122.944588,336,1,18.166666666666668,4.242220799295023,4.283333333333333,4.460144413937834,7.355321563108937,45.325203252032516,13.008333333333333
SFMFTUA,36.13801,-118.573303,1679,1,18.216666666666665,4.409114852226673,2.966666666666667,3.3141860046725258,6.877811402609065,43.464052287581694,13.3
SfTuA,37.83533,-120.043762,492,1,22.150000000000002,4.455123844795353,6.566666666666666,2.803360380906535,6.7816250018379245,47.27182539682539,15.883333333333333
SwMeA,37.64211,-119.924187,413,1,23.533333333333335,4.476966965808822,7.716666666666666,2.2512917986064953,6.540308238061494,45.84584584584584,15.266666666666666
WAA,37.54066,-119.649422,1224,1,20.133333333333336,4.474565369901249,5.05,2.917770732084279,6.9191896566078,47.59371833839919,15.658333333333333
WfMoA,34.2842,-117.377541,1120,1,22.133333333333336,4.418373514199771,7.55,3.1986731175506815,6.465366816769375,46.48692810457517,14.225000000000001
WhA,33.99428,-116.664833,705,1,26.166666666666668,4.361229981561181,10.5,2.6026896854443837,5.6507332535663855,48.134328358208954,16.125
pseudo.19618,36.066976,-121.35936,524,0,21.45,4.558728492390814,8.383333333333333,1.252762968495368,6.430525604644662,54.84437751004017,18.208333333333332
pseudo.13786,37.065267,-120.579407,32,0,24.53333333333333,4.402068197243025,8.266666666666667,1.5040773967762742,5.581614840681993,45.6973293768546,15.4
pseudo.14079,43.282859,-122.830437,794,0,17.95,4.158377252860259,3.983333333333333,4.66814498514948,7.384299968771254,42.39393939393939,11.658333333333333
pseudo.19319,37.463749,-122.115379,-1,0,19.016666666666666,4.493889422395795,9.783333333333333,1.7047480922384253,5.930918047239948,54.02973395931142,11.508333333333333
pseudo.4628,42.971194,-123.643112,847,0,16.900000000000002,4.291296599750026,5,3.960813169597578,7.082968296538797,43.50282485875706,10.266666666666666
pseudo.18384,37.336305,-119.626427,802,0,23.866666666666664,4.489310702133628,7.383333333333333,2.5257286443082556,6.627379781712794,45.643939393939405,16.066666666666666
pseudo.4487,37.082712,-118.938377,2492,0,12.933333333333332,4.473957324285544,-1.4166666666666667,3.1986731175506815,6.869534066161939,48.4375,15.5
pseudo.18446,40.196007,-123.903595,416,0,19.766666666666666,4.434029829405025,7.6000000000000005,3.2771447329921766,7.289269166267788,49.877899877899885,13.616666666666667
pseudo.865,43.217384,-123.642349,692,0,16.833333333333332,4.336282750475872,4.933333333333333,4.350277936359301,7.4555876283772236,42.66809728183119,9.941666666666666
pseudo.4824,39.844581,-121.264374,1564,0,19.583333333333332,4.426265146579293,4.05,3.9982007016691985,7.797907353246598,38.93779342723005,11.058333333333334
pseudo.11372,40.733465,-121.601425,1808,0,17.099999999999998,4.277450942006814,0.7166666666666667,4.085976312551584,7.255944319270571,39.23497267759563,11.966666666666667
pseudo.864,43.536817,-123.73378,526,0,17.533333333333335,4.3755045896680835,4.8500000000000005,4.119037174812473,7.340511247326205,42.24965706447188,10.266666666666667
pseudo.6645,44.619889,-122.522469,765,0,15.416666666666666,4.079157803727341,3.233333333333333,5.1149953094204985,7.7299550874566965,40.67796610169491,9.6
pseudo.3207,34.382836,-119.345688,169,0,20.916666666666668,4.599997859906255,11.633333333333333,1.252762968495368,6.125776884715576,56.8273092369478,14.15
pseudo.13330,41.54718,-122.601074,963,0,19.733333333333334,4.276533347508231,2.4166666666666665,3.8607297110405954,6.561737629517393,42.391304347826086,14.625
pseudo.14115,42.046931,-122.315231,1211,0,17.849999999999998,4.038305942491767,0.8833333333333334,3.8815637979434374,6.268148865350222,41.46766169154228,13.891666666666666
pseudo.10182,35.378238,-118.108498,1160,0,25.71666666666667,4.296858907297702,7.633333333333333,2.3513752571634776,5.382198850528739,35.02109704641351,11.066666666666666
pseudo.16801,43.765897,-121.848709,1401,0,13.583333333333334,4.149171840123124,-1.3666666666666665,4.182050142641207,6.7086943981838845,44.1588785046729,14.175
pseudo.15108,43.749702,-123.734123,331,0,18.05,4.280715953000054,5.416666666666667,4.505349850705881,7.417880657633734,42.34496124031008,10.925
pseudo.11568,35.588065,-120.038513,433,0,24.233333333333334,4.450497533137957,8.433333333333334,0.4054651081081644,5.260096153727839,45.05522088353415,14.958333333333334
pseudo.4296,39.559806,-120.68782,1381,0,18.466666666666665,4.398743817032665,2.966666666666667,3.901972669574645,7.376820968499896,44.53933747412008,14.341666666666667
pseudo.7339,34.096837,-117.37574,367,0,24.400000000000002,4.46201919390392,11.866666666666667,2.3513752571634776,5.925591802957274,53.508771929824555,16.266666666666666
pseudo.9181,35.777929,-118.566475,2000,0,17.883333333333333,4.39736848718959,1.7333333333333332,3.1135153092103742,6.69641677311769,39.44444444444445,11.833333333333334
pseudo.19549,40.890621,-122.790733,821,0,20.266666666666666,4.404013460156393,3.016666666666667,3.2386784521643803,6.913240209212707,44.28706326723324,15.633333333333333
pseudo.16874,37.630931,-119.776192,1444,0,20.5,4.4640163098634424,5.3999999999999995,2.970414465569701,6.89719976504262,45.57877813504823,14.174999999999999
pseudo.10675,37.234159,-122.05542,423,0,19.799999999999997,4.516191676930123,9.483333333333334,2.6026896854443837,6.8736812986483855,50.511695906432756,11.516666666666667
pseudo.19727,42.441667,-123.116005,736,0,19.25,4.235457027097142,3.75,3.7495040759303713,6.474662003756499,41.1371237458194,12.3
pseudo.11363,43.466028,-122.413254,1119,0,16.466666666666665,4.10060777968515,1.9833333333333334,4.7140245909001735,7.282417477935256,43.52806414662084,12.666666666666666
pseudo.15891,35.825946,-120.623108,418,0,21.916666666666668,4.521981348853348,8.183333333333334,0.9162907318741551,5.995207533386816,54.22568460812087,19.14166666666667
pseudo.3469,43.424263,-121.514275,1476,0,14.383333333333333,4.203794800543536,-1.2166666666666666,4.051784947803305,6.544631011363498,45.93023255813954,15.8
pseudo.13732,42.211947,-124.143875,102,0,18.866666666666667,4.289235364943658,6.466666666666666,4.600157644164547,7.732588400367457,48.8929889298893,13.25
pseudo.7246,42.506588,-123.893822,550,0,19.083333333333332,4.350966671301124,5.366666666666667,4.483002552013883,7.916260494844103,42.783816425120776,11.808333333333334
pseudo.1130,40.420202,-120.848412,1570,0,16.566666666666666,4.269890424704142,-0.6499999999999999,3.817712325956905,6.686484972049608,42.62104283054004,15.258333333333333
pseudo.1885,34.061375,-118.464455,128,0,21.366666666666664,4.597515442085557,13.666666666666666,1.8718021769015913,5.967427969279741,54.8611111111111,10.533333333333333
pseudo.14659,37.104863,-121.931618,560,0,19.866666666666667,4.510555859353563,9.216666666666667,2.803360380906535,7.07284589884773,49.12663755458516,11.25
pseudo.14860,34.80923,-119.704475,1382,0,21.416666666666668,4.495626325811471,5.533333333333334,1.5040773967762742,6.1452580202873985,46.56249999999999,14.899999999999999
pseudo.11039,33.350217,-116.147018,716,0,27.46666666666667,4.168326261153984,10.266666666666667,2.3513752571634776,5.404927101606295,47.703598484848484,16.791666666666668
pseudo.18977,40.615933,-121.120583,1753,0,15.033333333333333,4.0749602149512345,-1.6833333333333333,3.901972669574645,6.446513155404975,47.355555555555554,17.758333333333333
pseudo.4247,40.35759,-121.55909,1625,0,16.73333333333333,4.323582736567297,0.9333333333333332,4.069026754237811,7.279663603561459,43.80733944954128,14.325
pseudo.15431,43.890901,-123.35479,356,0,17.95,4.260214791811493,4.916666666666667,4.283586561860629,7.208970365716502,42.42138364779875,11.241666666666667
pseudo.17262,40.984559,-123.797127,889,0,20.133333333333336,4.328570799705047,5.583333333333333,4.471638793363569,7.864995997185246,45.42093287827076,13.308333333333334
pseudo.1963,44.378677,-123.219734,82,0,18.033333333333335,4.24697067062137,5.233333333333333,4.212127597878484,6.997138840116823,45,11.925
pseudo.9935,36.34408,-118.674744,2576,0,13.533333333333333,4.425630631214619,-1.2166666666666668,3.2771447329921766,6.874715424903937,43.72852233676976,12.725
pseudo.732,39.381311,-120.230034,1893,0,13.983333333333334,4.299631628758853,-2.1333333333333333,3.7954891891721947,6.7621513051233455,47.79480037140205,17.158333333333335
pseudo.5503,41.002738,-123.755447,878,0,20.266666666666666,4.3246700336374735,5.05,4.537961436294641,7.926783088307404,43.55292792792792,12.891666666666666
pseudo.17901,44.646106,-122.735565,159,0,17.650000000000002,4.050394921780868,4.766666666666667,4.677490847567717,7.134492365806477,44.528301886792455,11.8
pseudo.19353,39.969006,-123.379089,698,0,21.96666666666667,4.478228863538469,6.333333333333333,3.068052935133617,7.246724395801937,46.28205128205128,15.041666666666666
pseudo.17101,40.973414,-122.728119,821,0,20.683333333333334,4.383999286155292,3.366666666666667,3.8394523125933104,7.184250005793341,44.06457739791074,15.466666666666667
pseudo.17126,40.127955,-121.320427,1816,0,16.5,4.383691973123935,0.8666666666666666,4.0163830207523885,7.389872738611384,40.91639871382637,12.725
pseudo.13482,33.685563,-116.339531,482,0,29.5,3.972226885592889,11.466666666666667,2.1400661634962708,4.987025428457122,47.04954954954954,17.40833333333333
pseudo.15300,40.854711,-121.662521,1097,0,18.816666666666666,4.282819422865976,1.8833333333333335,3.6506582412937387,6.83249279448159,45.399061032863855,16.116666666666667
pseudo.10526,39.745873,-122.86631,2068,0,17.25,4.4602541160767215,1.0833333333333333,3.481240089335692,7.23164873339649,31.751824817518244,8.7
pseudo.2107,43.11784,-124.032143,76,0,16.816666666666666,4.293136202903834,7.016666666666667,4.283586561860629,7.342455512358637,51.925925925925924,11.683333333333334
pseudo.7092,40.70213,-123.945305,571,0,17.03333333333333,4.363391993002075,7.45,3.8394523125933104,7.522670611272509,50.768049155145924,11.016666666666666
pseudo.15521,40.272371,-123.510735,1600,0,18.383333333333336,4.3568142026614485,3.4666666666666663,4.42484663185681,7.896738696249733,39.35006435006435,10.191666666666666
pseudo.16381,42.442127,-122.442024,1050,0,17.083333333333332,4.044359111632899,1.0666666666666667,4.212127597878484,6.794026513653794,42.757009345794394,13.725
pseudo.13785,41.892892,-122.398796,789,0,19.883333333333336,4.026152758868216,2.35,3.8815637979434374,6.101439400316553,43.84363295880149,15.608333333333333
pseudo.18166,40.461236,-122.964348,1268,0,19.516666666666666,4.401076728970786,3.3666666666666667,3.349904087274605,7.019743780930185,38.97222222222222,11.691666666666666
pseudo.2377,43.174239,-121.584923,1572,0,14.1,4.288121079783943,-1.6666666666666667,4.0163830207523885,6.6140551342047935,45.12487992315081,15.658333333333333
pseudo.9639,39.525966,-120.997948,880,0,21.366666666666664,4.438723425360781,5.433333333333334,3.5115454388310208,7.432187906154344,45.770770770770774,15.241666666666667
pseudo.11542,40.519551,-124.045105,165,0,16.666666666666668,4.408224039970942,7.766666666666667,3.3141860046725258,7.140849161149515,52.91666666666667,10.583333333333334
pseudo.11454,41.301178,-123.234291,668,0,21.483333333333334,4.440027294841339,3.9,3.624340932976365,7.165879799191592,42.45796241345202,14.308333333333334
pseudo.17842,38.058894,-120.070992,1688,0,18.3,4.344681179494747,2.6333333333333333,3.56953269648137,6.963662910920433,46.43589743589744,15.091666666666667
pseudo.15620,34.563028,-117.746262,899,0,25.099999999999998,4.168326261153984,7.216666666666668,2.4423470353692043,4.973279507552487,46.28647214854112,17.45
pseudo.19201,43.839508,-123.043808,182,0,17.683333333333334,4.174698889162191,5.083333333333333,4.324132656254979,7.064331586024234,45.84870848708488,12.425
pseudo.6071,40.649973,-123.913574,913,0,18.483333333333334,4.384383066872101,6.133333333333333,3.9219733362813143,7.589588699641809,45.42011019283747,10.991666666666667
pseudo.6865,38.508357,-120.160278,1685,0,17.733333333333334,4.323611859394223,1.8833333333333335,3.901972669574645,7.1376758145753705,42.91530944625407,13.175
pseudo.5638,44.009744,-122.761543,467,0,17.933333333333334,4.091308156038872,4.783333333333333,4.695924549256556,7.267874285323424,41.7617237008872,10.983333333333333
pseudo.10403,43.755662,-124.120132,51,0,15.183333333333332,4.2556036879222665,6.916666666666667,4.61015772749913,7.4812739720865515,51.747311827956985,9.625
pseudo.12677,39.105678,-122.96257,451,0,21.766666666666666,4.525027650407674,6.566666666666666,2.2512917986064953,6.7621513051233455,49.87992315081652,17.308333333333334
pseudo.8964,38.433254,-119.997948,2088,0,14.700000000000001,4.2758842149923115,-0.7666666666666665,3.9415818076696905,7.041849013462836,46.839959225280325,15.316666666666666
pseudo.10385,40.394487,-124.184639,622,0,18.099999999999998,4.340801094470951,7.483333333333333,3.8815637979434374,7.486893542930215,49.925261584454404,11.133333333333333
pseudo.15379,37.629943,-119.692268,1612,0,19.099999999999998,4.461951027904456,4.183333333333334,3.0204248861443626,6.942639680835639,45.66993464052288,13.975000000000001
pseudo.15602,43.499666,-123.982719,470,0,16.216666666666665,4.23968253720207,5.516666666666667,4.7318028369214575,7.620459958757613,42.427884615384606,8.825
pseudo.13669,35.124706,-118.753616,832,0,25.333333333333332,4.372603511580287,8.616666666666667,2.3513752571634776,5.86220971125072,38.84364820846906,11.924999999999999
pseudo.14259,35.603096,-117.966171,1305,0,25.716666666666665,4.3326626463659785,7.116666666666667,2.1400661634962708,5.249652194566756,37.17171717171717,12.266666666666666
pseudo.4,39.953026,-120.911842,1048,0,19.433333333333334,4.406344728103736,3.0666666666666664,3.3843902633457743,6.853826936956581,49.02890695573622,18.091666666666665
pseudo.18652,44.694261,-122.983002,75,0,17.966666666666665,4.162342645587537,5.016666666666667,4.388257184424518,6.988874330266929,45.0314465408805,11.933333333333334
pseudo.17085,36.269609,-116.421906,628,0,28.666666666666668,3.872102307043183,7.833333333333333,2.1400661634962708,4.483002552013883,44.57411957411958,18.141666666666666
pseudo.7501,38.044881,-120.289894,1129,0,21.416666666666668,4.426329911610427,5.6000000000000005,3.068052935133617,6.911249168236393,45.770392749244714,15.15
pseudo.9049,38.042522,-120.990463,54,0,23.616666666666664,4.454474258893387,8.1,1.7047480922384253,5.972536537222463,46.299093655589125,15.325000000000001
pseudo.1810,40.568158,-124.189392,11,0,14.966666666666667,4.3848504713887975,8.466666666666667,3.5115454388310208,6.977747650802172,54.47154471544716,8.933333333333334
pseudo.16576,40.718154,-123.685081,952,0,19.116666666666667,4.342173406876532,4.533333333333333,4.375757021660286,7.793792967685271,45.16219239373602,13.458333333333334
pseudo.12787,34.189615,-119.16925,14,0,19.033333333333335,4.584528296657027,12.733333333333333,1.252762968495368,5.86220971125072,62.994350282485875,11.15
pseudo.13616,41.383352,-123.542404,1011,0,21.183333333333334,4.384551182256514,4.7,4.135166556742356,7.66270286044753,42.4266247379455,13.491666666666667
pseudo.12248,42.809138,-122.585953,1019,0,17.71666666666667,4.2156357891184575,2.3833333333333333,4.324132656254979,7.178926799306929,43.1989247311828,13.391666666666667
pseudo.17141,44.302275,-123.336433,118,0,17.96666666666667,4.276126491503138,5.116666666666667,4.197201947661808,7.064331586024234,44.58020050125314,11.858333333333334
pseudo.11115,37.660886,-119.724777,1501,0,19.5,4.444761196114039,4.5,3.1135153092103742,6.9191896566078,44.83995584988962,13.541666666666666
pseudo.6580,33.803255,-116.944038,474,0,24.850000000000005,4.274267269145836,10.799999999999999,2.803360380906535,5.715381610499553,54.10731244064577,18.991666666666667
pseudo.2055,36.379009,-118.116646,2668,0,13.166666666666666,4.471091556624854,-2.033333333333333,2.917770732084279,5.997695096858618,42.73574561403509,12.991666666666667
pseudo.16663,33.232102,-116.014473,18,0,31.433333333333334,4.128711683807694,13.200000000000001,0.9162907318741551,4.548599834499697,47.03947368421053,17.875
pseudo.6892,34.425175,-117.791862,1457,0,22.100000000000005,4.259030806821971,5.533333333333334,3.0204248861443626,5.7477993600729755,44.766865079365076,15.041666666666666
pseudo.4447,39.004536,-121.501801,19,0,24.46666666666667,4.479592636614214,8.233333333333334,1.8718021769015913,6.245137303457015,42.88990825688073,14.024999999999999
pseudo.16152,40.678294,-123.339447,1441,0,18.833333333333332,4.429550533323593,3.1,3.56953269648137,7.174341388139183,41.911764705882355,12.825
pseudo.9399,43.410215,-121.873444,1481,0,13.566666666666668,4.2791353590477845,-1.4833333333333334,4.151039905898646,6.731614581263264,45.06545820745216,14.916666666666666
pseudo.12558,37.949494,-119.766785,1412,0,18.333333333333332,4.31414468051837,2.766666666666667,3.56953269648137,6.837869151517971,46.91641182466871,15.341666666666667
pseudo.7785,32.808465,-116.458244,1532,0,19.349999999999998,4.344107916739091,5.333333333333333,3.6506582412937387,6.538863151104813,50.3257328990228,15.450000000000001
pseudo.5391,32.812821,-115.614815,-13,0,31.900000000000002,3.991730755435088,13.333333333333334,0.9162907318741551,4.241326752570746,46.10071301247771,17.241666666666667
pseudo.11672,34.070479,-117.528053,307,0,24.100000000000005,4.53018550018435,12,1.8718021769015913,5.870708345972182,54.8937360178971,16.358333333333334
pseudo.16568,33.424356,-117.524567,70,0,22.083333333333332,4.4609124238153335,12.950000000000001,2.0149030205422647,5.702114417555504,55.662393162393165,13.025
pseudo.12231,43.306106,-121.766418,1421,0,14.033333333333331,4.279509226802617,-1.7166666666666666,3.9982007016691985,6.528688644728503,46.53954802259888,16.475
pseudo.2320,41.281599,-123.550369,443,0,22.133333333333336,4.398910797552243,6.349999999999999,3.7495040759303713,7.318207928601341,44.849896480331275,14.441666666666666
pseudo.17469,41.779031,-123.182426,1180,0,19.516666666666666,4.4508721992387965,3.3000000000000003,3.817712325956905,7.405799568383395,40.697674418604656,12.25
pseudo.12951,41.442258,-122.398643,1031,0,18.96666666666667,4.239087244372088,2.216666666666667,3.597312260588446,6.5771657055190795,44.27681992337165,15.408333333333333
pseudo.9175,34.627312,-118.263039,1095,0,23.96666666666667,4.4651001260287115,8,2.3513752571634776,5.827473946998751,41.502192982456144,12.616666666666667
pseudo.15284,39.942709,-121.642288,1029,0,20.816666666666666,4.419556739689056,5.1000000000000005,3.6506582412937387,7.428630238601129,42.261904761904766,13.016666666666667
pseudo.11992,38.241382,-120.363579,1195,0,21.2,4.416548146754612,5.3999999999999995,3.449987545831587,7.08799132928507,43.89596602972399,13.783333333333333
pseudo.19044,43.757817,-123.377983,474,0,18.3,4.211645237832862,4.7,4.400603020246817,7.2236603103776575,39.163498098859314,10.3
pseudo.4457,43.1292,-123.036041,872,0,17.883333333333333,4.164988962329144,4.016666666666667,4.620058798481842,7.310215878070003,43.02536231884058,11.875
pseudo.5823,38.46082,-123.102623,266,0,16.316666666666666,4.532196726891752,8.683333333333334,2.740840023925201,7.210449109054355,58.37651122625215,11.266666666666666
pseudo.13015,34.257558,-116.601517,1730,0,20.96666666666667,4.4318818424410935,4.566666666666666,2.8622008809294686,5.695414224985685,42.03586497890295,13.283333333333333
pseudo.17130,40.199238,-121.649918,980,0,20.716666666666665,4.34298287398428,4.733333333333333,3.676300671907076,7.1471658027602185,42.549325025960535,13.658333333333333
pseudo.16190,39.836754,-122.987152,1719,0,19.466666666666665,4.472250029267117,3.1,3.3141860046725258,7.374315486450112,33.720238095238095,9.441666666666666
pseudo.14154,37.018319,-121.923836,177,0,18.366666666666664,4.508184661695073,9.933333333333334,2.3513752571634776,6.639222025369117,60.668103448275865,14.075000000000001
pseudo.14351,37.301573,-122.194382,529,0,19.599999999999998,4.4815365769050155,9.466666666666667,2.970414465569701,6.822741904655181,49.28678678678679,10.941666666666666
pseudo.15114,37.937247,-119.621811,1934,0,15.5,4.404488624439445,0.5500000000000002,3.56953269648137,7.044469102297959,48.09670781893005,15.583333333333334
pseudo.14583,44.28493,-122.253815,1045,0,16.283333333333335,4.18795059600465,2.6166666666666667,4.987025428457122,7.693709509128289,43.19544364508393,12.008333333333333
pseudo.7853,34.920389,-118.884773,926,0,23.633333333333336,4.408459242621814,7.8999999999999995,1.7047480922384253,5.6577385361547945,43.096008629989214,13.316666666666666
pseudo.17858,40.909569,-123.20665,1782,0,16.833333333333332,4.431178599050879,0.25000000000000006,3.9415818076696905,7.503565226653125,40.03680336487908,12.691666666666666
pseudo.6526,33.067607,-116.073654,27,0,31.100000000000005,4.096576720883809,13.216666666666667,0.9162907318741551,4.471638793363569,47.52431476569407,17.916666666666668
pseudo.16518,43.506782,-122.28595,795,0,17,4.0362987791628155,2.3000000000000003,4.740574822994295,7.241724385385232,45.05464480874317,13.741666666666667
pseudo.12545,43.404965,-122.72168,1174,0,16.933333333333334,4.14252223280274,3.033333333333333,4.56954300834494,7.302833294203815,42.67031630170317,11.691666666666666
pseudo.17189,39.833365,-123.176819,470,0,21.683333333333337,4.4741196056067585,6.3999999999999995,2.6026896854443837,6.965552377708354,50.56022408963585,18.05
pseudo.15116,44.215021,-123.454231,409,0,18.016666666666666,4.349927619255988,5.033333333333332,4.197201947661808,7.334655667810367,41.28643852978454,10.858333333333334
pseudo.3576,38.517648,-122.678535,359,0,20.2,4.5400713930309236,8.416666666666666,2.5257286443082556,6.962716837056111,51.26742712294043,13.483333333333333
pseudo.2193,41.55179,-122.882462,839,0,20.066666666666666,4.356996851676431,2.4999999999999996,3.481240089335692,6.310826956162734,45.99184782608696,16.925
pseudo.9954,37.805211,-118.700218,2494,0,14.133333333333333,4.025055314625653,-2.316666666666667,3.8607297110405954,6.067267510523482,45.49614643545279,15.741666666666667
pseudo.13563,33.937854,-117.662376,153,0,24.03333333333333,4.519187994010598,12.716666666666667,1.7047480922384253,5.806639860095909,55.94405594405594,16
pseudo.17537,36.592503,-116.70446,946,0,27.95,3.702620616360827,7.533333333333334,2.970414465569701,4.824305715904762,38.9266304347826,14.325000000000001
pseudo.13395,34.141118,-116.538956,1456,0,22.316666666666666,4.4873316023291805,6.333333333333333,2.0149030205422647,5.511410582008745,45.20897043832823,14.783333333333333
pseudo.6204,36.067271,-120.927887,133,0,22.133333333333336,4.500739167621271,9.416666666666666,0.9162907318741551,5.675040005790547,55.51321138211382,18.208333333333332
pseudo.16712,40.123486,-121.545746,1409,0,18.266666666666666,4.389047713568827,3.0500000000000003,3.7727609380946383,7.457897765125078,43.225806451612904,13.4
pseudo.1616,38.848754,-120.975273,364,0,23.233333333333334,4.4425942144915975,7.483333333333334,2.6026896854443837,6.690220966432438,44.57831325301204,14.8
pseudo.4014,38.178102,-118.920387,2203,0,15.416666666666666,3.734642189702286,-2.0666666666666664,3.7727609380946383,5.629418059367339,47.92202227934875,18.641666666666666
pseudo.7658,41.05936,-124.129623,91,0,14.933333333333332,4.3375656996480085,8.049999999999999,3.7954891891721947,7.205263912251653,54.04339250493096,9.133333333333333
pseudo.6475,42.404849,-122.930504,367,0,20.316666666666666,4.198700340592783,4.216666666666667,3.5409593240373143,6.211603589401893,45.79601990049751,15.341666666666667
pseudo.8300,40.828168,-122.80645,834,0,20.05,4.402072822889841,3.0833333333333335,3.1986731175506815,6.858039686736205,44.51628352490421,15.491666666666665
pseudo.5983,41.690824,-122.326897,944,0,19.566666666666666,4.0770683385887905,2.1666666666666665,4.0163830207523885,6.301702805273125,44.46778711484593,15.875
pseudo.19200,41.774773,-123.403503,337,0,21.166666666666668,4.475514683431105,4.583333333333334,3.597312260588446,7.139263746627974,47.80821917808219,17.45
pseudo.7490,41.121516,-123.94606,347,0,18.333333333333332,4.334966651122644,7.633333333333333,4.22683374526818,7.669728650471935,52.24089635854341,12.433333333333334
pseudo.2803,40.508247,-121.551086,2106,0,14.766666666666666,4.266600711702361,-0.75,4.412798293340635,7.4433710715553465,41.4207650273224,12.633333333333333
pseudo.2316,33.135673,-117.126556,227,0,22.616666666666664,4.43792862369322,12.333333333333334,2.2512917986064953,5.901266279189834,55.68326947637292,14.533333333333333
pseudo.10341,40.873962,-122.188408,965,0,23.233333333333334,4.343598285647872,5.716666666666666,4.297285406218791,7.676705422957583,38.51909184726523,12.441666666666666
pseudo.16122,38.216552,-120.180176,1463,0,20.133333333333333,4.369957605834394,4.033333333333333,3.56953269648137,7.016161152825924,44.17450365726228,14.091666666666667
pseudo.16260,37.923455,-119.594604,1823,0,15.799999999999997,4.409597801522876,0.5333333333333333,3.5115454388310208,7.028644596257591,47.859327217125376,15.65
pseudo.7691,32.692501,-116.736984,835,0,23.05,4.393760165556556,9.85,3.0204248861443626,6.155919102073512,53.54889589905363,16.975
pseudo.16526,33.766794,-118.368805,333,0,20.916666666666668,4.5498204342082795,13.700000000000001,2.0149030205422647,5.914853444736141,54.25925925925927,9.766666666666667
pseudo.14660,39.814204,-121.192558,1721,0,18.78333333333333,4.4201941710385615,3.3333333333333335,3.979681653901961,7.797085829273509,39.01648998822143,11.041666666666666
pseudo.13071,37.311761,-122.175697,627,0,19.45,4.491073853531335,9.083333333333334,2.970414465569701,6.851713888098512,45.482866043613704,9.733333333333333
pseudo.19264,39.977109,-123.351395,524,0,21.96666666666667,4.474458152226352,6.25,3.0204248861443626,7.205263912251653,47.1556886227545,15.75
pseudo.884,44.405901,-123.509415,453,0,17.583333333333332,4.380025216478001,4.766666666666667,4.297285406218791,7.549872288429303,41.40625,10.6
pseudo.10919,38.04801,-120.244858,1131,0,20.983333333333334,4.415104260986641,5.2,3.1570004211501135,6.922151159265869,46.63654618473895,15.483333333333333
pseudo.18644,43.754932,-122.462059,558,0,18,4.114749853324687,4.2,4.579852378003801,7.149524294419511,44.87632508833922,12.7
pseudo.2868,43.976651,-123.844139,348,0,16.5,4.2373935547345845,5.6000000000000005,4.959341999708705,7.746516808347054,43.911719939117205,9.616666666666667
pseudo.2159,37.799875,-121.964119,167,0,20.683333333333334,4.511620923298508,8.566666666666666,1.8718021769015913,6.249009525139524,50.98566308243727,14.225
pseudo.4138,36.585574,-118.907417,926,0,24.116666666666664,4.384758458142204,7.666666666666667,3.068052935133617,6.62472901806655,40.814696485623,12.774999999999999
pseudo.7717,35.617819,-118.609314,1644,0,20.05,4.392211615015323,2.9166666666666665,2.8622008809294686,6.556067876554444,40.08307372793354,12.866666666666667
pseudo.15666,35.997212,-118.088448,1944,0,18.583333333333332,4.4678772436361545,2.2,2.740840023925201,5.763622475012218,43.24186991869918,14.183333333333334
pseudo.5809,41.077086,-123.514908,1279,0,19.316666666666666,4.291242138074995,3.266666666666667,4.537961436294641,7.676241816087898,40.86280814576635,12.708333333333334
pseudo.13509,41.229878,-122.216927,1071,0,19.666666666666668,4.392303785555978,3.0499999999999994,3.7495040759303713,7.322180128461773,43.4664694280079,14.691666666666666
pseudo.8933,36.841331,-121.102173,509,0,22.05,4.504671407302144,8.35,1.252762968495368,5.763622475012218,48.854166666666664,15.633333333333333
pseudo.3126,36.122413,-118.704468,1654,0,19.5,4.427277061083119,4.033333333333333,3.0204248861443626,6.775936704361289,41.666666666666664,12.333333333333332
pseudo.12668,43.924331,-122.5821,900,0,18,4.144750694614703,4.316666666666666,4.7664383335842135,7.415476087794649,42.90909090909091,11.799999999999999
pseudo.12375,42.917044,-122.653618,1343,0,16.349999999999998,4.15091685572695,1.5999999999999999,4.5591262474866845,7.261576153937963,41.02787456445993,11.775
pseudo.4576,37.854144,-118.749687,2289,0,15.066666666666668,4.066345452727836,-1.7666666666666664,3.7954891891721947,5.975081067857458,47.71689497716895,17.416666666666668
pseudo.5700,43.048923,-123.744041,571,0,16.75,4.272298603384617,5,4.241326752570746,7.226572580364629,45.208333333333336,10.85
pseudo.1438,43.977211,-123.53476,285,0,17.900000000000002,4.320720297998659,4.866666666666666,4.241326752570746,7.3108843272927535,43.734335839599,11.633333333333333
pseudo.5942,37.944467,-119.208664,2390,0,13.783333333333333,4.140331951302408,-2.3833333333333333,3.9982007016691985,6.3216671707156,48.30508474576272,17.1
pseudo.580,38.7912,-120.313141,1914,0,18.066666666666666,4.315831730055312,2.5,3.8815637979434374,7.184250005793341,41.94260485651214,12.666666666666668
pseudo.2569,39.485641,-122.828964,1156,0,20.183333333333334,4.5406050425302285,5.05,2.8622008809294686,7.253116463020596,42.55555555555555,12.766666666666666
pseudo.17916,35.959733,-118.877205,328,0,26.3,4.413040121388451,9,1.8718021769015913,5.853638230200579,43.29501915708812,15.066666666666666
pseudo.15280,41.76503,-122.290283,1337,0,18.283333333333335,3.9913061219068755,1.1166666666666665,4.102643365036796,6.3690444517266105,40.24390243902438,13.2
pseudo.3205,43.269676,-123.051895,293,0,18.183333333333334,4.2189728977870224,4.666666666666667,4.22683374526818,7.0427231393926215,47.19328703703704,13.591666666666667
pseudo.17623,38.082334,-119.856728,2006,0,15.633333333333333,4.477564090002715,0.3833333333333333,3.1135153092103742,7.020637436038809,46.391484942886805,14.891666666666666
pseudo.3546,38.519564,-120.719986,736,0,22.733333333333334,4.416784931379042,6.583333333333333,2.970414465569701,6.833570380792761,45.67067067067067,15.208333333333334
pseudo.14107,37.155573,-122.074631,303,0,19.666666666666668,4.515881695804985,9.633333333333333,2.6026896854443837,6.969320634640292,56.32530120481928,14.025
pseudo.17180,34.142982,-118.945129,358,0,22.716666666666665,4.60785723383863,13.083333333333334,0.4054651081081644,6.031886461606898,52.28613569321534,11.816666666666666
pseudo.7966,43.240989,-123.201836,333,0,18.116666666666667,4.207044669593148,4.6499999999999995,4.102643365036796,6.888062645636401,46.794871794871796,13.383333333333333
pseudo.8521,42.997048,-124.375458,48,0,16,4.279738081462325,7.3500000000000005,4.505349850705881,7.511251237589436,53.06799336650083,10.666666666666668
pseudo.18468,42.414821,-123.490868,366,0,20.016666666666666,4.391796899297525,4.6000000000000005,3.5115454388310208,6.909254155105873,46.666666666666664,15.166666666666666
pseudo.13523,32.599636,-116.842697,1020,0,23.55,4.39394923981989,11.066666666666668,3.068052935133617,6.277582897583581,54.16666666666668,16.358333333333334
pseudo.5603,39.426935,-120.909523,778,0,21.183333333333334,4.423449161703244,5.166666666666667,3.481240089335692,7.347621813807634,44.92864424057085,14.691666666666666
pseudo.17452,44.336081,-123.61834,120,0,17.51666666666667,4.262004774831407,5.216666666666667,4.412798293340635,7.405799568383395,46.29277566539924,12.175
pseudo.8225,40.155242,-122.779449,941,0,21.416666666666668,4.382172452503454,4.566666666666667,3.449987545831587,6.847474348097207,38.92438764643237,12.183333333333334
pseudo.10262,44.366398,-122.562035,326,0,17.266666666666666,4.0497648107444775,4,4.871373226762748,7.384299968771254,43.06071871127632,11.583333333333332
pseudo.14052,40.36187,-121.273201,1611,0,16.45,4.3009739485653915,-0.5666666666666669,3.8815637979434374,6.886020786836131,44.31290622098422,15.908333333333333
pseudo.14794,43.597323,-122.751869,585,0,17.933333333333334,4.146325810617122,4.016666666666667,4.579852378003801,7.3108843272927535,43.94484412470024,12.216666666666667
pseudo.4964,42.636052,-122.093155,1511,0,14.533333333333333,4.306244136692446,-1.3833333333333335,4.085976312551584,7.008957159491104,43.05555555555556,14.208333333333334
pseudo.15184,41.971794,-123.696335,667,0,18.166666666666668,4.405920610982108,4.133333333333334,4.051784947803305,7.651833188210626,47.21320346320346,14.541666666666666
pseudo.18955,40.505604,-122.705124,639,0,21.75,4.33422978370164,4.8,3.676300671907076,6.974011074759202,43.29922027290448,14.808333333333334
pseudo.18309,40.731308,-121.978645,616,0,23.71666666666667,4.3291314867286514,6.8500000000000005,3.7954891891721947,7.21340005180809,42.74193548387097,14.575
pseudo.8107,33.056004,-116.268463,853,0,24.95,4.1821957751071395,9.283333333333333,2.8622008809294686,5.611301621862036,50.54080629301868,17.133333333333333
pseudo.9023,33.635432,-117.735725,73,0,22.166666666666668,4.487787587671238,12.85,2.0149030205422647,5.702114417555504,55.54378531073446,13.108333333333333
pseudo.18234,37.483089,-120.724342,48,0,24.316666666666666,4.414778999884513,8.233333333333333,1.7047480922384253,5.731721843345443,44.696969696969695,14.75
pseudo.5822,37.977332,-119.791443,1893,0,16.26666666666667,4.374111029584074,1.3666666666666665,3.5409593240373143,6.946495107298068,47.196016771488466,15.008333333333333
pseudo.18431,41.841625,-123.307266,570,0,20.549999999999997,4.464386446686667,4.3999999999999995,3.624340932976365,7.299459471840264,46.57869012707723,15.883333333333333
pseudo.13566,39.631354,-120.067024,2030,0,15.083333333333334,4.278612345284245,-1.5,3.7954891891721947,6.500538637835167,44.33139534883721,15.25
pseudo.10331,43.388116,-123.92321,486,0,16.433333333333334,4.255011864269061,5.8500000000000005,4.590056548178043,7.539824610033492,46.8939393939394,10.316666666666666
pseudo.13052,33.412127,-117.465263,186,0,22.083333333333332,4.4677471744098325,13.4,2.2512917986064953,5.881928660039675,56.96902654867256,12.875
pseudo.9984,42.434299,-122.919815,370,0,20.28333333333333,4.208540764143577,4.2,3.56953269648137,6.249009525139524,45.820895522388064,15.350000000000001
pseudo.18577,42.662693,-123.891373,580,0,18.400000000000002,4.356801318605548,5.066666666666666,4.33729074083249,7.850687941802713,43.641975308641975,11.783333333333333
pseudo.14222,35.25747,-117.432297,845,0,26.86666666666667,4.189394109321615,8.083333333333334,2.1400661634962708,4.757891273005756,43.328840970350406,16.075
pseudo.18896,36.348757,-118.698158,2237,0,15.6,4.4253248486983185,0.3833333333333333,3.2771447329921766,6.8684945650288345,43.01346801346801,12.775
pseudo.3570,40.884588,-123.739273,1233,0,19.533333333333335,4.33073277024316,3.783333333333333,4.5591262474866845,7.947501814783211,42.003367003367,12.475
pseudo.16910,39.932549,-120.460709,1801,0,15.383333333333333,4.311135292751659,-1.1,3.7727609380946383,6.74111020157319,45.357142857142854,15.875
pseudo.6897,38.039148,-120.290955,1029,0,21.633333333333336,4.427321504209278,5.716666666666666,3.068052935133617,6.89416332546267,46.10943775100402,15.308333333333334
pseudo.1583,38.328489,-119.990242,1773,0,17.866666666666667,4.30804964129287,2.066666666666667,3.8607297110405954,6.975881108029737,46.001031991744064,14.858333333333334
pseudo.1739,33.977702,-117.834831,226,0,23.516666666666666,4.540655664111454,12.65,1.5040773967762742,5.977619140285929,54.71813725490196,14.883333333333333
pseudo.8348,41.886343,-122.782539,1255,0,19.3,4.30955969718799,2.2333333333333334,3.8394523125933104,6.666320457695676,38.205537806176785,11.958333333333334
pseudo.1824,40.445769,-120.662971,1398,0,18.116666666666664,4.1902007665292755,0.13333333333333344,3.5409593240373143,6.048553514092109,44.995590828924165,17.008333333333333
pseudo.10226,39.81701,-121.36409,1460,0,20.266666666666666,4.431630430089041,4.966666666666667,3.8607297110405954,7.681790963275421,39.77272727272727,11.375
pseudo.11640,42.865751,-124.472862,50,0,14.866666666666667,4.2771634471534234,7.8500000000000005,4.548599834499697,7.540887027132095,53.607723577235774,8.791666666666666
pseudo.7314,34.011167,-117.090164,677,0,24.45,4.3115988864187464,10.583333333333334,2.917770732084279,5.901266279189834,51.03519668737061,16.433333333333334
pseudo.8681,37.961106,-119.861687,1583,0,18.433333333333334,4.377854813246863,2.9666666666666672,3.349904087274605,6.926086235666861,46.508664627930685,15.208333333333334
pseudo.5656,34.479179,-119.180267,842,0,22.03333333333333,4.6215363866259445,9.416666666666666,1.7047480922384253,6.3826616834184415,50.23474178403755,14.266666666666666
pseudo.8733,42.446031,-123.581078,824,0,18.666666666666668,4.352823826931362,4.6,3.7954891891721947,7.111104202968168,42.76393831553973,12.016666666666666
pseudo.14285,41.559058,-122.263962,1107,0,18.46666666666667,4.14973501015041,1.7333333333333332,3.7256934272366524,6.399426535414734,44.10919540229886,15.350000000000001
pseudo.16166,35.085736,-120.143188,336,0,23.78333333333333,4.489826615158721,9.666666666666666,1.5040773967762742,6.211603589401893,49.34486373165619,15.691666666666666
pseudo.17499,40.165011,-120.73716,2083,0,15.233333333333333,4.385787254059999,0.20000000000000004,3.481240089335692,6.810693566139006,42.95929592959296,13.016666666666666
pseudo.11040,32.894763,-116.68045,730,0,23.28333333333333,4.396918053969791,10.200000000000001,2.917770732084279,6.1301389417957415,53.31715210355988,16.475
pseudo.18245,38.456175,-120.431305,1142,0,21.316666666666666,4.4238137577334316,5.183333333333333,3.3843902633457743,7.145590379039336,45.24539877300613,14.75
pseudo.1411,38.295249,-119.998032,1627,0,18.7,4.325336223702389,2.8166666666666664,3.7256934272366524,6.938769332511306,46.10256410256411,14.983333333333334
pseudo.17274,40.701278,-123.866013,253,0,18.51666666666667,4.365437542386756,7.133333333333333,3.56953269648137,7.32679450711742,51.25968992248062,13.225
pseudo.2690,40.569921,-123.73819,1026,0,18.833333333333332,4.357968000146497,4.733333333333333,4.22683374526818,7.716238058221987,44.50483091787439,12.283333333333333
pseudo.2311,34.260117,-118.249687,1005,0,23.55,4.496694521049222,9.733333333333333,2.2512917986064953,6.372466183037772,44.587945879458786,12.083333333333332
pseudo.11325,40.179727,-120.402634,1389,0,18.166666666666668,4.139134352748594,0.4666666666666666,3.597312260588446,6.067267510523482,44.78885893980234,16.616666666666667
pseudo.13662,42.423227,-124.302689,851,0,17.25,4.287302012737992,5.416666666666667,5.144583266605995,8.237347004732232,43.64224137931035,10.125
pseudo.6174,34.815232,-117.434616,826,0,26.116666666666664,4.207551451505848,7.683333333333333,2.0149030205422647,4.757891273005756,45.08771929824561,17.133333333333333
pseudo.4719,42.07702,-122.034584,1405,0,15.85,4.031873449186134,-0.5499999999999999,4.034240638152395,6.424058322604399,42.58982035928144,14.225
pseudo.2143,43.621999,-122.973694,866,0,17.816666666666666,4.149541561239849,4.233333333333333,4.7140245909001735,7.457897765125078,42.07858048162231,11.066666666666666
pseudo.5319,41.507668,-122.616508,1377,0,18.616666666666667,4.293618693226136,1.9166666666666667,3.979681653901961,6.730421263699221,39.01273885350319,12.25
pseudo.1940,39.013411,-122.567459,369,0,22.75,4.562031044976284,6.816666666666666,1.8718021769015913,6.496020557860377,47.39732569245463,16.541666666666668
pseudo.9937,33.117067,-117.213936,207,0,21.700000000000003,4.448793883938008,12.566666666666668,1.8718021769015913,5.8650506222523235,56.25,13.275
pseudo.2758,36.982301,-121.331627,451,0,21.45,4.499563141521049,9.116666666666667,2.0149030205422647,6.221583712158617,52.89351851851852,15.233333333333333
pseudo.17450,33.952925,-117.973923,173,0,23.400000000000002,4.540540831573558,13.216666666666667,1.5040773967762742,5.847882818629958,55.006587615283266,13.916666666666666
pseudo.6599,44.615155,-123.214081,69,0,18,4.269205557986498,5.083333333333333,4.182050142641207,7.000790144949327,45.094339622641506,11.950000000000001
pseudo.13731,41.111982,-122.237152,1025,0,21.483333333333334,4.4098084070852295,3.983333333333333,3.7727609380946383,7.438089369136171,40.64064064064063,13.533333333333333
pseudo.4721,42.80007,-123.65274,656,0,18.716666666666665,4.290632195648755,4.95,3.8815637979434374,7.044469102297959,44.583333333333336,12.483333333333334
pseudo.3799,40.324651,-123.339165,1360,0,19,4.469398630113399,3.6333333333333333,3.6506582412937387,7.510156846235337,42.64367816091954,12.366666666666667
pseudo.9034,33.570925,-117.415627,795,0,23.683333333333337,4.463317435539463,11.85,2.1400661634962708,6.050912005751402,47.13333333333333,11.783333333333333
pseudo.2253,38.660082,-122.507088,452,0,22.066666666666666,4.575145811960789,7.8500000000000005,2.1400661634962708,6.957972995142755,46.22222222222222,13.866666666666667
pseudo.19818,40.583925,-121.213463,2015,0,14.616666666666667,4.1901700329350975,-1.2000000000000002,3.9219733362813143,6.739928168338635,43.101711983887206,14.266666666666666
pseudo.2506,36.24663,-118.424065,2503,0,13.983333333333334,4.451372809864093,-1.0333333333333334,3.3141860046725258,6.599189995613932,43.35548172757475,13.049999999999999
pseudo.3410,44.657332,-122.79319,100,0,17.733333333333334,4.082043034114186,4.933333333333334,4.600157644164547,7.08631978689838,44.905660377358494,11.9
pseudo.6321,41.554969,-123.371788,1714,0,17.783333333333335,4.423782285270875,1.4666666666666668,4.212127597878484,7.758547028623596,35.03649635036496,9.6
pseudo.9529,36.552084,-117.47197,2097,0,20.45,3.687871757436556,2.016666666666666,3.676300671907076,5.519458915191573,36.677115987460816,11.7
pseudo.12692,36.176821,-120.430916,367,0,24.133333333333336,4.477048956379211,8.25,1.252762968495368,5.581614840681993,48.267790262172284,17.183333333333334
pseudo.7444,41.205529,-123.49485,805,0,21,4.399975776235213,5.183333333333334,4.0163830207523885,7.467085311807743,44.53933747412008,14.341666666666667
pseudo.11696,43.139186,-122.126892,1633,0,13.049999999999999,4.2369678620826665,-1.3333333333333333,4.375757021660286,7.167423604978719,46.47027600849257,14.591666666666667
pseudo.15364,38.939584,-123.269882,700,0,20.483333333333334,4.511669181952158,7.666666666666667,2.4423470353692043,7.224389173383686,46.85473411154346,12.041666666666668
pseudo.7307,43.552243,-124.127495,28,0,15.933333333333335,4.266146093745488,6.983333333333333,4.52720864451838,7.462502089806056,51.847290640394085,10.525
pseudo.14546,43.226007,-122.19117,1542,0,13.966666666666667,4.195609197343643,-0.6999999999999997,4.4942386252808095,7.1963119688445785,45.211038961038966,13.925
pseudo.14394,40.540742,-123.10215,1014,0,19.416666666666668,4.411334876822869,3.35,3.3141860046725258,6.9541616517962925,45.298507462686565,15.175
pseudo.4011,34.232431,-116.714294,2398,0,15.116666666666665,4.264964340782829,-0.06666666666666687,3.6506582412937387,6.392754283805666,47.15384615384615,15.325
pseudo.13555,40.053339,-121.300293,1858,0,17.283333333333335,4.412078437450126,1.7,3.901972669574645,7.55825588482061,41.2037037037037,12.608333333333333
pseudo.246,39.984902,-123.881081,415,0,18.316666666666666,4.44927045220356,8.1,3.5409593240373143,7.4416136018587,55.04742547425473,13.541666666666666
pseudo.3897,40.28267,-123.773666,458,0,20.2,4.426447844235074,7.483333333333334,3.2386784521643803,7.289269166267788,49.58920187793427,14.083333333333334
pseudo.17472,35.089308,-118.317375,1257,0,23.166666666666668,4.468717252954717,6.05,2.3513752571634776,5.654242029096065,39.47089947089946,12.433333333333334
pseudo.15600,33.505408,-116.633347,1179,0,22.2,4.164461512621711,7.283333333333334,3.481240089335692,5.941486177301741,49.89837398373983,16.366666666666667
pseudo.18634,40.784401,-122.033714,674,0,23.8,4.350198427090532,6.916666666666667,3.8815637979434374,7.328108999584052,42.9130009775171,14.633333333333333
pseudo.9275,41.378369,-122.323341,1385,0,17.233333333333334,4.2980913750644705,1.2500000000000002,3.8394523125933104,6.92706759001451,42.51282051282052,13.816666666666666
pseudo.9291,33.718591,-116.532104,410,0,27.983333333333334,4.246943761604614,11.300000000000002,2.3513752571634776,5.382198850528739,50.29358626919603,18.558333333333334
pseudo.2528,43.727094,-124.0877,106,0,15.366666666666667,4.2517253903876675,6.650000000000001,4.658710952916121,7.525370396929645,51.503436426116835,9.991666666666667
pseudo.16656,44.228589,-123.255737,97,0,18.233333333333334,4.243972068796377,5.233333333333333,4.22683374526818,6.991636762962839,44.5879458794588,12.083333333333334
pseudo.8878,40.326365,-121.596947,1508,0,17.25,4.325238667200225,1.4666666666666668,4.051784947803305,7.269268499561119,43.3488612836439,13.958333333333332
pseudo.13594,43.264715,-123.382324,248,0,18.383333333333333,4.257350742402135,5.283333333333333,3.901972669574645,6.792905437303195,47.13356973995271,13.291666666666666
pseudo.9629,36.121275,-118.474091,1783,0,17.666666666666668,4.458516262579285,2.3666666666666667,3.2771447329921766,6.531606225208026,45.78252032520326,15.016666666666667
pseudo.1773,33.897583,-117.022057,618,0,24.633333333333336,4.301021038166574,10.633333333333335,2.917770732084279,5.839187111662404,52.259036144578324,17.35
pseudo.12560,43.650752,-121.632561,1464,0,14.183333333333332,4.163838713290543,-1.3833333333333335,4.051784947803305,6.3910792415379705,44.76686507936508,15.041666666666668
pseudo.15053,37.156691,-119.856255,199,0,25.51666666666667,4.456701283642863,8.333333333333334,1.7047480922384253,5.839187111662404,45.81018518518519,16.491666666666667
pseudo.3461,41.073327,-123.928757,297,0,18.516666666666666,4.352145041406523,7.6499999999999995,3.960813169597578,7.500805843003797,52.10884353741496,12.766666666666666
pseudo.8124,34.817282,-119.053055,1714,0,18.650000000000002,4.538681285467999,2.966666666666667,2.0149030205422647,6.166467723094256,46.747967479674806,15.333333333333334
pseudo.1865,39.879197,-120.251511,1912,0,15.733333333333334,4.1302677496492235,-0.8500000000000001,3.8394523125933104,6.3035343076165935,45.560303893637226,15.991666666666667
pseudo.11272,33.515874,-117.133362,354,0,24.133333333333336,4.483339080497621,11.633333333333333,2.1400661634962708,5.906723318652891,54.419595314163985,17.03333333333333
pseudo.670,36.470019,-117.488846,888,0,28.46666666666667,3.831616586651382,7.916666666666667,2.6741486494265287,4.757891273005756,39.533861037818824,14.983333333333334
pseudo.15456,37.955768,-119.801582,1683,0,17.599999999999998,4.339935455423287,2.4000000000000004,3.5409593240373143,6.887042237384596,47.24818276220145,15.166666666666668
pseudo.12347,35.056002,-117.780151,724,0,26.833333333333332,4.301520908132262,7.5,1.7047480922384253,4.757891273005756,43.58974358974359,17
pseudo.1951,40.722789,-121.1558,1752,0,15.933333333333332,4.056535080950389,-0.7333333333333333,3.7013019741124933,6.275703197782002,44.70973782771535,15.916666666666666
pseudo.13127,40.364309,-123.738991,393,0,19.95,4.409413272674803,7.2,3.5115454388310208,7.329421766428309,49.46996466431096,14
pseudo.19060,34.193719,-117.362137,524,0,24.5,4.47155750785943,11.65,2.803360380906535,6.3216671707156,51.03121516164994,15.258333333333333
pseudo.15778,36.002522,-116.687828,1004,0,28.53333333333333,3.7071824972250997,8.166666666666666,3.1135153092103742,5.0271645960474665,38.89645776566757,14.275
pseudo.17423,36.987437,-119.71714,98,0,26.133333333333336,4.428763757940366,8.616666666666667,1.7047480922384253,5.744604469176457,45.214752567693736,16.141666666666666
pseudo.14007,40.497755,-122.823166,1093,0,21.116666666666667,4.364023664758904,4.1499999999999995,3.597312260588446,6.952250518868688,36.89293598233995,11.141666666666666
pseudo.12582,34.432369,-119.823868,6,0,18.166666666666668,4.561145448029462,11.583333333333334,1.252762968495368,5.912150740388256,60.63829787234044,11.4
pseudo.10772,40.758116,-123.345459,876,0,20.516666666666666,4.412642110260532,4.05,3.56953269648137,7.190299173577794,44.394394394394396,14.783333333333333
pseudo.9946,32.916874,-116.831474,989,0,23.416666666666668,4.398569296761462,11,2.917770732084279,6.158037746933798,54.530201342281885,16.25
pseudo.3944,40.388917,-124.170486,798,0,18.400000000000002,4.348415645927165,7.166666666666667,3.9219733362813143,7.549872288429303,48.01762114537445,10.9
pseudo.16077,33.63299,-117.759315,130,0,22.116666666666664,4.4725951755349875,13.116666666666667,2.0149030205422647,5.718671087149952,55.88023088023088,12.908333333333333
pseudo.19104,42.276506,-124.082909,284,0,19.383333333333333,4.293850246899341,5.866666666666667,4.629862798578463,7.815812205929189,46.609195402298845,13.516666666666666
pseudo.12741,38.299654,-120.4291,1080,0,21.71666666666667,4.419411907072858,5.349999999999999,3.3141860046725258,7.021530293240982,44.13291796469366,14.166666666666666
pseudo.17142,39.211292,-119.122032,1743,0,19.900000000000002,3.1921206364499084,0.9833333333333333,3.6506582412937387,5.3867860145356445,41.21743036837376,15.291666666666668
pseudo.221,35.440741,-120.352882,467,0,21.616666666666664,4.47209131750791,8.15,1.7047480922384253,6.1301389417957415,54.383429672447015,18.816666666666666
pseudo.12855,38.71521,-122.960556,114,0,20.766666666666666,4.558468865756269,8.549999999999999,2.2512917986064953,6.939738324835187,53.888888888888886,16.166666666666668
pseudo.271,33.809918,-117.436417,454,0,24.2,4.407353988529656,11.616666666666665,2.4423470353692043,5.66815529701305,53.31161780673182,16.366666666666667
pseudo.4757,42.477964,-123.132362,595,0,19.566666666666666,4.274391986943849,4,3.6506582412937387,6.563150059130735,42.93419633225459,13.266666666666667
pseudo.3324,43.642358,-122.669785,705,0,17.71666666666667,4.151749517288293,3.8333333333333335,4.66814498514948,7.388637026375056,43.3030303030303,11.908333333333333
pseudo.11495,42.386648,-123.411537,324,0,20.216666666666665,4.3721469873952,4.633333333333333,3.449987545831587,6.670132406403093,47.43202416918429,15.7
pseudo.8327,41.058626,-122.279976,955,0,22.083333333333332,4.4121381823793575,4.3500000000000005,3.979681653901961,7.623397537369454,39.80923694779117,13.216666666666667
pseudo.10880,43.315011,-124.318779,11,0,14.883333333333333,4.27967078749878,7.466666666666668,4.375757021660286,7.375569012154837,53.420038535645475,9.241666666666667
pseudo.798,38.442147,-120.658432,691,0,23.400000000000002,4.411106601052371,6.966666666666666,3.0204248861443626,6.792905437303195,44.43597560975609,14.575000000000001
pseudo.201,35.227653,-119.174561,95,0,26.933333333333334,4.326440088567069,9.033333333333333,0.4054651081081644,4.987025428457122,42.43075453677173,14.808333333333334
pseudo.2618,38.9356,-120.298462,2017,0,15.483333333333334,4.311161314652414,-0.2333333333333334,3.9415818076696905,7.2502805873164275,41.96525515743757,12.883333333333333
pseudo.268,38.657547,-123.216209,323,0,19.75,4.517444719910681,8.416666666666666,2.740840023925201,7.21340005180809,53.7037037037037,14.016666666666667
